y_true,y_predict
8.90999984741211,11.866005853620514
0.449999988079071,8.865753816215507
2.54999995231628,7.193553105738672
-38.8139991760254,-75.95731663815012
0.0,19.60826135551297
39.2999992370605,18.107591891626917
5.21640014648438,7.464980466902935
6.56879997253418,14.907934374662856
38.023998260498,25.379820718053153
22.7999992370605,15.679349816440016
41.2620010375977,-5.1108514033079455
13.7861995697021,-1.2514867267222662
41.6399993896484,38.163114243460726
6.17999982833862,30.250744967700278
16.6200008392334,22.358408605673517
26.0568008422852,13.92038881491275
0.0,-2.59738033715988
0.990000009536743,12.277534690147105
-14.378999710083,6.92851845350169
27.3167991638184,26.328825801629065
17.3376007080078,12.519933363619852
-10.2600002288818,-18.765117469721183
-57.9599990844727,-64.8064632455938
-14.0928001403809,-22.01377116367165
-26.7329998016357,-33.04221329859165
142.080001831055,58.80840332008435
-0.675000011920929,7.900300684586037
78.9599990844727,94.60724310514186
15.2639999389648,5.24245511119421
85.1999969482422,148.41650073732782
164.996994018555,91.50666546567928
30.7859992980957,8.548725805228795
41.2019996643066,13.039622947712271
12.0600004196167,12.235230989558291
28.0799999237061,21.248466855963976
61.6199989318848,89.01782346665044
39.9599990844727,26.84109134905669
2.30999994277954,-15.647939173494086
74.9749984741211,81.83312158398846
-45.9953994750977,-46.198540621020754
128.160003662109,60.82805537885757
0.239999994635582,8.933548885742367
3.67840003967285,-0.9629060482346024
53.0438995361328,50.260942538264864
-3.97199988365173,-10.220735334612998
6.09999990463257,15.066465871686303
5.46000003814697,10.206476851378074
-75.5719985961914,-36.55907186886492
-35.6720008850098,-28.888168420663433
1.66799998283386,15.014392866512434
-87.7360000610352,-153.11893124174685
31.085599899292,14.850030224361184
24.9599990844727,15.833762538433092
-4.36800003051758,-10.079852512256023
-33.1040000915527,-56.62034251899502
13.7427997589111,13.90352986676131
6.79150009155273,9.605637664672802
25.1200008392334,66.45960289367879
-132.52799987793,-101.22216115063127
73.3679962158203,43.1620227222692
4.92000007629395,9.796085048968587
146.339996337891,72.7987533705139
-266.183990478516,-172.83007873619763
131.580001831055,23.12019216856535
35.7000007629395,23.0819330885413
-27.5400009155273,-28.57197774564898
11.6999998092651,17.29185555727995
4.38000011444092,8.089434221450448
-2.03999996185303,-6.991851884676359
1.5,7.586192264079557
16.3799991607666,75.5449255588373
7.66800022125244,15.492143840406357
2.66400003433228,9.28228119183507
-19.6650009155273,31.936633097588285
19.4220008850098,9.066943114925664
33.9000015258789,96.3000996483916
-17.7119998931885,-22.605998630301755
32.6627998352051,-9.64248686752101
8.85599994659424,43.29430353132883
20.0851001739502,20.307191574194633
1.86880004405975,0.916891380762161
2.93720006942749,15.058418515888961
68.9759979248047,49.572676454278024
1.19700002670288,3.1021089146912786
3.24000000953674,10.695993786480651
18.2112007141113,20.162788735864275
24.8199996948242,-113.89060138632023
-306.600006103516,-169.82808566057747
49.5,23.418381416671135
29.9699993133545,22.691398320022437
3.11039996147156,11.681779825910539
115.185997009277,83.87802350384916
10.3472995758057,67.09951357005211
66.073600769043,57.552036229173545
11.8800001144409,15.805145926611019
7.67999982833862,31.0149364858423
3.18400001525879,-9.511222998492249
-139.608001708984,-55.72675230171157
73.3499984741211,84.08987866205538
38.2200012207031,25.808912869745505
0.449999988079071,8.943976242605162
1.20000004768372,37.910065298887645
73.4400024414063,59.57655104281712
126.120002746582,141.50538338681557
1.08000004291534,7.539612904482343
31.0200004577637,36.248791568107876
0.933600008487701,39.53466506237563
5.06879997253418,12.77142002401311
1.72479999065399,4.904698217576406
-176.544006347656,-82.592854085274
10.0200004577637,17.510769802102367
-229.195999145508,-72.33793737277445
7.60500001907349,10.633545091648982
8.86079978942871,12.164535294531015
3.96000003814697,9.607279453282136
4.13880014419556,-1.559480600216471
53.9819984436035,26.845453951081332
4.32000017166138,11.36939577557512
65.1284027099609,59.212484381868435
35.0973014831543,91.87122455964696
0.0,66.97207837733866
17.1000003814697,27.64799162385154
8.45639991760254,22.15633048454354
-18.3600006103516,-15.76946355031455
4.1399998664856,22.228575096726523
27.2411994934082,34.05518925078873
-6.80000019073486,-17.900953601265662
8.27999973297119,75.31536583900805
26.7199993133545,16.635224081390312
3.69000005722046,10.254509270985427
56.742000579834,29.018939530784266
-1.31040000915527,-9.857818171530239
83.450798034668,34.55472466058424
-8.59739971160889,-13.783649947539464
10.7639999389648,16.206267009857974
7.47520017623901,0.8624335286419562
-15.2639999389648,-8.997531768136456
13.1999998092651,9.743973399927537
5.22720003128052,2.34937277936236
8.32680034637451,5.29851662944238
0.360000014305115,13.283771614338448
5.88000011444092,10.646772318030308
3.45000004768372,7.2995159973050505
2.09999990463257,10.113690984269248
8.82750034332275,5.355503461629868
-12.0064001083374,-25.684057758257246
36.3600006103516,36.18348916090799
17.2199993133545,10.024107662659073
19.5300006866455,14.333312284533996
17.7299995422363,10.444310851910998
-45.0419998168945,-58.49504087852533
136.080001831055,126.28531433856854
5.48400020599365,8.721095024652486
18.6840000152588,12.59528068477327
55.0800018310547,87.99785063059912
19.7999992370605,29.115485624237188
6.21736001968384,-55.189945909136995
42.8400001525879,140.3574902315515
19.5300006866455,11.660516137325656
6.59999990463257,11.181412303470506
3.21000003814697,5.434906696345088
-20.2800006866455,-14.409518771918803
17.5200004577637,20.64738907627239
10.1999998092651,46.610447067982875
8.81999969482422,14.196910214077896
-24.0319995880127,-14.581922673454828
32.6399993896484,31.300763539868527
-3.28800010681152,-3.038955623188162
0.540000021457672,11.32023353809435
3.92479991912842,10.896393740239349
71.4599990844727,33.63220211400918
-24.1919994354248,-12.427074291163537
43.6800003051758,23.598201197998506
11.4079999923706,-12.589199053042298
33.1199989318848,51.32669968296008
29.9808006286621,39.88761813582253
48.9000015258789,20.852994850102284
0.479999989271164,9.76320580705211
18.4799995422363,12.676914167458865
96.4160003662109,66.7718517643977
4.00400018692017,-0.21316809815452586
30.5400009155273,24.97139866815093
-24.9683990478516,-36.261154062971464
35.8800010681152,19.81819797028654
128.729995727539,96.24936898060538
6.11999988555908,6.807592500629564
19.6919994354248,22.54215597335216
79.7580032348633,78.94751251967742
6.79659986495972,14.400840927516334
1.57599997520447,13.357149756493776
31.7000007629395,19.067503614489162
48.9645004272461,62.00198048022313
18.6623992919922,23.302769652962667
50.5632019042969,49.598647592143145
14.2200002670288,9.364478733528502
74.3399963378906,39.550516484121694
4.23360013961792,8.469182018868963
14.9040002822876,14.58538577110786
12.4680004119873,6.565240290531075
14.2200002670288,36.82887388384951
3.05999994277954,13.70344651345618
1.28519999980927,-7.645273466315734
-12.4320001602173,-25.12468538271075
37.3499984741211,31.02729611818652
-9.71759986877441,-42.06385866487719
3.96000003814697,16.87873421537712
4.61999988555908,15.51847203052455
-82.2959976196289,-54.3800725053874
2.67899990081787,7.580030747213981
2.19000005722046,1.7902169435515294
75.9924011230469,48.085240483657074
20.0599994659424,48.54194953448469
9.74380016326904,11.67703704556385
2.48000001907349,9.914196582564115
8.5600004196167,7.875407152699205
22.6800003051758,18.971072069256017
5.3600001335144,8.966470876835135
1.47420001029968,7.387557262694562
13.5200004577637,42.52665608201589
-69.75,-49.785391024875736
-1.01999998092651,-0.4425810017513978
-83.879997253418,-47.16441955240485
-7.19999980926514,-3.957214241721065
24.6240005493164,3.2943501342900374
-0.330000013113022,-2.963209827333694
0.360000014305115,8.62084475763565
29.8199996948242,19.262387425525926
3.77999997138977,9.391599463733556
-2.00160002708435,-1.2041397642545828
60.8832015991211,48.186596362233786
5.53410005569458,11.258091771103397
24.4699993133545,20.818106526002857
5.44320011138916,8.312773278496078
4.01999998092651,9.486141925338222
53.5499992370605,7.83118122193883
-22.9799995422363,-25.133654872534493
-308.496002197266,-159.66065401045708
2.29500007629395,6.276831803358721
5.95499992370605,-14.642556681436924
-2.91599988937378,-52.3413355618043
-20.8619995117188,-33.01719545614456
18.9599990844727,21.158170159384973
6.51200008392334,7.6894150004325805
194.399993896484,3.1541634825584364
28.7099990844727,16.68241226513885
102.944000244141,128.92441537399404
20.5799999237061,34.614033884701804
105.980003356934,140.3834514240726
-19.6319999694824,-23.758181590644796
-2.68799996376038,-3.483538007239501
2.75999999046326,31.766645576848653
41.7060012817383,37.74385692890755
57.2400016784668,46.818580497156006
2.8199999332428,6.376438857948611
30.5088005065918,32.23025610752114
59.4355010986328,17.531779970117867
0.0,12.249182302509665
8.57999992370605,25.419070237855333
25.2000007629395,29.006050803161237
3.24000000953674,7.978682543573063
10.7964000701904,21.250817707677236
-27.0960006713867,-61.48404415835789
3.26999998092651,11.66908191618688
10.8135995864868,3.4650620904702514
15.2399997711182,28.942307074849282
11.2839002609253,-11.841766712937387
11.5536003112793,8.390323668290645
18.0900001525879,27.56341704238185
14.1479997634888,12.38408084397751
8.33279991149902,1.5951286366524382
20.2485008239746,5.352066531026458
2.40000009536743,7.191076734868432
12.0903997421265,18.417478867466244
5.21640014648438,8.677736232033666
-47.7779998779297,-74.50385885177694
23.0100002288818,22.914827889382416
11.5971002578735,21.274888058881928
-180.167999267578,-152.32233257459194
-52.8300018310547,-27.873636575896356
-12.2849998474121,-13.653395837553708
0.0,0.9154045541264235
6.16499996185303,17.424456398361986
-7.03200006484985,-24.732567692626077
-57.7799987792969,-30.49396161574095
0.839999973773956,11.365169728938353
-11.3400001525879,-14.959001487438803
-11.9250001907349,-23.601655156417927
-24.2399997711182,-16.634477453724756
-20.7845993041992,0.8509783367164214
24.1200008392334,14.365564329133138
116.389999389648,86.49324036290956
32.3350982666016,23.39954769602994
42.0,50.93598969735223
-9.56999969482422,-15.08938029153983
6.3503999710083,13.477708242002784
-3.83400011062622,7.334157119065893
3.53999996185303,10.61973815487575
9.09000015258789,8.123568036546146
-44.5519981384277,-30.87144497467616
39.3899993896484,33.43202156848126
70.1999969482422,39.23234189668307
18.6720008850098,11.537985829772737
3.86999988555908,72.40294161575066
-1.84200000762939,6.004463214968769
4.55999994277954,29.979020183377337
-5.55000019073486,-90.67507150792427
30.4449996948242,27.115511814774756
46.7999992370605,26.55089164120247
23.8500003814697,18.099747162259543
-12.878399848938,-10.165275408384362
107.040000915527,89.81448591188517
-5.7960000038147,-13.622543435704893
64.8450012207031,24.325680769496138
2.33999991416931,6.020452909440614
33.3899993896484,28.717856783533037
181.979995727539,107.5675962090953
-32.4480018615723,-65.31746653759349
104.48999786377,110.55679868183543
6.15000009536743,17.377630401135427
-69.0,-120.01386453974992
20.5200004577637,10.288022935326337
26.0400009155273,20.466322352037356
4.5447998046875,15.763958126026843
25.2000007629395,27.43604921640768
164.699996948242,92.75649188456352
0.695999979972839,-6.567906222597246
31.8892002105713,29.195485613752815
2.19000005722046,0.9062931011778321
8.9399995803833,9.591799417956715
8.87839984893799,76.0528363037425
7.67999982833862,10.506417668335416
13.6800003051758,11.222513812684664
-68.7600021362305,-39.834199969591424
14.1599998474121,27.196386567339587
2.66000008583069,6.844972712633499
-6.94799995422363,-10.594128585368187
7.97240018844604,5.241432600883173
3.48000001907349,14.724279611415003
9.63000011444092,10.224317228802885
12.1199998855591,11.917917554352417
0.75,8.04861284372175
1.25999999046326,8.593245658059542
0.899999976158142,10.841778675297244
13.8599996566772,13.796789999166947
1.64999997615814,8.356572923344402
10.0109996795654,18.089210677923695
9.30000019073486,13.461231787739097
7.1399998664856,9.006670680898907
4.34999990463257,11.055619091778455
-184.731002807617,-109.24698138580032
-2.06800007820129,-5.095128304443088
8.71380043029785,14.944566907656084
-7.63199996948242,-15.929734347123583
78.752799987793,78.2517836915696
5.48960018157959,8.338607173601298
-24.3360004425049,-57.53710825764537
10.2480001449585,12.890932410843517
9.7608003616333,15.67987837588498
5.07000017166138,4.109986038487314
6.71999979019165,23.134514251123694
-6.31199979782104,-18.37604331062839
21.7800006866455,41.32699571939214
39.0660018920898,34.266135998493446
6.79659986495972,12.818580508173136
32.3400001525879,21.043256757097637
-23.3880004882813,-32.69960913506105
134.529998779297,125.2325027674938
36.6599998474121,26.049456606165975
22.2000007629395,14.091836409353862
-8.73600006103516,-9.948126905057153
161.160003662109,69.08990309701873
-7.82399988174438,-11.75061178330247
0.180000007152557,7.64683431559539
13.7600002288818,10.942701810944387
-498.347991943359,-253.6846660382053
24.3269996643066,14.514892635178281
2.95619988441467,7.36875831670598
3.59400010108948,1.9705267210526518
45.3695983886719,94.15074681773811
4.80000019073486,9.044427706118139
2.97000002861023,11.567808327953738
103.818000793457,68.33458956567702
-3.35999989509583,-15.838687124122101
-39.4679985046387,-56.63787847426468
8.02200031280518,10.613705505145923
-72.9960021972656,-59.92596992676768
50.9081993103027,41.52786272417181
62.9700012207031,32.65808202870279
4.65000009536743,7.199270393168705
-0.540000021457672,6.805507552136437
24.1200008392334,59.17068366804794
11.4300003051758,10.295772784280794
56.5200004577637,130.75584337860772
4.58160018920898,8.498742191913514
0.0,14.015115012891581
6.75600004196167,19.997297112854483
154.320007324219,127.83707712408605
3.85199999809265,12.678202333327313
54.7200012207031,31.578016559116286
41.4000015258789,26.458489902561183
3.47499990463257,6.211078390655598
63.3600006103516,46.14481377811036
26.3911991119385,23.14674106905222
36.2939987182617,80.86031957437622
10.6428003311157,16.65452021608561
35.3345985412598,29.170641308125873
46.5299987792969,46.84461556818131
11.9399995803833,8.690673348735508
107.879997253418,41.37394376634056
17.9549999237061,10.469884155722204
8.05480003356934,18.27375065002216
6.57539987564087,11.045376146637262
11.8584003448486,20.075232186509133
0.985599994659424,2.132480511282859
9.53999996185303,13.214356528946475
6.45839977264404,10.906638433782263
15.5288000106812,21.0547095638564
4.19999980926514,19.90090831322088
32.5859985351563,11.206423560455095
13.9200000762939,20.474861621572707
27.0799999237061,11.442893402902435
20.5599994659424,12.002378907762095
30.5100002288818,25.45031675360773
32.6399993896484,22.97025807342765
-160.707992553711,-53.22774347573465
107.72200012207,76.42551449832966
29.7600002288818,25.891069196002427
9.81599998474121,37.98890918380071
12.2309999465942,17.906729157207643
5.69999980926514,9.125713997507653
6.88000011444092,7.7251032416811665
17.5240001678467,12.758460488465543
-4.29869985580444,-4.468847892748055
15.3780002593994,20.176043557425967
4.01999998092651,8.172495518930821
93.3600006103516,49.481812047664306
-18.5261993408203,-21.898918781066413
6.14879989624023,5.313778509933183
4.8600001335144,15.152349041191602
5.02199983596802,8.71680199357359
0.360000014305115,13.556331985666846
22.9953994750977,3.887388555360471
6.92999982833862,40.0999553160906
4.98000001907349,4.708834163137822
3.98309993743896,10.293168631070982
-4.65999984741211,-40.441341744347255
13.3056001663208,15.428378372684342
95.0400009155273,69.84737179945819
12.1199998855591,10.961483955330406
-21.8099994659424,-50.52475701590307
6.22079992294312,14.857512473599748
-5.48400020599365,-1.868594861037936
-322.272003173828,-177.66234140363989
208.320007324219,102.97863745073876
14.5637998580933,8.629121540292203
11.1840000152588,7.9790232646777834
19.9200000762939,34.46582500921504
16.0,14.429254104464317
32.7599983215332,71.59468249313811
2.40000009536743,-25.573162626088696
2.88000011444092,9.799012635983175
25.2213001251221,32.19120513425682
1.60000002384186,6.380300844977711
61.439998626709,77.64973453632763
-25.6439990997314,-15.080560495822583
79.2957000732422,119.44242921975865
0.479999989271164,8.307270777360873
41.1332015991211,79.00043146966108
57.75,33.765668010409584
-9.7608003616333,-10.427725905206033
-26.6352005004883,13.928850169883496
-10.2419996261597,56.098969852424005
159.839996337891,91.48539746325403
31.0799999237061,49.93605383937434
26.8950004577637,-58.30067366366109
1.20000004768372,8.305297562111635
33.3600006103516,56.7998238983745
18.3920001983643,-82.18118708950455
14.5799999237061,10.097760862111151
1.86000001430511,25.2638362365609
34.2924995422363,26.47352559091189
1.67999994754791,7.029453030769234
2.36999988555908,13.65471082293393
31.6000003814697,22.578292777588256
4.46040010452271,10.473754567517238
13.4099998474121,11.379307467475098
-131.850006103516,-101.98792698682352
7.69999980926514,0.2559925831110892
4.03380012512207,7.9865762727594465
-24.9120006561279,-35.33645574319464
0.119999997317791,7.942341235750792
2.88000011444092,23.814752055322614
-5.30999994277954,-15.94376000826936
-105.660003662109,-90.4971947944543
10.8000001907349,9.946728488308818
81.1734008789063,81.94391632787818
61.0499992370605,52.68052661008407
-62.0999984741211,-39.7325605807831
-20.7845993041992,-0.481008817188199
-1.2150000333786,-22.627728248659594
57.4000015258789,50.25537041835709
8.69400024414063,10.636411016872081
1.91760003566742,12.076601225796994
0.307000011205673,2.4322269259895197
3.68479990959167,7.3673856799152375
30.0300006866455,89.33192993677267
-81.4499969482422,-42.870080951166955
3.69359993934631,2.336131621615083
5.16480016708374,13.682069894556161
21.0128002166748,21.910727407309555
14.6400003433228,25.905484183629532
-11.5176000595093,3.7123430772529
19.827600479126,25.49911106216814
30.8700008392334,23.32487110020042
3.86999988555908,7.475493691310667
52.4900016784668,33.487809172819176
7.08540010452271,14.98019562676458
0.0,7.034460642495883
8.36999988555908,9.742669354020832
12.874400138855,0.9180556090768679
8.21560001373291,18.49848279229259
9.61919975280762,14.48526504565661
57.5928001403809,40.41495558870379
3.79900002479553,8.633382852010149
33.5519981384277,18.142644821941175
32.2513999938965,27.012539412792982
31.5599994659424,33.51370165169834
-3.59999990463257,-14.28029627186086
11.625,13.778640299982348
0.479999989271164,10.620193609967236
5.7960000038147,9.302713935146965
43.9199981689453,19.555112525687377
25.4699993133545,23.846634485473615
-111.690002441406,-87.85753874025733
28.0799999237061,23.635276046216273
-2.06220006942749,6.089564230401655
-4.646399974823,-11.517116173891205
-1.81060004234314,-6.1933439609041425
6.83879995346069,14.485316451809041
2.21099996566772,6.384746733458406
-2.28480005264282,-7.45800704676463
4.92000007629395,8.576536726714085
-395.640014648438,-212.62172751458513
3.1800000667572,7.978020413993352
27.2700004577637,21.452555569015004
60.0299987792969,45.50089846048829
-104.304000854492,-53.64220120212171
32.4900016784668,25.558165710058624
35.6399993896484,36.698638113194505
52.439998626709,34.35676518880084
36.1800003051758,61.555504120517554
8.25,11.2456402257819
35.9199981689453,21.626485773204898
37.6422004699707,26.4080555872482
-193.055999755859,-84.53901189619582
9.77999973297119,15.141962752472661
39.75,28.46958253344728
2.92000007629395,7.060837793408634
6.07999992370605,9.440111320276905
-8.80500030517578,-16.84615612001801
2.40000009536743,47.323759616623114
64.6399993896484,64.36760053271867
188.850997924805,95.37559192767475
14.9399995803833,36.02585251863749
-48.2999992370605,-21.37628659870409
40.1702003479004,29.97200431802986
76.2300033569336,50.034060528835184
-215.100006103516,-67.27783743486113
74.879997253418,95.29707363947963
38.6399993896484,22.521846806672507
13.6000003814697,14.0247832849117
24.7800006866455,20.162000502908768
-39.6599998474121,-24.24026969715935
44.5499992370605,32.745522875430346
3.51999998092651,11.785552111107835
100.800003051758,58.79950694337286
-3.53399991989136,10.602418537965676
-41.4480018615723,-41.000006923721784
-69.2099990844727,-98.41649973736813
-174.240005493164,-127.34479924557088
8.1899995803833,12.60039131596038
25.6800003051758,71.14950362431276
-95.879997253418,-84.05529723767474
3.4047999382019,2.231850290465795
28.4363994598389,-11.958511777432525
34.8138008117676,-30.38730477255735
12.0978002548218,2.187522957743621
29.1599998474121,38.48829607091437
12.1599998474121,12.790306101672915
17.3400001525879,58.875654731774205
-13.342399597168,-22.824728398817022
31.2444000244141,36.61152932536286
0.0,9.71645043044984
-75.8448028564453,-55.39130923734271
0.946799993515015,-1.536381993904433
0.651600003242493,5.534040410034742
33.9065017700195,5.7881040046908465
2.55920004844666,10.774047008867777
-6.42000007629395,-19.130678514625174
12.2399997711182,34.37602846797145
30.9918003082275,26.25073054403437
26.8799991607666,43.69935696055022
35.5800018310547,21.01235938232191
19.6247997283936,20.675841117134155
44.7000007629395,23.484426222493433
-17.5949993133545,-66.70383294597467
1.28999996185303,5.849652339066352
19.2000007629395,10.848377682833863
9.99499988555908,15.682162956431979
-12.6280002593994,-16.62525106021073
3.88220000267029,8.122444644093093
8.88000011444092,44.027008387109646
-2.69970011711121,-0.8835763005301125
-8.77499961853027,-10.430278823010275
5.23320007324219,11.253249803352563
9.86849975585938,2.9619411991080327
-8.3523998260498,-7.8510720354708265
-17.5650997161865,-21.6672007674063
-43.1699981689453,-56.36825849158727
-2.94000005722046,5.187428101708096
-26.1180000305176,-44.22856060485477
59.7000007629395,41.912052732293745
-5.7480001449585,-14.20009873306048
-34.3800010681152,-33.48108693712736
0.0,-3.740540849368804
6.59999990463257,19.287348811168172
9.43920040130615,7.618197600150361
16.3351993560791,12.634427724772497
-77.8560028076172,-152.4777094009107
71.6399993896484,54.10427568658703
16.7999992370605,14.642111171848743
25.4384002685547,30.21730024452887
-54.8819999694824,-10.527943388041079
140.039993286133,60.79195991823537
33.9000015258789,53.68331132713488
3.91020011901855,12.926967157992019
2.58960008621216,2.791160958812097
-75.1679992675781,-7.392745733409056
17.1000003814697,21.15906339545751
-77.2529983520508,-82.0668038599174
42.5699996948242,56.52455168301583
-23.7600002288818,-93.93701086205921
82.1600036621094,38.73684948514118
18.0475006103516,78.26439697473775
65.9934005737305,5.810170713325205
7.43680000305176,1.4588131243155615
2.64000010490417,9.563119144635385
28.2169990539551,28.917169159828234
-6.39599990844727,-10.945058148661959
7.59000015258789,33.197206825601015
16.1000003814697,15.908301107302766
-24.7679996490479,-125.57281212554979
-189.320999145508,-101.98963818101647
13.8599996566772,10.30738106650323
15.8039999008179,13.230717775369138
-15.4666004180908,-6.133758277531866
24.2285003662109,27.921398421091048
9.94499969482422,9.714499644507812
8.39999961853027,16.09226758805205
-106.019996643066,-51.68422176887935
5.44320011138916,9.734744318373588
10.9697999954224,18.102061924739026
44.8680000305176,-50.212773434705525
59.4000015258789,33.21370504066996
25.7919998168945,24.2682995091471
5.94000005722046,9.20614051826129
15.5249996185303,14.954874815723686
9.02999973297119,11.362799038442166
7.0019998550415,6.97659115884558
1.64999997615814,8.040175139346287
15.8400001525879,63.46577914051579
79.5,45.009698546422726
7.4871997833252,15.743941930416078
2.01999998092651,5.672161918661015
137.151000976563,111.03507007148868
-65.5199966430664,-65.83042331327799
25.9200000762939,20.794397641665046
1.25999999046326,12.981314781431454
3.92400002479553,13.914525317453599
-8.06400012969971,-10.354133866354681
2.0492000579834,12.056335412869409
-133.921997070313,-52.46839821482663
6.11999988555908,8.326222316771371
99.0,41.42342834765176
0.839999973773956,10.744572791948347
-6.83339977264404,-8.376453863679627
-6.38819980621338,-21.524849881299545
59.5800018310547,28.452848012963912
12.1049995422363,6.248115379516745
3.24000000953674,6.292062628791886
6.71880006790161,4.682246507826602
1.08000004291534,6.340532413369731
-6.12480020523071,-11.364339817594642
17.6340007781982,7.902311804459275
27.4855995178223,24.5525439698822
12.1451997756958,19.694169581573775
0.879999995231628,5.767283083415259
-33.2999992370605,-21.523157480303013
73.1399993896484,57.44575798668183
44.1599998474121,19.731338647315702
29.1599998474121,16.436288032928815
1.79040002822876,45.10772477083601
-28.1760005950928,-1.257262854166262
8.9399995803833,11.22343246915084
2.33999991416931,5.8736235741893665
7.5,15.381197838825525
28.9799995422363,44.60358168615343
2.97000002861023,38.763066078881664
18.1599998474121,13.936019293197905
-97.7399978637695,-59.40168474957838
33.5891990661621,4.645782506089252
5.39699983596802,-12.119948183809301
20.2350006103516,2.7804782705837416
-47.396800994873,-43.486895898128545
13.8578996658325,3.0862838367204075
8.99199962615967,-33.29560192341436
-29.8719997406006,-44.22321827589923
-1.63199996948242,-3.900674950388483
69.4800033569336,34.47377222412537
7.25759983062744,8.905012777206377
15.4980001449585,3.0389189349956354
107.995002746582,84.45082381467091
-87.0479965209961,-42.06547716669152
-9.66399955749512,-9.39393658857153
-4.19099998474121,-27.81342214616396
38.7799987792969,22.39720555826228
4.73999977111816,25.82182976601639
75.7600021362305,46.017599345494574
21.7094993591309,25.249842541060044
1.70550000667572,1.651733865544129
-11.6512002944946,-25.516368179318803
26.0849990844727,11.189678217992372
6.3600001335144,22.591947937600686
4.17000007629395,9.116283829021176
3.15000009536743,10.581613788332625
-9.91800022125244,-27.85805651947028
17.6399993896484,19.460632179699672
5.28000020980835,10.485347914401109
43.0499992370605,34.37087068995574
-39.6370010375977,-38.45347585517424
-68.1856002807617,-47.458203431481046
0.959999978542328,14.690404197332583
16.9312000274658,13.832203049636647
11.5500001907349,15.17207609258734
12.2399997711182,34.651291098905
8.27999973297119,8.754064481055845
4.07999992370605,10.852951570003711
134.654006958008,118.12544185000544
2.42880010604858,9.099693960423727
17.8799991607666,18.533580712308087
3.45000004768372,14.299483580940734
19.7999992370605,17.29578646448318
12.8150997161865,11.034039077127186
1.72500002384186,5.399089840478881
14.3135995864868,-0.8701753370639622
10.1040000915527,-0.059870431036120664
31.0499992370605,23.693125626931586
8.10000038146973,9.226234461646088
47.8199996948242,93.31763054711094
113.847999572754,111.6889709051151
24.2695999145508,21.52220042967585
10.5551996231079,17.322989855812992
34.907398223877,29.96011747958176
1.11600005626678,1.9801216934762103
3.60179996490479,8.464826078409413
12.1999998092651,17.402196754994232
8.88000011444092,8.721015263052504
70.6259994506836,24.872090589269988
2.94300007820129,13.432663607690547
-407.976013183594,-355.05659188947715
53.0789985656738,35.0963697332656
10.0724000930786,3.370938701176142
-0.531000018119812,13.726621658561356
8.39159965515137,-34.540810889458484
26.1599998474121,27.70220512239858
9.02999973297119,56.08507892147313
1.79999995231628,13.888085963551173
-46.6679992675781,-37.29089102982326
-11.9370002746582,-10.756103406266663
70.7220001220703,60.26412062222412
-5.60400009155273,-4.845981018452218
6.11999988555908,8.859162464140718
176.514999389648,103.0787275624464
-33.4799995422363,-41.601573807093374
7.25759983062744,6.923784425318437
-22.7999992370605,-25.86532730634243
2.0048999786377,6.812427539781097
5.44320011138916,8.066972211954063
14.5740003585815,13.097341712332426
36.4043998718262,37.16350343088248
2.60999989509583,8.06293847085422
14.7600002288818,21.245812504774563
15.0299997329712,14.973483985344945
0.864000022411346,5.546181914069026
2.84999990463257,11.008636616911064
15.6800003051758,12.582238952496603
3.28679990768433,10.761839290416974
8.3523998260498,2.3463498118858084
19.3500003814697,21.42347376385456
16.3999996185303,14.792716545792874
5.51999998092651,14.801717308947442
0.0,3.93295387380556
40.0036010742188,15.049592698942039
11.8909997940063,19.244135832198467
3.72359991073608,10.118493836660958
-6.89919996261597,-6.902337770632448
-20.2450008392334,-9.361573652716062
66.7200012207031,36.40599315725227
30.0144004821777,28.00367062626767
-2.28780007362366,-3.667927160997655
35.3345985412598,29.1545437805175
27.8819999694824,28.114432312144253
17.963399887085,19.557245739765172
9.0600004196167,12.995803653971729
5.44320011138916,8.820521515300255
8.28479957580566,5.6673763677495606
6.50579977035522,2.48266666335857
-20.2956008911133,-40.83637944479397
-60.7680015563965,-64.74455186391089
0.885599970817566,3.147833364984514
6.1230001449585,6.810328124691038
41.5349998474121,37.21557109918068
28.3999996185303,44.42863057359415
14.9130001068115,7.532280953747229
10.3071002960205,11.652922076621145
2.95679998397827,9.400572846218049
8.5649995803833,28.06070454387757
25.0919990539551,31.677996792932163
17.0981006622314,23.71417597627773
-34.8245010375977,-81.84966471643898
-125.910003662109,-58.098674489545644
23.5499992370605,23.35452030285511
31.9500007629395,17.60973045821479
4.48000001907349,-40.129460330937334
10.9799995422363,11.96363235231109
228.600006103516,135.24266750976992
20.6399993896484,14.870452221017148
-11.8439998626709,-18.71079387999402
-53.8548011779785,-47.79402515236755
0.180000007152557,8.261603533406962
2.71659994125366,6.693562393029393
31.9500007629395,39.933694371358314
4.30800008773804,-9.425066309318881
-0.76800000667572,-2.973756663985183
-36.8880004882813,-31.608857054466213
-30.3645000457764,-7.587415136775716
-8.86400032043457,-9.988792092865124
-5.38000011444092,-13.13243907692169
15.75,16.519577825798223
19.3185005187988,28.378649503129687
-20.8775997161865,-7.6522396016580085
-36.7200012207031,-82.33008048880566
-67.0199966430664,-77.18491250544447
-3.78399991989136,-12.419133586475544
38.0250015258789,15.410494990583633
7.92000007629395,16.822558274187227
-5.76000022888184,-35.120245445805736
85.1760025024414,19.385076172704963
-19.1058006286621,-5.183118103306196
1.82070004940033,-9.625131964917097
2.0357999801635698,4.265611889031168
-21.1319999694824,-15.939425945170116
-5.69430017471313,3.177106399300377
3.53999996185303,6.793450499367779
21.7514991760254,33.56357978379158
13.3479995727539,18.565101060890125
55.5,54.332471173560506
25.2000007629395,22.551837261611944
89.4000015258789,51.96601741064232
31.9500007629395,40.425646530053825
-131.95100402832,-58.70218192989674
-10.2720003128052,-9.594018841822917
5.60500001907349,-6.987709798175457
58.6399993896484,28.389052380902
11.8800001144409,17.494163312720108
12.0900001525879,20.276316544144663
3.57999992370605,11.139025816502295
-74.3249969482422,-100.85761046058549
11.9700002670288,10.10695440688877
-1.91400003433228,-24.076845888502227
-22.1280002593994,-36.37525825647992
27.5631999969482,21.121487136869398
-97.5599975585938,-88.4649436768007
7.19999980926514,34.400697922586716
10.8000001907349,9.042434890068026
-6.26399993896484,-7.853634182127111
-40.3839988708496,-5.049644001591085
-14.5979995727539,-13.243872314232297
6.21519994735718,10.719222369184578
28.0799999237061,15.898339950691966
4.27199983596802,-9.467599462297128
-25.7880001068115,-28.28782002230888
-6.89400005340576,-18.365678559574015
-7.2960000038147,-5.11632785743852
0.0,-0.7002930653548827
-450.216003417969,-319.51653486836676
26.3099994659424,18.683290651125432
9.84000015258789,8.947930587503242
-81.5759963989258,-63.542152588853355
15.960000038147,13.022008645885322
-0.216000005602837,2.4271842204180736
-20.1599998474121,-13.169819231302364
-9.10400009155273,-8.823211309646512
6.46000003814697,-55.98767648230037
-11.3760004043579,-6.392498665644959
-71.447998046875,-73.09992943471747
6.29099988937378,-10.91149059442217
37.9175987243652,15.510546801465516
-76.6800003051758,-46.32914124554919
-8.31599998474121,-7.814564251340061
29.0849990844727,24.670504924875843
7.61999988555908,12.010360804485968
-1.09500002861023,17.665735494428638
81.7440032958984,23.926356855993774
35.9850006103516,28.83739515924693
9.40799999237061,10.408997405027247
29.5200004577637,17.809218721339533
-10.1920003890991,-3.547024346733105
29.3640003204346,13.015950840866912
34.9964981079102,25.899762216499592
6.55690002441406,10.231341401800124
11.3249998092651,8.371137452683424
13.6199998855591,12.098213476486091
90.8292007446289,49.78334800286037
5.44000005722046,70.94398196590429
4.53179979324341,12.184769621269934
-23.7821998596191,-22.32187493814463
15.0719995498657,-46.99632129641467
43.6500015258789,64.05094469472661
20.3999996185303,23.9522322192056
95.6999969482422,48.4566648762787
7.55999994277954,22.1516423930477
104.099998474121,94.77525188718617
9.81639957427979,19.666769439174253
13.0950002670288,8.763412181396696
-31.2000007629395,-56.48070288446452
-55.2560005187988,-6.726324415987447
76.2720031738281,64.97269005833186
16.1700000762939,19.278949517727035
133.440002441406,72.77333514974892
-10.0679998397827,-19.581075213984093
39.2400016784668,22.009600479631636
10.5600004196167,13.605452357026195
-316.019989013672,-337.56575850289613
-25.253999710083,-37.998451799726354
-15.3360004425049,-29.64039538692974
9.23999977111816,23.19045636676521
22.7999992370605,25.860092024618616
72.5999984741211,32.71640122486389
-27.738000869751,-45.902578334557845
-15.6960000991821,-24.23204257997395
10.3599996566772,11.973195688969929
108.360000610352,190.8944652034492
2.40590000152588,7.2616476379552495
-21.4608001708984,19.404170748168124
-142.20100402832,-68.83000541176624
6.48000001907349,8.371673697516638
22.8827991485596,37.428655659254865
9.18000030517578,12.591967094405662
5.84999990463257,32.724421969825805
-0.41100001335144,5.215189316731961
-1.86000001430511,-28.0588845309275
-83.0879974365234,-106.59788306454392
3.66000008583069,6.691127200547831
14.3850002288818,10.495640931267028
111.360000610352,117.60094794010766
-123.525001525879,-75.0487064861514
1.25999999046326,8.941583820828836
38.5800018310547,18.829393342428958
-43.2120018005371,-52.475421099075085
-55.007999420166,-35.39301138007809
-16.6499996185303,-28.429152825555747
-21.6900005340576,-29.199556626781643
-14.5649995803833,-12.020513330330607
2.8199999332428,8.819977499530367
9.75,13.711085847543433
54.234001159668,13.983475242208609
-295.320007324219,-132.78279929967195
18.375,40.614237067698575
4.38000011444092,7.361015861165013
0.437999993562698,16.160414362460322
27.7910995483398,10.443724720258444
4.96000003814697,11.491379466264158
3.29439997673035,7.5770455291164325
4.73999977111816,20.911480076388507
14.1300001144409,14.87252201998733
2.62800002098083,6.818298573502265
5.86959981918335,9.662121464414545
-8.18400001525879,-3.053753568988032
-6.44000005722046,-2.0338524308234334
4.3523998260498,8.116085030793986
56.4000015258789,41.87495587609421
22.7639999389648,26.969004779825653
131.986999511719,88.16266322396936
-35.9280014038086,-35.46625748682976
26.6303997039795,23.004910756878893
23.7684001922607,13.345050544072564
2.03399991989136,16.80476493740148
233.520004272461,146.45176228202968
-36.1115989685059,-53.90724909787609
11.1599998474121,15.006305954656128
41.6699981689453,31.634633596289994
15.6331996917725,23.74554221722905
9.33119964599609,16.44413206775684
18.44700050354,20.356254806783024
-56.2560005187988,-48.11353467297903
12.9128999710083,18.415207329175864
-2.18959999084473,-1.0385607013425613
21.8969993591309,1.6720916544807913
60.4080009460449,25.612617823718963
23.507999420166,17.507058330724135
97.879997253418,82.17375045306103
9.35999965667725,9.034650172513967
8.71199989318848,27.249621536278127
10.4875001907349,24.049026159613188
-2.69400000572205,8.847718510960087
3.99300003051758,11.668270923851667
79.7939987182617,76.81683353984512
5.44000005722046,12.930481602195398
114.938003540039,89.7219021863169
3.96000003814697,9.177836425990682
30.7800006866455,49.10536816100522
4.55999994277954,7.346410275354954
17.4599990844727,10.428231841445626
3.91799998283386,10.832691183684496
13.3380002975464,11.051015074133879
66.5459976196289,31.86380406444281
36.9599990844727,32.42615846260907
47.439998626709,26.305391185110892
18.8532009124756,3.3264805166666767
71.2295989990234,51.73139191698239
-34.2515983581543,118.29511878216076
18.4799995422363,14.411906772297545
15.7583999633789,24.14058116516925
26.7299995422363,57.360064527770405
45.0900001525879,29.788830186543443
4.73999977111816,16.06282316299401
30.75,61.51245971277053
11.7600002288818,10.95238025056233
25.3799991607666,14.437455770815221
12.6000003814697,12.541495581861962
192.690002441406,116.67098993529451
3.35999989509583,7.612686488402559
21.1200008392334,12.424600148597776
9.0,5.740236390940357
35.5499992370605,31.497263823138027
69.4349975585938,22.371022829959056
6.44399976730347,21.594067990242827
0.959999978542328,11.16121073593837
38.2080001831055,-94.56501292262857
-3.52800011634827,-1.7877824737620234
3.24000000953674,14.123434681665582
28.7999992370605,32.73075216012201
39.3569984436035,14.63071648337002
32.2919998168945,26.082280753629547
-10.6680002212524,-3.7435235879866617
-9.90999984741211,-10.586466008915705
11.6099996566772,23.446806514726347
251.399993896484,103.72465011107734
38.6399993896484,36.79766594942967
-0.0299999993294477,-121.45667827451565
15.75,18.99129736584473
23.9400005340576,33.51912542322219
10.4250001907349,11.83006065794269
-10.5600004196167,-43.83028964017908
1.88999998569489,17.161456753232596
25.5,18.75566719546418
-40.007999420166,-62.131931251793034
-5.9520001411438,-25.191786685205656
-7.99200010299683,-9.012324641256894
93.5999984741211,49.962281662451744
26.5499992370605,19.09162864063228
0.720000028610229,7.791473140642584
10.8000001907349,12.498977245066866
152.022994995117,116.81036892760505
37.7999992370605,27.016361692541395
72.2399978637695,83.44885195850374
19.7712001800537,17.744224565504222
37.7639999389648,15.439378327251953
59.4000015258789,52.85188434234885
-5.13600015640259,-10.492758236730245
22.0799999237061,16.140982204929205
92.2368011474609,75.76364845124428
41.8499984741211,30.794635180122448
7.26000022888184,10.664011113312153
7.25759983062744,8.252447894152304
27.2952003479004,16.95161748144831
82.0800018310547,74.39698527493664
8.72999954223633,13.122747823824366
89.9970016479492,152.13906941744253
12.2465000152588,55.59156160605555
21.7199993133545,18.77513575524966
5.25600004196167,9.46308548315128
72.7200012207031,81.90329330723716
16.7490005493164,13.36005296608065
-23.8920001983643,-32.76096780660201
11.6850004196167,4.864272951796735
8.90999984741211,11.421731872446761
-126.071998596191,-60.91726498246835
72.2399978637695,43.48275551538598
51.2999992370605,32.81797682224257
59.3730010986328,51.7573792948467
21.9300003051758,48.36608582000751
44.8199996948242,114.92959943461331
10.7136001586914,16.896509789092978
34.2900009155273,24.201027860602345
70.9020004272461,16.027050876683965
3.21000003814697,7.6846504324506935
8.34000015258789,14.482299337645818
-8.23680019378662,-18.30061721523876
-4.91400003433228,-16.961132917442526
-10.4399995803833,-8.955979873562734
-16.5599994659424,-33.29346697387298
4.92000007629395,10.665290222358314
3.24000000953674,9.943297894658224
-77.6159973144531,-47.3722838610527
25.8129005432129,0.33293695948241897
51.7999992370605,42.903037384247654
-4.17000007629395,-14.436148052515689
14.5799999237061,16.626117763234923
5.55000019073486,7.6646198641301595
14.1300001144409,15.144294130270607
35.5200004577637,69.64984559573293
30.9599990844727,15.77304106431059
-34.757999420166,-0.7405736376748546
5.76000022888184,12.545546412186345
-153.201995849609,-94.49455502928669
4.17479991912842,11.088276947612288
32.6699981689453,74.6524887663084
4.68179988861084,10.872532238477323
15.1157999038696,25.920546633700027
-41.8979988098145,-53.02109620170063
-7.20599985122681,-19.05015431461124
4.5,20.371328827269725
5.09999990463257,7.910875649670416
24.1959991455078,40.251832464985654
33.7319984436035,16.141713286620814
3.85199999809265,8.546065336932202
28.1420993804932,35.08843537572767
30.7199993133545,22.32707911085558
13.9200000762939,50.33959771938875
-58.7820014953613,-52.38380964951605
98.8499984741211,59.60333037008743
73.379997253418,61.666824562554396
18.9701995849609,8.20754857232631
-5.58400011062622,-5.357738437940437
61.3889999389648,53.81486030123674
-122.807998657227,-77.4075775287279
-21.6000003814697,-24.999986113349948
122.386001586914,88.74494127228388
-14.6700000762939,-28.43439583185382
-14.9759998321533,-66.52867321290644
8.27999973297119,24.04878015986607
26.2350006103516,19.887198912328294
4.56120014190674,11.498526785288332
-34.2299995422363,-17.810753665540112
-13.6979999542236,-18.453689876068616
-0.857999980449677,7.8750894827651905
5.44320011138916,7.239235187266933
7.19999980926514,10.27448153169281
9.49499988555908,14.911428516711558
28.7670001983643,31.17967461919246
8.26159954071045,16.077280181299596
52.5320014953613,42.13052500140787
18.6000003814697,22.991964113999643
9.33119964599609,14.208028133521298
1.52999997138977,8.260201807865934
14.5799999237061,18.059375472940655
-3.90319991111755,-9.553758064787152
4.39020013809204,-7.878305366275528
4.40999984741211,51.04586028918958
4.65000009536743,39.593854272758136
-12.8699998855591,-7.734106192963667
-16.7759990692139,-51.45867068217461
-5.46000003814697,-15.315930982436372
-15.0299997329712,-63.067054062672455
0.0,-23.56896001190023
182.354995727539,78.74492098059748
111.959999084473,73.22806366752945
10.7399997711182,15.717311574795342
37.2360000610352,14.918450884078158
-12.1199998855591,-7.097214407789378
-3.49799990653992,-13.836758027290164
10.7399997711182,16.64382090049162
16.7999992370605,34.58296094018534
101.639999389648,79.14708432190382
8.27999973297119,89.7843458688547
11.9700002670288,10.71206106843181
85.9800033569336,50.113340508568214
33.9599990844727,114.46838910951264
5.98799991607666,2.6523689505994215
70.9199981689453,45.80679402760894
95.7119979858398,-12.467470709263713
-38.7071990966797,-19.905485097900467
-8.32499980926514,-15.464243117993062
-17.4899997711182,-10.59020996349153
4.28999996185303,11.739247899111161
7.8899998664856,11.11759552349645
83.3399963378906,47.6299673465977
178.740005493164,62.81157179758879
21.0,34.46908512622646
1.2474000453949,-6.97187502221337
-14.8590002059937,-42.458510465771596
-87.901496887207,-38.67910322653876
-66.9540023803711,-25.31494554939154
8.60999965667725,11.14148457193864
40.439998626709,47.58505804091704
17.2800006866455,12.158285824692706
-79.2900009155273,-158.01541003838184
7.1399998664856,12.443505690573101
1.10000002384186,26.888179090973246
6.09000015258789,8.12926632757512
6.09000015258789,21.530326145988443
3.11999988555908,8.77238384105679
15.0299997329712,26.222014765031233
2.8199999332428,8.158929700246054
3.77999997138977,22.395055274511012
160.020004272461,91.18511119299863
9.84000015258789,9.85843236478068
35.8199996948242,18.966060293705873
21.4500007629395,15.81633495382976
3.99060010910034,17.21182109469906
38.0400009155273,24.01694464214795
-72.9960021972656,-60.942769306596475
70.7399978637695,38.13752226994451
-13.2152996063232,-30.421811238794945
47.8800010681152,38.89384604786521
-170.016006469727,-133.56132190822822
6.78000020980835,10.201017312431079
0.839999973773956,9.121553637841558
14.3400001525879,25.67597552749875
3.67199993133545,-12.32109059118955
0.317999988794327,-5.361744588375835
74.2799987792969,44.610405750280286
10.4399995803833,15.729461374684401
58.5,48.51566779987217
7.23000001907349,11.768120069343043
11.1599998474121,11.506171663481338
-7.92899990081787,46.294629277288905
4.26599979400635,5.665176871294784
114.480003356934,118.84037831952416
-8.71199989318848,-33.17131502426678
-319.247985839844,-221.35121168613077
-801.528015136719,-276.40193602255806
7.5991997718811,9.273006444646716
6.22499990463257,20.709238294145052
0.40200001001358,9.613910033819979
106.019996643066,77.75458638817977
-217.583999633789,-99.11694778198202
16.2863998413086,8.987046067823682
-112.716003417969,-81.98508410370728
-1.45799994468689,-27.62146272668503
-75.1679992675781,-188.15981040758152
-190.139999389648,-104.20275360100229
-26.2439994812012,-41.92252472398236
-41.0400009155273,-50.747718113519895
-12.8760004043579,-33.832686818292785
-75.2220001220703,-101.52099435823115
5.88000011444092,-21.679834347134538
-16.3169994354248,-27.088679603166355
4.43520021438599,8.32021350546574
17.8439998626709,-31.148652354421138
-89.7539978027344,-99.3386719613858
-20.9729995727539,-13.1900409889225
6.63000011444092,8.029784552350359
-47.1660003662109,-41.46940569534324
2.69359993934631,11.942346357195904
-11.7840003967285,-5.870797080020404
18.4799995422363,23.422313201440815
22.6800003051758,47.534424513961476
-20.3190002441406,-17.41519561153342
4.23000001907349,9.482875913446026
16.7399997711182,14.128844270253696
16.5900001525879,7.788954719889303
64.8000030517578,37.754281769754904
31.3199996948242,20.278745993434686
6.37440013885498,11.37486739684961
13.6499996185303,14.058564187151234
11.2799997329712,10.189045320589802
-159.889999389648,-79.5653827659828
-43.8479995727539,-56.09935265760704
22.757999420166,9.08897602613559
7.01999998092651,8.206919559753343
-0.689999997615814,7.722135923245209
-54.8279991149902,-32.87246375643356
15.0,14.885350607158346
20.3999996185303,14.92825972095942
15.1157999038696,25.565951670247102
2.70000004768372,29.365319108130272
13.9672002792358,11.412842923971024
8.39999961853027,12.339244069939753
-4.40399980545044,-9.354633745400248
86.4899978637695,88.49532831796436
51.75,32.45104050657488
-26.8080005645752,-14.968364411279273
27.7560005187988,31.353431030288398
55.8899993896484,34.079205899774195
44.3699989318848,46.707158193653754
2.19000005722046,7.168976943813258
28.7856006622314,25.435413320358016
6.20639991760254,-2.924324337298957
1.67620003223419,5.920337720691864
-10.9479999542236,-3.136091223153665
60.255298614502,48.722692144767876
8.30399990081787,6.276735349242229
20.1599998474121,73.81542734108511
36.693000793457,42.91408851214521
1.14660000801086,5.842021468597793
9.63000011444092,33.563441757723226
1.06200003623962,-3.3907525271814247
5.25600004196167,9.192702539564028
2.60999989509583,28.98759352712284
-36.0,-31.051375189148047
4.28999996185303,16.19412009549466
47.4000015258789,56.08692234406358
13.9200000762939,19.592341664765762
195.389999389648,177.0156789102194
3.34080004692078,3.1228985502717324
21.7800006866455,56.17782776083751
13.5,12.219280029741672
27.9720001220703,12.163173430670605
20.9669990539551,-53.68111440559021
-9.67679977416992,-5.330931704483104
36.023998260498,25.6004829072046
15.6599998474121,14.250011306060472
5.03999996185303,7.529502115763561
10.0799999237061,67.31765766924053
23.7299995422363,13.362306871174265
69.4499969482422,63.82819025392209
48.2999992370605,70.02229604712727
11.4519996643066,41.146308244593406
20.7600002288818,77.76118349155487
6.92999982833862,15.128225614833232
35.4000015258789,51.74611362399342
4.32000017166138,20.987712378121984
6.98999977111816,18.66797606093486
8.55000019073486,14.902363358872595
0.533999979496002,10.35864629261592
-14.8319997787476,-17.004815886527965
7.5,7.682320964556467
21.0,34.34084210594688
-129.52799987793,-61.393403532575945
-3.09599995613098,-6.003916607330977
19.1100006103516,23.016666405305372
-42.4799995422363,-43.432337668945856
-97.7399978637695,-63.408467055009325
-31.7520008087158,-25.650726272319318
-96.5279998779297,-32.18641242573719
-5.85599994659424,-6.097725088778182
4.1100001335144,8.462553229724907
2.19000005722046,9.606004074067501
35.6346015930176,45.35154550596917
-89.0879974365234,-76.44254319696927
-28.8659992218018,-45.57350809204648
-0.568000018596649,12.81629689658763
-9.30599975585938,-10.024863449342304
46.439998626709,81.66654267027413
7.67999982833862,10.26897583225503
2.64000010490417,8.476052001775724
26.8199996948242,84.27910303595283
63.2400016784668,22.789999985834264
33.7211990356445,15.252325603572672
5.03999996185303,134.03249447281001
0.292499989271164,-5.801768052698828
0.0,12.052851369745632
-13.5959997177124,-24.895477484843198
18.9899997711182,17.625594418874556
2.75999999046326,9.667113522261866
14.2200002670288,12.543951713100027
5.76719999313354,0.5088142211520825
4.05000019073486,14.601552514884565
18.7812004089355,21.188658231294077
9.0,9.358566555464941
8.72999954223633,12.955824939595013
24.8400001525879,22.639020115542067
26.5979995727539,37.46953111019603
18.2700004577637,81.26842407865944
47.2799987792969,44.705143354760665
24.5699996948242,28.61023481272185
-161.875,-116.93269504845779
-4.06799983978271,42.16301399412733
0.360000014305115,14.48546020683208
53.0699996948242,36.0610907089449
23.3400001525879,13.420852959016969
141.257995605469,41.48436242116707
18.503999710083,36.18798488952052
56.8950004577637,24.8567335132934
22.4778003692627,-5.077633662837661
-2.18700003623962,7.124746356058573
84.120002746582,32.928163204688346
-9.00780010223389,-10.921609667775735
40.8600006103516,29.207786862736583
4.38149976730347,7.767903900166996
15.4799995422363,15.356063767419352
-1218.38000488281,-332.68851236874053
0.0,26.975738795321085
-81.7679977416992,-32.71545298156844
14.8199996948242,55.65479180449655
23.2800006866455,27.069906732990006
-2.73359990119934,-6.191427749152746
14.2200002670288,64.28050711297642
27.75,18.133502184173263
0.899999976158142,9.903347771476987
146.850006103516,88.24563853891017
6.76200008392334,6.708435223099686
57.1259994506836,57.482317938335136
48.1199989318848,39.364053205572304
3.49499988555908,13.289654670820648
-0.972000002861023,-5.818039056053413
-126.720001220703,-72.70428482456553
-20.2080001831055,-13.339321599607599
-5.96999979019165,-61.401730756520536
-14.039999961853,-11.521015638600188
1.39199995994568,-11.060953293410106
-1.62000000476837,-8.748725923042612
111.843002319336,59.767136291461185
66.5999984741211,52.9679633969626
243.419998168945,115.06094980997472
68.2799987792969,49.79490380047848
17.2800006866455,15.86977705814412
63.1619987487793,35.87813762542135
18.1439990997314,9.711454985594994
12.0600004196167,11.301549625784972
15.0299997329712,12.663348748628026
-55.8419990539551,41.46524480629585
60.4224014282227,45.92309961543187
12.6000003814697,98.17205944661751
147.680999755859,22.06848602886929
84.629997253418,53.60079331585554
29.5186004638672,31.923461616563294
6.32959985733032,15.092358642476922
7.55280017852783,-17.86732391521916
13.1999998092651,22.655545279267034
5.40000009536743,23.234155073822578
-27.6900005340576,-27.68324853632265
6.3899998664856,15.606058670351683
13.5,10.862167962517436
-4.32000017166138,7.378400587892905
12.1800003051758,9.208231378151412
12.4499998092651,19.420795747405247
18.4771995544434,12.596081246426335
-21.5340003967285,-52.088891923047925
23.3999996185303,30.7461098477444
40.3199996948242,31.35821078063823
2.84999990463257,17.215485417810164
-4.16400003433228,-14.298089343949163
27.1200008392334,25.560604984926727
-18.6119995117188,-5.709222172447243
81.1800003051758,40.50026016936064
22.5,13.597704111427557
2.07599997520447,7.191956397421104
9.0,8.369205938725525
14.7799997329712,-2.0231790078989675
2.83590006828308,-1.5716170852986
3.66449999809265,-1.3685879661170883
12.2399997711182,43.05636813596879
18.3600006103516,16.55942594922938
25.744499206543,3.3449475963120543
11.8800001144409,51.93355509168016
-1.78799998760223,-9.107353629284708
-3.00149989128113,-15.496589076233347
-42.4169998168945,-51.36249926381093
6.11999988555908,12.10891394235696
5.88000011444092,7.1295183759855885
6.53999996185303,12.561918053389494
15.7194004058838,17.97790382319571
-3.34200000762939,-22.059112451715308
2.97000002861023,9.570047428899372
26.7029991149902,17.804842193053847
16.5599994659424,95.58278470249479
33.3135986328125,26.053761978494776
-0.00749999983236194,-5.85613270356423
6.11999988555908,5.938326092543501
32.4000015258789,21.464750222871118
28.9799995422363,49.532237090989355
1.23000001907349,9.035592470939397
1.88999998569489,14.210568258644894
-4.90799999237061,-16.11876314496297
2.73000001907349,12.634361442946334
1.98000001907349,18.068622002002158
10.3498001098633,144.04338654265817
3.45000004768372,9.71184472222414
11.8979997634888,13.273616584060417
28.7964000701904,26.13938225877901
2.23020005226135,12.685670532316816
33.0368003845215,41.50934388883365
10.8587999343872,0.31391589513592955
7.1399998664856,8.350941677196472
22.1399993896484,15.298286348555902
4.92000007629395,108.03458481156402
14.8199996948242,74.73242371510435
84.5999984741211,45.81980104985485
24.0,16.1867009111416
10.4399995803833,56.12379464420143
66.7200012207031,32.69794362308848
13.5055999755859,17.989703255520908
6.22079992294312,14.814739512507417
19.5237998962402,16.7953634971177
2.6496000289917,7.793357689802766
8.81999969482422,14.711178421688414
-9.97049999237061,-5.323145243138972
0.0,13.57766746493406
0.605599999427795,2.8925330668400617
9.02999973297119,49.15842213248894
7.02180004119873,13.618518489489869
2.78999996185303,7.975341969117721
5.76000022888184,14.38972670976213
15.6977996826172,-3.0277947122409508
152.669998168945,46.114542728595055
7.1399998664856,8.52014112241913
26.9009990692139,22.25343200988926
-15.9840002059937,-51.948952975614276
-5.82480001449585,-21.21683096077433
-115.064002990723,-5.871523366168253
-7.93200016021729,-3.8786745829389346
31.0200004577637,29.931876501971615
-197.639999389648,-101.35039443386037
5.09600019454956,11.145481785696695
15.3870000839233,21.20157698785944
-1.93439996242523,-8.449606895999805
68.0400009155273,39.9519858424122
2.57999992370605,8.630894569646857
-7.44159984588623,-10.503832818458948
19.7549991607666,17.919736251367986
-7.41599988937378,-10.776037647217608
12.4919996261597,12.940544524847727
48.328498840332,45.511849368054115
62.3209991455078,55.41347884734324
15.5111999511719,15.573326473757835
146.789993286133,47.87069075619746
-83.4359970092773,-34.31464296803326
1.04999995231628,9.319725458008259
8.76000022888184,14.409496954593521
41.9519996643066,38.07238483128643
5.03999996185303,29.918420456445297
-20.5499992370605,-48.20601877357507
-8.13119983673096,-17.720155072214546
4.99499988555908,6.630635232498293
21.5909996032715,8.576404568602918
2.73000001907349,16.372347366196223
1.51999998092651,11.740431843084595
48.551399230957,17.436741389703542
44.4767990112305,26.922875178404453
5.82000017166138,6.9558830812231465
0.426400005817413,1.4092645514171913
-8.84799957275391,-16.789993961682917
63.117000579834,16.786022458818476
10.5600004196167,12.884366484323262
31.3199996948242,20.673376887703206
7.48239994049072,13.7057117850173
2.72399997711182,-5.873708829407002
18.8999996185303,36.53668643395701
-2.13000011444092,-10.447037089944361
38.2200012207031,27.226418396062627
36.9287986755371,38.974676986516435
8.5024995803833,19.318097322380968
55.7639999389648,48.59938409028361
16.5200004577637,22.059261313187125
12.2849998474121,30.15239396008606
9.60000038146973,12.085329076390146
-74.7720031738281,-65.88189675864629
22.8689994812012,36.58140662044141
8.71380043029785,14.757481104503896
45.5200004577637,33.33061630993812
19.8360004425049,9.214479636002434
19.6200008392334,17.513069488059823
26.1800003051758,30.882488071129146
183.419998168945,114.55139520875643
3.11039996147156,11.287918342447192
-5.99399995803833,-4.998946976331371
-34.0200004577637,-45.45139583877081
26.4780006408691,12.676425388738945
86.9550018310547,27.37457223840073
29.5254001617432,36.58072695583754
-8.45160007476807,-12.309973702837882
162.863998413086,86.51271286100204
14.5080003738403,9.131600915207134
2.48000001907349,11.77546351133366
22.5624008178711,16.72868938949831
21.0,31.1488864161256
-4.5,-31.805893241411027
51.8237991333008,16.882081646923414
28.1371994018555,2.886524784816027
123.291000366211,42.08745424722984
93.6987991333008,64.05845827601757
8.86240005493164,12.249805879277199
90.9000015258789,119.75525768835368
4.30000019073486,19.332829859929788
-72.4800033569336,-46.305865935800284
3.61560010910034,8.446240960033103
98.2799987792969,39.59376154921049
16.7399997711182,12.842299192356139
21.6450004577637,38.139132790057445
16.3980007171631,21.81750669762563
7.44960021972656,16.280942789316054
0.596700012683868,5.776036929055672
8.59200000762939,3.927468355413109
5.12400007247925,23.39711477558919
137.339996337891,63.566085869976845
15.8760004043579,20.24897587284419
0.515200018882751,6.8322898239656435
2.21939992904663,7.7716386356296425
34.8927993774414,3.639426683381557
48.939998626709,35.64284707118938
6.43079996109009,1.6907179697884533
39.060001373291,59.01690862013187
-8.01000022888184,-13.034476477970015
1.45799994468689,0.4028202758854196
0.479999989271164,10.546128943272082
42.8935012817383,9.107265508191084
-8.22399997711182,-34.21076614817316
-21.5160007476807,-7.19525988973327
132.720001220703,111.39509544101429
-13.8959999084473,-12.956481633401475
11.6099996566772,24.10484603075499
19.2600002288818,12.451369867600494
2.79999995231628,62.55495157528058
149.759994506836,49.93232664507758
106.650001525879,78.4916253840206
-1.64699995517731,17.813517063831192
0.295199990272522,2.6689588236601125
-40.9770011901855,11.489000735478921
1.06200003623962,-15.175258841183668
-8.67679977416992,-19.93431085297008
-10.7298002243042,-25.925191041670246
21.0300006866455,13.864265893584967
0.470600008964539,2.3646255433665075
-2.18849992752075,2.2815050416864775
3.1800000667572,8.8665432042353
45.2099990844727,19.95281897468071
13.9728002548218,-3.7087363056604215
-52.336498260498,-72.7095581116416
10.8599996566772,10.121637881538003
63.8699989318848,28.74207562655903
3.0,12.473802026681026
5.18400001525879,10.141890167147785
10.4300003051758,8.243022602063768
18.7199993133545,19.243487401144183
8.6855001449585,13.027513298186232
7.58400011062622,12.309881314601324
7.94500017166138,30.844887086688843
19.0919990539551,24.212544556318086
-81.8684997558594,-65.01418493801053
23.7000007629395,20.899195308013667
45.5880012512207,58.28773317050249
-5.72700023651123,0.7545402605708222
12.6822004318237,-1.3302691912801254
2.24399995803833,11.067490650136731
31.4895000457764,42.67295667118569
8.9399995803833,15.771115586887092
-10.3634996414185,-19.604154297880598
6.41279983520508,12.661862563979808
0.0,8.305192297713305
-25.007999420166,-36.201246638377945
6.07399988174438,-1.0444294374452276
22.2000007629395,17.21658184844071
2.94000005722046,7.347360005058082
16.6499996185303,11.584148199111784
9.17640018463135,-0.024339877368865004
-29.2679996490479,-49.72956121539727
-53.9700012207031,-63.39927196559998
-54.4889984130859,-63.21592969495522
8.20800018310547,11.647670687607802
-5.73000001907349,-13.106447444944708
1.37999999523163,7.345594274398952
38.4599990844727,24.13977895723184
44.6357002258301,34.386754654717144
28.5599994659424,27.19047096948247
39.9599990844727,41.53263106765303
2.91556000709534,48.35964729612827
-6.21000003814697,6.490147462015667
-98.4960021972656,-86.04371006906608
18.1439990997314,9.089160025829507
9.39599990844727,-6.469250709014412
19.3999996185303,24.257592053793566
-91.5599975585938,-48.789884743880684
49.1399993896484,131.96442658844177
12.3999996185303,12.963806333458006
5.95599985122681,9.395403364638092
26.8199996948242,21.26861422766859
6.71999979019165,8.125702519121576
7.92000007629395,11.011458675291829
29.7600002288818,20.708281612422816
7.51999998092651,16.457003518785967
13.0284004211426,3.1966263563695696
3.85290002822876,12.049638243702546
31.2000007629395,20.189214814985192
4.38360023498535,11.955096005213711
9.84000015258789,28.52952762891634
54.1500015258789,35.90253916221655
0.0,28.503132490869767
-1.0349999666214,-2.5799233950758094
-22.8299999237061,-38.29775550360465
-89.1999969482422,-103.57545463844546
30.7800006866455,53.50343069814773
40.5900001525879,20.393749024863776
-10.1280002593994,-7.051090347812403
-41.3040008544922,-22.997121438725728
69.4499969482422,53.86237927420615
104.309997558594,121.98500742493422
91.8000030517578,53.112103163707815
2.97000002861023,6.069637114764727
45.5999984741211,63.3146047040666
-72.120002746582,-59.36028807565879
29.8799991607666,26.72656727725859
0.20160000026226,7.497045524711239
7.77279996871948,-6.31354957081785
56.9771995544434,39.61591738137679
-57.5040016174316,-38.01731762302529
6.15999984741211,-33.41302300387219
59.4160003662109,-157.85464576684626
13.8578996658325,7.050565981689398
16.4699993133545,8.133504935099081
2.50559997558594,4.621854363778563
67.5,81.85051916860701
4.77899980545044,4.094008220919332
165.981994628906,77.40298155230883
21.2399997711182,27.552781088965062
6.48000001907349,8.37534653399211
3.30879998207092,8.836340532080623
-104.71199798584,-56.84863546737279
14.6510000228882,18.726777639480503
0.444000005722046,-2.4547016765803473
7.98000001907349,12.279470053365168
-192.095993041992,-122.10485668035967
22.6200008392334,13.105040984391021
19.5930004119873,8.607688975172213
156.059997558594,99.56804358483562
-44.189998626709,-80.8618068697331
29.1000003814697,54.82770988889698
-19.6200008392334,-34.00157274295721
0.0,19.13335946087451
0.0,25.399135171793397
9.09000015258789,9.621268608616644
18.9599990844727,36.09559201027676
7.9488000869751,11.679913636390543
35.7599983215332,16.187625814678274
21.4799995422363,25.23566318906888
8.25,9.625650695883339
-14.5920000076294,-14.48750245909484
8.81999969482422,11.535906905830696
15.0,26.069720847772555
0.0,13.380935877995368
13.3199996948242,13.4106648284418
37.0999984741211,22.605836235427702
13.1400003433228,14.297083791879237
3.90000009536743,24.03513078938301
9.88560009002686,12.489488030457354
25.9200000762939,22.549708208841643
-63.060001373291,-97.51900384046917
31.2000007629395,20.903804509271616
63.7536010742188,16.247918306682525
-22.7399997711182,-23.604513477294375
-6.58500003814697,-35.61659622011528
-44.3400001525879,-25.02861599755886
20.3999996185303,18.781817278609623
85.9817962646484,51.87928123168192
1.07309997081757,1.7497940683788897
-54.5880012512207,-11.255743558185271
5.93120002746582,7.271889675942347
-0.858299970626831,-5.319078802903547
14.7184000015259,75.46484160108876
17.3712005615234,13.048710195293369
0.0,10.459670141069658
4.19999980926514,9.603362313744256
5.21999979019165,11.17022745646445
20.6816005706787,20.638575093085926
41.7599983215332,39.87134058334949
91.6800003051758,78.06239532189792
-74.7455978393555,-89.27580270810068
148.490997314453,126.15847429804856
19.2329998016357,8.192769804157038
19.0848007202148,-1.1361696821277576
10.3936004638672,7.822847437797057
38.2094993591309,43.33945080883452
3.29999995231628,6.055728203739442
38.4599990844727,27.45401523211546
-22.1439990997314,-12.077035967561203
6.57000017166138,13.49738110996391
8.36999988555908,14.299935784535002
-20.4468002319336,-19.885770129345055
17.7600002288818,35.249162850232615
26.6399993896484,13.894686054665293
13.6199998855591,13.606423551203838
14.460000038147,25.425412063914713
-17.1149997711182,-34.03454421700888
16.0319995880127,19.639210104957776
95.4400024414063,49.570277654800364
11.3400001525879,12.606148753295995
18.7199993133545,15.150186329064654
6.90000009536743,8.841151523706504
13.8240003585815,10.419897470838528
11.1000003814697,29.242871152646984
3.83999991416931,32.73737253576482
2.65199995040894,-7.123612624499623
3.69000005722046,8.690649562316905
17.2800006866455,14.570427507964702
16.7399997711182,35.03149704151272
26.3999996185303,17.357522660480605
-18.0400009155273,-45.317531166456256
-7.33199977874756,-36.154240452272745
53.4519004821777,64.99440737832728
1.86000001430511,29.496873335022066
30.0599994659424,16.740786409269276
23.7000007629395,14.452358947608108
18.6872005462646,24.832920132198645
18.4631996154785,20.37751173268082
76.7040023803711,4.056595444161695
6.0,24.61142957811318
7.46000003814697,13.427473048089261
76.9199981689453,58.985804127213704
30.4200000762939,39.71313567250849
-57.2820014953613,-60.201601931971666
5.84999990463257,21.01894174528716
85.5599975585938,45.705776228496234
18.4860000610352,13.91029451708305
59.6399993896484,67.40513933198112
9.8100004196167,10.439517399105894
157.440002441406,132.22572752960806
35.6399993896484,20.822820723944314
-18.1956005096436,-6.586469531520946
7.81199979782104,4.2394716927483485
-90.3761978149414,-29.411740634860394
18.2399997711182,25.474876145149643
26.6399993896484,21.795954287250858
10.0500001907349,30.87743271004357
-47.5919990539551,-29.417670401505205
2.42400002479553,-6.843896557425888
-6.69600009918213,-3.1877167380916287
-0.662999987602234,6.179177799255315
7.0,8.580416888088678
99.940803527832,91.67041357077694
25.0349998474121,24.772674633851743
31.9799995422363,20.247286785556796
-0.747900009155273,-3.1199466210786078
84.120002746582,45.257417410659365
10.4340000152588,12.097393334703217
7.59999990463257,31.833756358789138
25.6000003814697,26.816417347544558
-24.9389991760254,-46.73598912206595
5.94899988174438,14.268369682951095
-8.98799991607666,8.629594065130256
-15.4764003753662,-52.09708289129472
-9.49199962615967,-29.280021152049542
20.7900009155273,13.645877081006809
5.82000017166138,8.863081903312288
202.235992431641,49.91722363128944
29.6700000762939,27.95212882522403
17.7000007629395,36.56820426326416
109.800003051758,58.470497217128745
10.710000038147,13.054134016020814
13.2600002288818,19.67505007751382
81.7109985351563,14.862169773960387
-58.3919982910156,-35.072495539478695
-149.003997802734,-123.70480476860438
9.32999992370605,20.418080959416358
-78.9400024414063,-48.647070304956245
-91.8030014038086,-63.17938388458872
-376.799987792969,-178.199324154454
4.91699981689453,5.256769488171087
89.9100036621094,76.02390059042641
13.298999786377,12.78573182724496
-17.1149997711182,-38.401966918002984
66.627197265625,53.004581236785484
23.7600002288818,21.66466492829054
8.67440032958984,0.8469079828600634
16.9799995422363,14.238847194446507
0.0,52.87015141437063
78.9599990844727,38.23309321486065
-184.203002929688,-111.57742724326643
3.15840005874634,11.77784272921936
-19.0799999237061,-38.94006448981938
0.0,9.696836821216284
22.5732002258301,13.230937227533595
-14.3400001525879,7.178754541822244
-12.2040004730225,22.908172357554243
4.96159982681274,7.817958649289485
22.2516002655029,21.9851093357332
1.37999999523163,11.439334287513645
5.21999979019165,8.17225535337428
0.174400001764297,1.0198500209225454
-9.87600040435791,-16.82316366450415
5.32140016555786,12.458271357048854
-7.99840021133423,9.895895113093335
27.0599994659424,15.999145589917322
-25.1979999542236,-30.066103035102294
-363.528015136719,-240.46139671241366
5.03999996185303,6.901513779099458
19.1331005096436,-105.49663920178907
-34.9020004272461,-20.38947168301482
5.01000022888184,6.675102419261603
27.4799995422363,41.721504776192674
2.12800002098083,2.5466069953095527
10.3950004577637,14.407719737324362
4.01100015640259,13.9162517443314
53.8608016967773,49.81066682666421
3.85199999809265,11.56625343837894
67.9199981689453,51.221507583721575
2.45819997787476,1.9614077990882706
1.72619998455048,0.8171965284482745
-33.484001159668,-29.789556482039785
22.6499996185303,22.34217782972513
9.35999965667725,29.586488040050703
12.8573999404907,-12.017850095364858
44.9749984741211,51.34420584029068
-2.0699999332428,14.065579461837853
-16.8959999084473,-40.53543934396919
89.7750015258789,21.172492841774275
-11.9340000152588,-30.70192438520752
-8.36999988555908,-17.054139679347806
-146.309997558594,-83.80695845572157
30.1499996185303,5.619078528516058
3.50999999046326,13.087044666380665
1.25999999046326,6.700431185668824
-45.2400016784668,-40.70236544114115
4.19649982452393,1.495300356383563
-24.4160003662109,-29.660407661454983
-4.46400022506714,0.9698517674426679
8.25,9.77320719372267
4.51879978179932,10.855992209025432
6.47499990463257,11.011595763601196
24.75,20.862946915955543
92.879997253418,79.25975650451974
56.5110015869141,45.845354063599636
105.0,65.04782363265345
153.089996337891,70.89804565520825
4.32000017166138,19.33684930644401
17.2800006866455,10.961247430604704
6.65999984741211,10.927082436127158
90.6600036621094,77.34676976220553
166.440002441406,61.03843437791467
-0.60479998588562,2.456521122364556
0.660000026226044,8.961974616569663
17.5799999237061,44.59700653883779
6.84000015258789,43.36248999688745
-14.2356004714966,-10.182381590528477
2.72790002822876,40.863535200493416
68.1192016601563,-17.92518543707658
19.7910003662109,9.125236985297631
25.3799991607666,17.906451500570533
12.117600440979,-12.374403623038349
12.960000038147,56.101524463814954
-117.360000610352,-113.64628922229339
-25.2779998779297,-36.786352220122026
84.0599975585938,69.21204899153102
20.1599998474121,36.44069255161926
75.1500015258789,59.02758955908433
-2.94600009918213,9.384141472948956
5.02199983596802,18.246568063437007
8.09459972381592,13.741671611248881
5.91839981079102,11.293551175909395
6.71759986877441,-12.212529396218033
14.8500003814697,17.839221386256483
74.6274032592773,-5.31716588170122
51.4739990234375,42.00287227596395
-12.0979995727539,-9.826079513449985
84.0512008666992,83.99498927585464
34.7999992370605,52.54559699461889
-540.090026855469,-235.61743308118747
4.8899998664856,20.040370865141757
2.57999992370605,12.122260578395254
32.5800018310547,41.7655971626403
93.768798828125,-0.5900523420669135
52.3800010681152,69.5630508621851
-153.345993041992,-108.40993284368655
-14.5536003112793,-17.16587045582378
20.3400001525879,13.209696159079904
-143.981994628906,-119.92929711386834
52.0800018310547,33.384966412406875
-18.0,-18.243695151896674
10.08899974823,4.536723134195397
7.30800008773804,3.5913154454513814
41.7599983215332,22.035719631296022
32.939998626709,59.60485385801721
13.6199998855591,12.51158344949825
6.30000019073486,13.632259862561082
5.69999980926514,26.396557761226717
3.0239999294281,7.874520873298843
-18.5400009155273,-12.496388094690824
81.7799987792969,95.22272175974722
12.8058004379272,19.994058648976846
4.50400018692017,0.9098438703997029
14.671799659729,16.422908576698596
11.1132001876831,15.73101217365388
78.4349975585938,19.04248229545484
10.2600002288818,27.26694755720802
66.2399978637695,99.93453820269436
7.09999990463257,7.984084450628005
37.1699981689453,31.604173947847443
10.9602003097534,-4.750686005265834
35.3400001525879,23.609730297262075
12.2399997711182,24.395822526038806
30.8999996185303,35.283141044261896
0.773999989032745,-18.550195320050186
17.5499992370605,17.4771527107327
131.820007324219,120.04880028119626
118.620002746582,61.90346626068437
6.0479998588562,9.751176031125144
57.5400009155273,54.854360890037135
0.599799990653992,5.03136831651958
2.09999990463257,14.933464159813461
44.1599998474121,31.517876013687065
7.01999998092651,8.019143011708447
4.43120002746582,10.800411224371409
79.0800018310547,53.39567778288887
76.4000015258789,50.02554224149804
0.0,20.55748213069007
2.2260000705719,6.307611664326238
4.79400014877319,5.493321215098982
-19.982400894165,-17.485308176579238
-13.3559999465942,-2.728836674253312
2.8199999332428,9.587855090596626
14.8800001144409,8.963805844873646
2.41919994354248,7.673661383395914
-9.63000011444092,-12.355993123434745
212.009994506836,56.95762039532475
103.680000305176,105.87302743317112
-780.642028808594,-378.09946780269144
70.0335998535156,68.30915938731557
34.2000007629395,35.168731616440226
48.5391998291016,39.02868106241473
2.54999995231628,23.442170097063354
19.1100006103516,19.37692805552814
0.0,50.60148381517821
1.98000001907349,11.127714043138873
-2.86560010910034,3.881888932513043
1.86000001430511,27.700411060474444
59.939998626709,32.50075474499557
54.0,39.56170482085954
24.4799995422363,15.7076591176922
7.875,8.748140092486585
-3.68919992446899,-8.028902338202146
4.98000001907349,11.850065340760324
7.73430013656616,11.531279756528384
-45.434398651123,-27.26485947231574
9.93599987030029,10.534870665662755
2.60999989509583,12.067392226631524
8.90999984741211,9.398308823193755
-14.7779998779297,26.61651636502151
21.2040004730225,8.78477544939768
2.22000002861023,7.37932044845893
8.28600025177002,21.88303090614763
1.57500004768372,4.7293587335610106
7.76789999008179,10.489584903575699
6.42000007629395,6.432015990691534
73.5839996337891,63.15693004101427
39.3600006103516,21.39761207267013
-14.8199996948242,-42.864329023134204
-14.9778003692627,-2.826639134390785
101.639999389648,101.00815042238098
-46.2560005187988,-32.7744557102144
73.4100036621094,49.946565581360645
9.56999969482422,9.341690807638743
9.53999996185303,12.725449439601208
11.9399995803833,9.202075884547538
46.439998626709,104.8072889214994
2.64000010490417,10.458362313747998
10.8000001907349,10.244659151289646
64.7855987548828,43.19464293425611
157.018005371094,137.1718207370253
-10.4099998474121,-12.070688388739027
13.0375003814697,11.96550759122237
4.17600011825562,10.833324664587991
-35.0559997558594,-34.062645416782075
-19.0919990539551,-21.425853462421813
5.21999979019165,10.496937253882999
6.41279983520508,13.192819843429348
18.5400009155273,7.119401598314653
9.33119964599609,14.077166942112237
3.59999990463257,10.145393013596035
14.039999961853,24.43654567266533
21.6599998474121,19.877695153734745
23.1299991607666,14.631127319721166
0.0,10.477576708139038
26.5904998779297,45.313558437575594
38.8740005493164,34.19566494643134
58.6380004882813,50.03956752065433
15.831000328064,56.15045545049994
58.5,34.166633615528106
8.72999954223633,10.58866740536649
50.6100006103516,37.89650251510858
7.20900011062622,10.643953915764857
4.81180000305176,7.8810358962979095
10.4984998703003,12.05980548822188
-27.5879993438721,-33.20520534974915
25.4610004425049,20.278656972223203
90.8399963378906,95.58700048253847
23.7600002288818,20.92076258641367
13.5,7.369134746757396
0.566999971866608,7.577651196244243
-68.6447982788086,-48.7621762494059
-5.49599981307983,-13.826387398373546
47.097900390625,32.963504548810974
25.6800003051758,26.233875987404296
-4.01999998092651,-13.431255655952453
8.9399995803833,9.412319803535693
-109.936996459961,-15.854973469571044
0.540000021457672,15.334481773080709
7.92000007629395,11.655896843804246
43.0139999389648,19.03769697549195
8.26200008392334,27.292222766940085
-47.5236015319824,-34.60711668130379
-26.3376007080078,-10.891433036786514
112.319999694824,99.68706776203749
23.2560005187988,-13.207336310151986
-7.93499994277954,-7.614084516065914
42.4500007629395,21.70425282755572
12.7200002670288,25.613868213914863
-0.0149999996647239,-66.87525890563579
17.7299995422363,14.55127753767445
18.0419998168945,12.433004380131154
19.7700004577637,14.255124358097202
5.5673999786377,7.203609365192016
2.46000003814697,7.11591638009326
7.05000019073486,22.293705034718343
-11.0579996109009,17.55571581341723
4.94999980926514,14.507850732274257
27.5699996948242,20.28136429706112
11.5920000076294,20.873336228281367
47.0069999694824,21.02761831323516
3.77099990844727,10.905551817299848
36.5400009155273,13.580424822017259
31.3560009002686,14.70434315540357
16.1100006103516,29.079850178645692
12.0,16.12774996611385
0.899999976158142,12.956513668941602
20.6336002349854,20.073457060500807
-31.9680004119873,-35.88063217819352
1.15799999237061,4.484957955422454
92.1900024414063,56.50543989888426
39.0,22.34856924402672
9.33119964599609,16.30835305856367
0.0,-15.335953821456327
-60.4080009460449,-46.78338710441056
-28.0559997558594,5.926891916025697
-29.4300003051758,-43.07425764142968
5.40000009536743,15.044307319192846
5.7979998588562,-16.283348364151074
26.7600002288818,21.635570671417124
5.84999990463257,9.467422086188613
-22.1382007598877,-4.60448095921816
-24.4799995422363,-18.526219535639648
-2.12400007247925,28.257451567722676
-3.03959989547729,-11.274781938449992
-2.41199994087219,10.088753764117424
0.0,38.52602403544215
58.5999984741211,32.238196076984984
36.4500007629395,16.86684293253775
-12.6000003814697,-16.555065514131755
-10.1759996414185,25.313970888960615
48.0,39.07061559655046
28.4099998474121,20.71204432031343
131.130004882813,69.56742451671172
17.2800006866455,12.978797762716955
11.6814002990723,1.5307879767539259
-6.88159990310669,-25.41200168403366
1.55999994277954,7.482655692214353
33.2820014953613,34.11878244073963
53.1599998474121,22.05167573528818
9.21599960327148,10.949872505939435
36.7709999084473,28.951982872507017
17.1000003814697,21.494061521811496
27.2099990844727,25.500910586248516
-0.800999999046326,5.051762785098448
14.1599998474121,18.338688892610993
16.4400005340576,11.214238031313307
15.8999996185303,19.09621888943348
69.7799987792969,44.87341305787549
49.5551986694336,54.366567297767624
9.53999996185303,32.882156029076356
56.6459999084473,15.052490638653744
14.2799997329712,14.040834021870273
14.1599998474121,12.369644772539342
1.19879996776581,10.136473062911438
6.32999992370605,8.738500587625728
-20.7845993041992,-1.8396579983963992
27.0111999511719,24.45735911003605
14.2799997329712,52.37254018638073
17.2199993133545,15.200626821852058
14.7600002288818,13.300603760497339
8.49419975280762,20.66254312930162
2.60999989509583,8.740630177889814
16.7759990692139,9.514706597602407
-3.53399991989136,9.82289802090005
125.160003662109,92.78228267908247
3.66000008583069,20.571780525194185
0.990000009536743,7.234506679154219
15.6599998474121,20.306639116008295
25.0380001068115,124.79764183754213
82.9800033569336,66.80123435437852
9.65999984741211,9.806088185943445
2.78999996185303,7.846769698351286
18.7199993133545,21.27671685788313
40.9500007629395,25.645401018120708
2.24399995803833,27.924450081797367
2.09999990463257,30.228580636831154
45.2400016784668,22.30241335757607
7.98000001907349,8.695514741520858
-18.1807994842529,-2.6651353062342213
1.80110001564026,6.521486853304066
46.6199989318848,37.40514774924638
1.95000004768372,9.674270917959804
17.2800006866455,13.82528614642215
-26.9955005645752,-25.76067356830506
4.29300022125244,11.329799253294603
1.72800004482269,5.49595520358036
5.53280019760132,10.761347768673248
17.7299995422363,21.076911131357704
14.6700000762939,100.123207448022
24.0599994659424,21.128846938481487
4.76999998092651,13.954314752586459
22.6259994506836,21.804772230487366
-11.835000038147,-13.843445571801832
-205.5,-90.28977508802656
-2.66400003433228,10.175769725257782
-304.223999023438,-309.6816551542721
-20.7900009155273,-36.591401085448574
4.8600001335144,15.43301143438918
1.63800001144409,6.898730195496395
22.9680004119873,-37.7134001009239
-43.1370010375977,14.597940099333382
0.0,9.410200023247596
3.57119989395142,2.097888677135762
8.72999954223633,14.094786920511796
8.2180004119873,7.356204826403947
-35.2151985168457,-14.82800742433078
22.6781997680664,18.288908400092716
20.3400001525879,13.079927668316278
53.9216995239258,17.341073102489243
4.92000007629395,6.093982156889669
13.4315996170044,12.281729029005266
6.51000022888184,10.561826887094147
2.09999990463257,8.849973117395997
13.4099998474121,28.94595299367785
-3.56399989128113,-10.271313303446641
36.2999992370605,37.804138020364434
-51.4799995422363,-37.301006401210195
1.08000004291534,8.267211429072024
-18.6299991607666,-25.22735642064653
-10.1280002593994,-5.8865266995273
-48.1679992675781,-45.56370431650839
-165.072006225586,-124.09613923566907
48.75,59.65364342837148
-6.15000009536743,-20.88194905583201
-10.326000213623,-27.879773743654425
-21.6480007171631,-30.77826399060396
20.8799991607666,108.38738908312419
3.08139991760254,13.168491652968118
69.5999984741211,73.54216163111946
178.199996948242,108.49845792742136
6.17999982833862,7.994808071447224
-26.6490001678467,-40.80428328002889
-6.48299980163574,-21.6894867090506
68.6484985351563,92.56830440777001
-22.4580001831055,-44.05872152605624
-28.5179996490479,-30.113706574556574
165.360000610352,87.07634492220213
62.4300003051758,64.27286881184277
8.5319995880127,11.725253833594568
19.875,25.094940360556905
0.10080000013113,7.499692049882724
6.99900007247925,3.106883310166629
69.7050018310547,57.81075337707303
6.64680004119873,8.470452750955296
5.25279998779297,4.855376450426144
5.55660009384155,12.882411953450752
12.7007999420166,8.090973559683071
17.5240001678467,16.041261944653744
-10.2419996261597,-11.155265019081222
-1.83920001983643,-9.97784336497096
0.239999994635582,13.78223803129887
9.53999996185303,11.867949966232382
-4.5770001411438,-14.621760217396604
1.35599994659424,30.045177407914302
2.54520010948181,14.155255900419148
70.3119964599609,49.00095890316467
57.1199989318848,70.49641939362627
-13.3199996948242,-15.253358871141666
33.4199981689453,17.968889658523405
-2.84999990463257,-10.385487314899146
14.754599571228,-18.85151150174414
-14.7931003570557,-1.4511535761530538
67.620002746582,62.1052864349892
1.11000001430511,9.071550124607352
0.693000018596649,5.575416267445532
93.5999984741211,48.4011522723403
28.0799999237061,45.29264454826296
7.33860015869141,11.151857367169432
9.96000003814697,33.738328430842486
-0.0120000001043081,-37.02171827270125
4.22240018844604,11.177548316035375
5.30999994277954,8.548792325984351
33.2400016784668,58.56946830365975
71.2799987792969,59.22244753651441
51.9000015258789,4.202735419953735
74.3399963378906,71.88482217442952
11.7741003036499,27.78897459750535
2.90700006484985,8.966756295116138
67.6500015258789,33.01422016424688
61.6199989318848,133.8064438983911
2.27999997138977,6.991914635172057
20.5499992370605,16.466683810328686
4.87799978256226,19.614158991860137
-6.61499977111816,-7.27541276455201
14.5139999389648,6.847192849966941
32.5950012207031,17.621192922318297
15.8400001525879,22.765760254454236
50.4599990844727,31.058809029597676
30.4500007629395,79.51327765724946
-12.4440002441406,-21.776567144108675
27.3600006103516,35.30767305747149
-2.40000009536743,-15.415698163491564
-23.507999420166,-19.80802611688228
-123.947998046875,-134.08169209737304
-50.5559997558594,-65.05567321111626
-86.0640029907227,-134.3252749909811
116.550003051758,66.97287389676193
9.0600004196167,13.683164748179518
4.59600019454956,-15.575599683366258
110.339996337891,60.55504077620537
3.53999996185303,21.897623424652785
7.92000007629395,-22.1676050900752
6.48640012741089,-11.224870511418876
5.69999980926514,8.783205645005637
21.2399997711182,12.372125855379542
54.7200012207031,33.4072354649594
58.1399993896484,49.649993563146296
51.8400001525879,19.280537450309986
8.88000011444092,12.18019896430711
25.8600006103516,21.180698131721982
36.9000015258789,48.29329182385606
54.1800003051758,39.93402816548385
38.2667999267578,36.38500380867096
12.960000038147,13.184958364112639
84.9599990844727,88.83955877522163
20.3999996185303,72.38727243733011
11.5200004577637,13.034579376541108
67.2742004394531,62.26754901355785
-82.2239990234375,-92.23497474682333
-4.56799983978271,-3.2709513797630354
62.2379989624023,-4.248702859769306
-4.3439998626709,-45.43822815879902
1.04999995231628,10.446770483617527
30.4682006835938,-11.594702610059331
0.839999973773956,5.847606838604629
36.3600006103516,25.1392945199295
7.05600023269653,12.486661947703949
86.3855972290039,54.390987822901394
9.71759986877441,53.692953322306806
20.3400001525879,40.54773590752517
-150.429992675781,-230.0118603182795
17.9099998474121,12.631479253724168
5.17500019073486,8.450885285710491
114.611999511719,34.116586101226126
37.6391983032227,30.711938230008016
42.0744018554688,30.76128715707521
1.32000005245209,11.158933920145671
-28.6271991729736,-35.5293389356364
152.087997436523,56.29576361094681
8.64000034332275,-36.3490931351177
4.59000015258789,44.258916548443025
16.2000007629395,27.909248409182545
99.6984024047852,43.957288498921855
5.40000009536743,47.939930979789644
-70.5120010375977,-61.696648458865
49.4970016479492,43.39253697322195
-34.627498626709,-35.55257168435925
4.32000017166138,18.956905316228553
-55.0919990539551,-9.922962107075696
18.6956005096436,20.41949304566553
6.55200004577637,11.646983710257738
9.42840003967285,12.156973163269761
33.6473999023438,14.765940078858781
16.9200000762939,16.150811003555006
1.01999998092651,6.836830322695199
84.5999984741211,55.97489610155355
90.644401550293,13.550782163554963
0.0,25.30713294670017
1.32000005245209,10.894746825858103
6.65999984741211,9.32076609158727
42.9914016723633,28.72905011295049
2.73359990119934,8.449824288737808
43.2000007629395,101.08795269222706
-309.600006103516,-245.92643117226152
15.539999961853,21.31010391824342
15.8400001525879,17.90467718544196
21.596399307251,23.090687494320846
35.5379981994629,18.470434686500926
0.824999988079071,10.350820833108294
10.5299997329712,64.73926901858806
133.440002441406,66.8046031441933
4.08300018310547,8.336054335330296
11.8500003814697,33.95736300203826
29.9400005340576,18.839293829397906
27.3600006103516,22.969235465754725
97.0500030517578,57.65355016988697
65.0999984741211,100.13175449972513
21.2399997711182,32.83512719630102
7.92000007629395,11.711020994237984
25.3799991607666,19.623564947461674
10.0799999237061,10.680632393636627
54.5999984741211,75.34733782890761
18.4500007629395,24.283936727941768
5.48999977111816,7.116058453783273
20.0400009155273,15.176937735730116
143.910003662109,45.271438238570546
31.1490001678467,28.732314659419202
157.468994140625,179.03275042896382
7.19999980926514,10.531864776966662
47.939998626709,46.35020822185846
11.039999961853,20.04338692015491
12.831600189209,15.81615530338673
9.89999961853027,5.924033459873879
6.75,9.02752992491183
46.2299995422363,44.20214208254376
-2.40300011634827,12.825182895847849
26.3966999053955,75.79470880226756
-8.10000038146973,-3.404287956988524
-24.9839992523193,-18.905910117385872
8.22599983215332,-22.22576801454582
2.36999988555908,14.922233494987669
137.151000976563,97.02505878925304
80.5199966430664,47.426991629381135
0.0,8.01703617111288
4.55999994277954,20.240655172334733
78.7200012207031,47.58721078461485
6.90000009536743,5.731638963690785
148.994995117188,76.71238689276592
-3.90400004386902,-9.471975492393371
52.8227996826172,18.187673593947913
-53.25,78.98479563450306
-116.620002746582,-134.92828300930205
-2.67840003967285,-10.091557712361082
17.7744007110596,12.80806920425721
5.89139986038208,10.918174520332208
12.2246999740601,14.82509916439412
76.2525024414063,76.30382789409988
41.4000015258789,-2.932151730234029
-22.7280006408691,25.849837134411096
7.77279996871948,11.20622030078643
58.3380012512207,21.788159131414425
-3.22399997711182,-7.57844448748517
56.8800010681152,41.520240777416625
1.86000001430511,8.919354256590024
15.5232000350952,17.892485727985246
-7.07100009918213,-10.612542159884095
10.8000001907349,25.50604921282101
6.0,12.7929412715818
-20.5046997070313,-25.426553151805315
41.2799987792969,40.498350301002176
11.1599998474121,13.16192227098482
-98.4240036010742,-70.23102051582407
19.9500007629395,23.890291098548897
109.237998962402,128.60023129201568
3.11999988555908,15.644708395574543
69.1992034912109,79.34245755554835
4.27169990539551,3.910984936354895
-5.48699998855591,-8.777764856846632
-64.7748031616211,-6.78506490707324
0.610199987888336,7.839274019243858
30.3199996948242,19.23649214193646
6.3600001335144,8.806458077452856
6.55999994277954,30.37793749144513
11.1599998474121,12.334938319465946
-1.96560001373291,-12.685515461185647
3.55049991607666,7.028157769346423
31.9319000244141,26.160325165033136
44.5961990356445,42.978546697014295
33.5999984741211,20.85756252082261
17.6399993896484,14.834742427951532
0.479999989271164,8.235540933231988
0.720000028610229,6.843881563549257
32.5800018310547,18.737726433660576
21.6599998474121,14.778020449573422
12.3599996566772,15.318549602761767
83.9700012207031,33.97622219572234
4.28000020980835,8.887674091315413
-36.2924995422363,-11.628806133251013
13.6440000534058,17.647931438150188
0.75,6.222049276894665
118.983001708984,102.9064837657287
3.79200005531311,-0.22958683805338964
110.339996337891,44.264321418277845
12.6400003433228,19.363878580006716
141.723007202148,23.455102568691963
-6.97499990463257,-31.09374910043337
14.8752002716064,43.17183585569685
37.8629989624023,64.78883839445473
72.5344009399414,41.87916637132592
15.0,47.021543685064344
83.6999969482422,47.73088455425027
12.7799997329712,25.155957353061982
16.9799995422363,5.107886695442645
23.4720001220703,42.721058848944836
81.3539962768555,73.0308082028182
88.1999969482422,80.76765025171102
0.569999992847443,4.620987315963353
0.833999991416931,2.7470854289788695
-12.2159996032715,-14.467594400327245
-4.7519998550415,-3.0627377157104316
34.5,20.504797935138463
172.259994506836,88.18306233616005
6.84000015258789,6.657070010032418
34.4231986999512,14.588943272105949
13.486499786377,19.384105847773647
3.48480010032654,-0.33268101367602476
-37.1124000549316,-57.94754752858776
60.5950012207031,69.79037298299211
103.898002624512,85.2155116977036
15.0299997329712,10.895057325852614
7.40999984741211,8.94413813378694
-2.00160002708435,1.9859560214835863
-28.1040000915527,-33.93894603437168
12.9119997024536,2.2617257761881024
59.6399993896484,106.43476467931582
-53.7319984436035,-88.46249769440671
-10.6319999694824,4.687409074580489
137.759994506836,99.89294106446222
65.6039962768555,22.958526915721926
199.699996948242,100.3095820408526
-50.568000793457,-54.04295612860649
-73.1760025024414,-49.39179066148408
30.9120006561279,-3.8800262200063287
4.1399998664856,12.768036945718146
4.39020013809204,-11.21961984826339
2.22000002861023,4.817065223948111
1.38399994373322,-0.16638039412308991
0.0,42.81001381867355
14.0699996948242,27.7437094199801
103.599998474121,52.39170206474819
6.03999996185303,13.522176268646245
1.20000004768372,5.131201009508679
-1.08000004291534,1.9136806169236795
5.82000017166138,9.166318040781556
3.60179996490479,7.912888458644414
92.879997253418,35.070106743006754
8.79899978637695,19.8838556481528
1.90240001678467,6.748255745848107
139.559997558594,112.2974741376908
50.3832015991211,45.99874081655755
25.9200000762939,19.381259672600052
12.3599996566772,21.083093204434633
4.39039993286133,12.084317201522842
16.5240001678467,46.23731119614216
3.43199992179871,-26.096147688463873
0.449999988079071,10.15974394745901
2.64000010490417,10.519147804580085
34.2599983215332,46.72289332310247
-41.1660003662109,-25.396591857751424
16.8209991455078,9.753589490998468
6.22079992294312,15.081130594834352
14.3999996185303,13.268865930388637
97.379997253418,67.93220772575118
109.919998168945,53.45515183564088
-48.7839012145996,-63.8498959313534
6.71999979019165,11.60198942150492
13.0094995498657,18.097011856854223
2.14199995994568,7.597364078875566
1.52999997138977,6.416792559066046
4.67999982833862,10.812535545039964
39.5400009155273,20.15342827419947
-13.6319999694824,-12.639115778189781
-10.2419996261597,-15.95533877032681
5.57999992370605,11.863858434418557
41.9199981689453,30.574267455804183
0.730000019073486,-3.1584338764906352
-3.82080006599426,-15.639790857339479
6.25500011444092,7.555601484035332
-35.3279991149902,-39.55518337892325
3.72239995002747,-6.884831497712989
4.80000019073486,12.384674935414266
28.8575992584229,35.449719332268366
-247.091995239258,-204.16780906472206
15.3999996185303,22.851817569029606
-28.7964000701904,-35.2782910523236
18.235200881958,26.65216889683665
11.0860004425049,16.8276459317189
9.19999980926514,30.934814893677107
3.16540002822876,12.31981566046971
4.79400014877319,15.892609951963614
5.57999992370605,7.053916550394971
1.20640003681183,8.854265570113004
-68.3280029296875,-53.429170019595176
16.5599994659424,11.789243333423848
25.3199996948242,69.57741675326602
27.5400009155273,21.36838833223701
71.8199996948242,33.31266157769712
36.7173004150391,41.48481840652139
1.61280000209808,7.4522924095292655
2.14019989967346,9.646292360637803
-4.19999980926514,8.143776000710703
35.2620010375977,18.28076217509708
12.4415998458862,18.375683552198808
62.3699989318848,51.027166222983865
60.8639984130859,-32.35969216623343
-10.2480001449585,-10.953805154884707
26.7600002288818,15.951998447517692
14.039999961853,23.876521400635507
38.8800010681152,45.99712241369241
13.3176002502441,83.22015360040797
-37.9360008239746,-46.25038145978325
6.68800020217896,4.144485372964727
9.11999988555908,11.661822786009798
13.1400003433228,15.829894961367579
78.1953964233398,37.72719758343165
6.59999990463257,14.13289170368959
29.3400001525879,35.70734065201519
11.5799999237061,22.168362253125743
44.2799987792969,69.03773326908369
10.2399997711182,13.755116883117399
3.80480003356934,7.01749231983776
50.3279991149902,45.75959139076843
5.40000009536743,5.217728512116615
52.6500015258789,48.857198037295724
30.2777996063232,12.992462780103335
38.5722007751465,-6.1720101251482
60.2999992370605,22.383237850436952
-21.5249996185303,-12.990933438241958
-21.8880004882813,-18.822150117380545
-14.2290000915527,-25.759341007287794
10.0799999237061,11.284017890045634
51.5999984741211,35.74322930013641
12.7019996643066,16.755315944123154
35.4000015258789,22.612197352087342
160.623001098633,85.07146332450581
10.7300996780396,17.980537157161663
67.8600006103516,32.39970191132961
15.0984001159668,16.877123897155638
15.4871997833252,18.62918348490006
3.15520000457764,11.952042120659137
-22.7880001068115,-22.01028777244388
5.86040019989014,12.72290787201008
-5.19680023193359,-10.26097941180731
9.7608003616333,16.947647252557314
-11.7840003967285,21.020206102412573
-75.1920013427734,-50.82384008715472
14.0859003067017,20.21903271207239
13.5539999008179,9.033581832980738
10.8000001907349,9.78483652677951
147.251998901367,52.51887632238724
78.0719985961914,55.85254132543904
3.32999992370605,5.974527466256996
1.79999995231628,5.446635105373716
-111.499000549316,-69.92439256160071
96.1500015258789,61.97192460808803
1.00080001354218,-2.9635915368195693
-8.31599998474121,-19.47691169244984
11.5136003494263,1.9352471485629366
9.60000038146973,9.255991897565117
-18.8363990783691,-21.416668088095165
15.3929996490479,3.3749789300704434
6.51639986038208,-6.203912744030964
81.7020034790039,28.368889507717817
1.81439995765686,5.993167867664402
0.333600014448166,0.9728772207107745
7.98000001907349,8.012331072444159
2.64120006561279,2.396230567340723
218.399993896484,177.78257862303528
38.5800018310547,19.266129900688167
14.9399995803833,11.630454234950587
11.7840003967285,8.192781018508349
-5.07000017166138,-11.917551184010938
-28.1700000762939,-30.68625803230705
23.5200004577637,82.43307048313201
-32.8800010681152,-32.66326484004732
73.4789962768555,30.02199186023524
12.9840002059937,5.4448893831271725
19.3500003814697,16.1719948753873
-60.5849990844727,-90.19630280503891
-12.2849998474121,-16.17090226919278
49.2299995422363,42.185451646662244
-106.680000305176,-79.22901666637723
6.22079992294312,12.027585916245469
-28.4099998474121,-19.167789013237837
0.470999985933304,7.237403839867252
-18.4624004364014,-13.42462139103957
39.4438018798828,58.91496749231003
4.76999998092651,17.706903447430104
7.02899980545044,-2.8148802808926483
6.96000003814697,8.923522380198555
7.80959987640381,2.741527943587232
-73.2666015625,-40.468471034556686
113.462997436523,52.47369518604992
1.67999994754791,10.446624900968843
32.2322006225586,39.89085040611154
0.0,52.252937273975135
41.5518989562988,88.87957158036609
4.38000011444092,6.764395944285088
6.32000017166138,10.24532834344288
10.6199998855591,12.836857668568811
20.0,25.275125955026922
8.15999984741211,8.9014558999103
79.1399993896484,80.31251486473153
-75.1679992675781,-185.67773201196744
19.7399997711182,9.710491736976822
31.6399993896484,16.92955930384603
-26.8199996948242,35.869102033141225
10.6199998855591,58.18253590701521
14.5151996612549,8.92213738944987
-3.80399990081787,-17.961223067675434
-534.744018554688,-299.6393453971768
-68.2379989624023,-66.77486181477525
-27.9599990844727,-97.56203507794545
-21.3120002746582,-32.97241446482759
76.5599975585938,46.52749731972186
-57.2820014953613,-67.53730256503668
48.1199989318848,42.3467941096151
4.80000019073486,5.684359304667591
-8.26200008392334,-17.436860411374816
3.15700006484985,8.907331821528787
39.0,29.370918644690967
4.32000017166138,20.106536525823977
-17.7719993591309,-32.09587752573614
19.5184001922607,-1.4572786944692115
35.6399993896484,25.024922924577627
12.960000038147,42.356136522397136
10.4399995803833,10.751647116260921
-26.2019996643066,-21.06603734826696
6.53399991989136,-9.74192588768898
15.5989999771118,6.686865690812812
0.0,100.78090552085496
11.8800001144409,16.70602437824402
4.80000019073486,9.148313079874423
21.8700008392334,28.25528177690706
0.744000017642975,-3.6344863317095015
11.7741003036499,28.96989250491501
74.3399963378906,48.75767868167764
34.0800018310547,21.235064737915565
25.5111999511719,11.326425969566142
23.2800006866455,14.951338585901844
75.2399978637695,72.26688439130287
22.2444000244141,27.321767220321064
1.375,4.494108179631495
0.382200002670288,3.48529325033807
7.98000001907349,23.524285490921592
77.3610000610352,19.010940925794984
72.6408004760742,73.68659847836838
16.4051990509033,14.496363555934792
0.470600008964539,3.4514482993572893
2.51999998092651,17.29082650525351
60.5527992248535,37.66211039924887
133.970993041992,111.29654938688388
15.7799997329712,14.417374462711384
0.0,42.23098981123796
53.25,33.976893921309234
3.12120008468628,2.1121678633821706
-47.1660003662109,-42.55458626312577
40.1040000915527,-6.227842082388895
7.73999977111816,12.707224193535298
32.7599983215332,19.742998869086055
-13.8959999084473,-19.56178882803122
24.6599998474121,30.05252278249133
8.34000015258789,14.326583391928253
-2.52600002288818,7.263012339168682
27.2700004577637,91.98527431216101
15.8400001525879,11.902671216280547
13.1400003433228,72.1763995717581
20.3999996185303,24.805003567067583
4.48920011520386,9.297278485592951
7.42560005187988,12.736493525574273
21.9689998626709,6.861934404387548
5.69999980926514,10.548956840167838
7.26300001144409,5.615458968000895
3.32399988174438,6.566760929716572
69.9000015258789,46.910444645891644
78.4395980834961,109.5583253049159
9.65999984741211,8.498842361760335
-1.51199996471405,-24.182222793732855
158.759994506836,107.12083178624951
19.9799995422363,21.056881992072377
-90.2040023803711,-60.20832448146135
174.996994018555,91.410999691552
-10.6800003051758,-14.86492370111372
41.2200012207031,29.59193844503583
31.4099998474121,13.850168980690551
8.57999992370605,9.030814189148806
2.64000010490417,10.71529935022823
46.560001373291,30.306634179533688
218.160003662109,123.30747179501381
6.20160007476807,9.951981459281258
4.14720010757446,8.571381349492565
1.52999997138977,13.823604674205374
-22.2000007629395,-24.763890510988084
-0.0839999988675117,21.56209707198934
-1.51999998092651,-0.7708204102398106
75.0,36.96331023937839
5.87440013885498,26.981704050687277
0.0,6.38349930763818
11.5431995391846,16.281407955462825
4.91039991378784,11.160403918545235
30.2315998077393,13.971940278665759
29.3309993743896,-49.68643725961543
12.3479995727539,5.758611452728684
1.5900000333786,13.293436686830631
-38.5620002746582,-32.741445522787785
-8.22399997711182,-17.36057055737757
-13.6979999542236,-15.757059981793875
62.7369995117188,55.64000001332623
-48.1679992675781,-44.01501524590989
1.32000005245209,7.6411154031357915
8.1899995803833,103.34979012090322
7.81920003890991,10.629740923394412
4.32959985733032,8.96977597587907
9.19540023803711,15.841227047596043
-98.4120025634766,-79.93469921289932
3.09960007667542,7.591847113091953
5.25,49.88283703167175
24.2695999145508,23.704687291662715
2.70000004768372,19.70270034870314
8.67300033569336,14.642850855041605
35.3345985412598,31.69804440474153
45.4869995117188,52.648197690345384
9.60000038146973,11.543285466047935
58.1790008544922,47.267992773299866
10.5,19.64016262258834
10.8000001907349,10.635386165490958
-13.8030004501343,-25.059584745223873
99.2300033569336,46.89984442764589
83.8679962158203,83.40613352064547
8.27999973297119,38.586496840686515
12.3760004043579,8.811508049010744
-18.4799995422363,-16.579141862827697
-106.416000366211,-72.33239975085608
31.6000003814697,23.011293081794946
6.84000015258789,8.67417753762869
109.040000915527,45.12236284609308
35.8800010681152,24.893632165398365
4.32000017166138,8.017899381214635
23.9400005340576,25.570771022192872
41.6800003051758,29.34227562920718
6.74399995803833,-18.232580496951137
9.10200023651123,15.965411039372295
66.5087966918945,44.198386881867044
9.89999961853027,18.47399002354291
-10.6440000534058,-10.243975441489093
209.789993286133,127.03402771608339
23.2399997711182,100.49293284679192
35.1890983581543,0.4795687545799314
-11.9280004501343,-12.133934284837773
12.4415998458862,17.6959093692576
20.9207992553711,22.04833527736063
5.88000011444092,9.017493256391372
25.9200000762939,15.08532814249851
-0.293999999761581,5.7181016355690275
57.6990013122559,22.937280649893925
4.19999980926514,7.604058835250433
-5.08199977874756,-22.361122659517214
12.6899995803833,10.58925414257594
4.75600004196167,9.771773438884674
150.621002197266,107.11867380161492
9.47999954223633,24.225494625395235
9.72000026702881,9.492945835065452
86.25,37.21146710330376
-18.7740001678467,-18.064519835628552
12.1499996185303,9.406808216822181
13.1639995574951,9.92018929943414
-41.6730003356934,-62.39571722789886
32.0400009155273,42.074833549468956
7.76789999008179,9.1394408081381
11.1599998474121,41.92971650914471
7.32000017166138,44.48294419376552
-4.95599985122681,-14.967114961008742
54.3331985473633,45.08850905859565
11.8800001144409,17.254948130414668
-12.7440004348755,37.1031761944749
-4.88399982452393,-2.2389887677529607
138.960006713867,87.08194948807622
134.820007324219,122.68500820575375
3.89499998092651,-3.3764285096965825
15.0120000839233,9.811767911968868
75.8399963378906,77.35601018505997
-6.53999996185303,-53.22978948300116
26.4599990844727,50.59668916749248
4.11600017547607,9.237631242749682
48.4199981689453,30.78447090196572
17.5499992370605,76.72139847172565
2.07999992370605,13.273238066578404
36.5400009155273,23.61522160659182
0.706499993801117,9.481789551388985
69.786003112793,49.7661676883794
-2.98799991607666,10.328104528587696
-80.3519973754883,-91.2095919089644
5.43319988250732,9.575460360801884
-175.962005615234,-101.43409911779781
17.4974994659424,12.820176425272978
-9.14400005340576,-30.202805245901814
14.8000001907349,12.025639255485904
2.85599994659424,13.337595471530872
2.70000004768372,14.032315186936065
25.6800003051758,20.343639959926485
19.5599994659424,13.251190465311844
8.01000022888184,8.946451429531084
-8.66699981689453,14.521739970740688
24.4500007629395,19.21776871618605
-12.6750001907349,-28.687914995431733
-2.15039992332458,-17.714925057747493
39.9599990844727,27.095137796919644
-9.09440040588379,-31.45506806102682
-3.66269993782043,-2.9553237237466217
24.7199993133545,28.260508011001953
3.38459992408752,-3.221103357679354
47.2589988708496,27.998738620386554
6.87139987945557,9.590379545479381
19.1399993896484,15.45146780200107
25.0200004577637,21.13694959868646
-0.855000019073486,-12.946712746061467
17.6399993896484,21.858056559495402
3.1800000667572,8.050654067321716
59.2200012207031,33.49841717345809
-13.6487998962402,-22.257620697355392
-23.5979995727539,-83.0704862317425
143.550003051758,75.1724504145341
1.55999994277954,7.506323684461329
-20.9249992370605,-27.68654588031707
43.6800003051758,25.74027941223639
106.5,72.05524730419063
17.5447998046875,11.980629043088527
73.0199966430664,31.16170541985742
13.582200050354,3.147913984117438
8.06400012969971,15.186996622865315
-140.309997558594,-148.41022266774098
-84.056999206543,-50.255801549139434
132.589996337891,97.73404059101742
-4.19999980926514,-2.0765653927764323
14.9555997848511,23.85199889949294
6.93839979171753,13.377086538571275
15.960000038147,20.01777697306343
31.6000003814697,31.757148417900368
9.53999996185303,16.77302095914266
41.8499984741211,10.694867360177426
13.7340002059937,12.20722148429315
64.1399993896484,77.31616025603998
4.52400016784668,7.948054041247749
-11.5799999237061,-28.538064146386702
0.299600005149841,4.324985512308834
13.4280004501343,17.839513185101787
3.66000008583069,6.58703084607418
3.11039996147156,12.216647965727429
30.6599998474121,49.47767000299974
14.7600002288818,11.829160501699027
24.3299999237061,13.6873457019611
-41.4000015258789,-114.75045894679232
3.88220000267029,13.938612892556808
-1.01400005817413,4.6296534166830705
-36.4560012817383,-28.21606678079163
-64.995002746582,-47.292192762052146
8.80440044403076,15.441490517995685
-11.9099998474121,-18.641957440036542
15.5520000457764,20.730619628726842
151.031005859375,92.30254033523677
-3.48659992218018,-29.374930261429434
17.1000003814697,16.83498193908947
-1.86119997501373,7.567405864636324
-11.6099996566772,-10.700857466780773
-73.8000030517578,-47.149778315354425
3.48000001907349,7.98562763433854
-88.9560012817383,-45.75215562750974
-14.5656003952026,-20.564102063827306
6.40000009536743,20.463650674129465
-74.4960021972656,-30.249767811403743
-18.5562000274658,-40.21265387276606
-61.4654998779297,20.148468804558014
11.8767995834351,9.359871787604602
0.0,19.455374461518264
4.44000005722046,8.977736915108164
7.1100001335144,12.459325589013373
55.439998626709,40.059975862719604
-13.6140003204346,-47.85642574072023
32.7285003662109,30.928891418349686
0.479999989271164,7.5509335835256195
-13.6000003814697,-39.888116446917685
46.5750007629395,46.380373575822475
104.061996459961,16.82464503230621
1.88999998569489,4.851096360164953
1.35000002384186,18.4913472887012
238.440002441406,116.09399128070993
4.06869983673096,-3.431147459316797
16.3799991607666,13.978169020785108
21.4799995422363,16.773533496056682
41.5800018310547,16.74221073192821
-35.568000793457,-18.793896610769416
11.8500003814697,29.988661271922233
44.4000015258789,41.67892889432783
-3.57119989395142,-6.3140884085389235
12.6599998474121,21.857214911651255
-16.3799991607666,-12.845431221397346
35.880298614502,5.983787772766065
-213.494995117188,-85.73154124447387
8.64000034332275,10.74845712107054
-3.27600002288818,-14.42106380838329
-36.2560005187988,-29.984213103965644
-13.5719995498657,21.333475918566492
9.35999965667725,23.678768838378048
-14.9840002059937,-30.908950910660188
2.40000009536743,0.25584556353239485
35.8199996948242,20.965601600936598
2.95499992370605,14.033165268720163
17.9591999053955,12.727044752650048
9.86699962615967,-62.98935491963698
2.2590000629425,12.603987867681152
40.1399993896484,29.946766720765638
-93.5879974365234,-87.66363807706317
5.40000009536743,47.48167442073924
-131.397994995117,-100.50403576095746
2.59800004959106,5.485755399036555
5.90399980545044,36.48719889218936
127.100997924805,77.24326523195954
-0.953999996185303,5.388792715424445
9.92000007629395,22.353742930327826
6.3899998664856,8.625379347667604
-32.92919921875,-13.708272240803892
5.01000022888184,7.953799314571928
1.74000000953674,17.0764831978386
4.43120002746582,8.8792082095186
0.0,11.769383110113473
82.9292984008789,60.67515058805004
-8.0939998626709,-5.020543896394383
-1.97599995136261,-9.689136580390558
-6.06599998474121,20.119222056122382
11.8500003814697,13.259397207851439
22.5,19.597226540198896
8.10719966888428,34.226992774826975
0.0,31.02221200920792
-1.46399998664856,-18.651315314786707
-151.080001831055,-83.10670233126983
32.7089996337891,15.628346638721798
9.44999980926514,19.66112559044572
10.0530004501343,6.444144841914445
9.77999973297119,8.415174758316077
11.8500003814697,20.633803961836342
0.509999990463257,7.196461613604267
26.9699993133545,14.2031805604449
5.51999998092651,7.111098098558973
9.89999961853027,5.8198078251073895
-46.9440002441406,-31.45971496904484
44.6940002441406,19.76054161730267
1.91999995708466,14.58565699004256
18.6450004577637,9.590651447688963
2.47979998588562,-33.23229006836516
2.14000010490417,8.284837864556879
-3.85500001907349,1.604192312488241
27.6000003814697,35.31711577678445
60.3899993896484,38.9484370932044
152.669998168945,65.7502055866488
7.55999994277954,8.994591275520737
10.6199998855591,7.9456774617402
26.9023990631104,14.27168684155479
11.0880002975464,8.47429937173003
57.8880004882813,23.872617144290704
-60.5279998779297,-86.34939818262663
90.7200012207031,-11.679165436536453
-2.69099998474121,7.168580452393675
64.4400024414063,32.81488996907027
19.6800003051758,12.356661358887866
-55.7130012512207,-59.23056399026055
10.8599996566772,27.84535294767462
47.2410011291504,9.442610221978294
15.7430000305176,8.227000672184596
100.480003356934,70.1277868592653
10.5299997329712,6.289490959966296
4.59000015258789,32.5294092806902
18.0,34.14715612391301
-146.850006103516,-69.41586309663857
-2.71600008010864,-4.009536763829491
66.0419998168945,22.757757381905115
39.492000579834,-0.6493221684348978
91.9953994750977,14.320471601071523
8.90999984741211,8.481666047034986
57.2400016784668,44.965294852058726
6.17999982833862,12.77081676588242
30.7800006866455,27.520016191349896
12.7799997329712,9.221784944854162
6.51000022888184,8.65249271571555
203.039993286133,126.40685162972042
78.4395980834961,103.60549500050281
9.29004001617432,51.2744407128216
-1.48800003528595,-14.093543716229357
56.5662002563477,3.1947969425400133
0.600000023841858,9.48595368497853
48.689998626709,34.03427300819696
-15.1766996383667,-20.039147778965372
69.8130035400391,32.189671519682705
0.0,105.83372203238862
25.6319999694824,62.80645581144244
110.910003662109,52.85201266183283
-4.85879993438721,-22.703881448154448
-16.007999420166,35.18802588676472
8.48999977111816,12.830251437524
9.71640014648438,30.44463455313651
168.240005493164,85.3731048559543
96.3899993896484,82.1372080478317
23.3999996185303,13.750861436848039
24.4799995422363,33.17508125177734
4.94999980926514,13.78653867218594
2.88000011444092,10.25505687627181
78.7200012207031,50.21532455122823
-6.03240013122559,-2.242385128722079
7.1399998664856,8.966194757599274
58.6710014343262,24.084292419940063
-70.6559982299805,-102.07689008842402
80.4599990844727,72.86761735470996
-320.239990234375,-116.57757621500971
37.4000015258789,29.841189400844137
153.929992675781,82.57674260948261
6.79500007629395,7.466724509569996
18.4799995422363,21.75540623710039
0.0,23.26095838058015
32.6332015991211,25.565073246702237
-12.5880002975464,-15.102725953233529
-6.98999977111816,-63.9806615730932
5.51999998092651,45.75134037305684
-5.46719980239868,-14.156959939270829
5.46000003814697,11.887506291992725
49.80419921875,72.53973446393663
25.8983993530273,33.792488528232354
1.353600025177,5.443217157396318
15.75,18.72117604490731
9.0,9.178632668452552
111.823997497559,130.98202166991172
55.7400016784668,62.233182065912594
-51.8235015869141,-26.98452367177957
63.8880004882813,11.297032618684678
18.6000003814697,18.65587817628547
-36.0719985961914,-55.507927318834675
-12.496000289917,4.218135163684848
39.5730018615723,5.620841321696724
215.865005493164,61.22715513466127
-12.2639999389648,-8.59537934652131
-6.78599977493286,-13.063669114495008
48.3771018981934,37.58716303665095
0.912000000476837,15.25693757818679
-8.98200035095215,-8.723524389356799
11.8205995559692,17.45050347764197
12.3599996566772,18.774695042379356
0.0,18.760386641556483
3.21000003814697,6.760991782458792
79.875,31.764961020981673
-20.4360008239746,-37.56699803759986
17.7299995422363,21.436652059378403
4.80000019073486,133.99872920879028
12.6599998474121,23.211559140532977
-36.492000579834,-17.702286713070777
0.720000028610229,7.410238054045105
37.7999992370605,39.796881900710815
13.8900003433228,61.50622524585376
18.8400001525879,28.341515515338294
-6.59999990463257,-6.456300992152338
-149.100006103516,-104.79800018521681
17.8400001525879,16.85980778890808
-6.06400012969971,-9.56741585766724
-4.83599996566772,-4.723380688532783
-26.1695995330811,-27.38543177636496
121.092002868652,44.495382375485185
7.90000009536743,13.42640152227969
88.6800003051758,54.551033952060735
8.4689998626709,-23.30486056714269
71.4599990844727,85.52761058649938
5.44000005722046,11.883547471714309
27.0,20.706113855086087
16.2000007629395,14.285610614938221
49.6800003051758,36.736909993542156
130.139999389648,97.28594918839562
3.1800000667572,10.83194839564576
17.0268001556396,22.539450897856323
16.3199996948242,16.56545517300666
-27.9312000274658,-19.226011042396443
-50.8703994750977,-11.853264275057763
146.699996948242,102.18400544046186
-6.08900022506714,-13.23948832752147
-18.0881996154785,-42.59001905368411
5.09999990463257,6.734970763014617
29.9699993133545,19.988199343922
10.5600004196167,18.365556414551943
11.1599998474121,37.71447690124077
44.9580001831055,1.7002343508500317
82.3379974365234,29.73715108230551
34.2480010986328,17.37207330989558
6.59999990463257,8.471115344059674
-1.50300002098083,14.614107622671602
183.149993896484,66.04829482770698
174.014999389648,93.64739603613667
101.958000183105,32.98761608217246
-6.48799991607666,-13.809665306927103
3.68549990653992,1.4704379238352985
14.7600002288818,17.755226926326163
9.98999977111816,14.271367631524516
2.75999999046326,10.082754045342089
68.4000015258789,128.8354012608244
30.7199993133545,19.033136864975642
22.9500007629395,30.287870733875316
-3.91499996185303,8.078796644775748
27.5400009155273,27.382970070373617
4.87200021743774,7.379401887837233
-1.91999995708466,9.174114214795834
-31.5240001678467,58.49792084939661
144.0,181.27453243020133
0.0,-16.473570745328374
-55.8400001525879,-69.20689738259475
8.5024995803833,21.123763869109535
-4.1399998664856,4.245775641618372
-12.9720001220703,-19.342394055448523
36.1836013793945,40.85563653750043
116.699996948242,59.07281657396079
-3.55800008773804,-7.712923223188161
-7.73999977111816,-7.746784489686606
13.1999998092651,23.324545911785616
-7.36199998855591,23.124813739582137
9.67119979858398,-1.2589290617104982
-6.13800001144409,17.432109938364384
17.5139999389648,13.948351696350949
52.3800010681152,75.15828464339913
-76.4800033569336,-41.22047074289762
1.83539998531342,-8.531658769512442
-13.5539999008179,-45.245357212215
5.45039987564087,32.91976577162747
73.8720016479492,35.12543894804136
-23.2600002288818,-61.789341400124584
0.584999978542328,-6.639479325271116
11.6999998092651,12.348501191007616
5.40000009536743,26.487968097592965
22.2264003753662,25.35374821994614
-2.57489991188049,7.491441403786718
5.44320011138916,6.97557554654746
5.38199996948242,12.949540787073657
-115.430000305176,-104.54068582602216
-8.67599964141846,-4.706582398630212
1.271399974823,11.462271494327323
-4.80000019073486,-10.185918639080162
-3.49140000343323,-14.371672924676224
50.3959999084473,19.144219980727698
-40.7685012817383,-81.7802797621056
50.3400001525879,55.39436664577575
-149.255996704102,-145.85481160944343
-14.2080001831055,-21.3139247405475
-1.86600005626678,-4.25246849296853
96.7799987792969,69.3806363188432
35.6636009216309,38.81437893423865
5.12939977645874,-20.048062133765796
20.7807998657227,21.160278301674282
24.6000003814697,43.872242974522905
7.02180004119873,12.90888146030682
98.879997253418,69.44989070493666
-4.67519998550415,-25.057280641466186
-2.83080005645752,-24.83134218848958
22.8999996185303,19.728376320997064
1.24000000953674,18.799011710295325
25.0200004577637,33.119191260103904
10.4399995803833,114.58163939219882
39.1199989318848,25.437557043180917
1.20379996299744,1.4312650860733402
3.29999995231628,7.731118572014694
3.0,7.7685658317481145
1.63999998569489,19.92245822246588
34.9799995422363,32.98672063199282
23.5799999237061,45.64251830311094
9.39599990844727,7.15999933597239
10.5600004196167,12.264634012559245
218.160003662109,120.79954082699007
33.7799987792969,29.335735109492894
2.22000002861023,6.8601002383664955
21.9599990844727,36.380156849935034
11.1943998336792,3.9097596298566257
13.0799999237061,15.083687666355647
3.24000000953674,6.726748068615807
7.03999996185303,14.501256798458801
19.9200000762939,19.64875080166425
5.11999988555908,15.964750408815373
76.6999969482422,93.83796525371189
-120.513000488281,-125.10937883994451
39.0,103.42797235486975
4.5,31.514412695596015
49.560001373291,31.421368746368408
10.0200004577637,8.639620821211128
-356.727996826172,-236.15011008282622
8.03999996185303,12.29682621931543
36.2400016784668,97.21418827441342
18.8400001525879,14.548141138451571
8.39999961853027,21.494750636940424
24.7800006866455,18.010190150752795
-44.3279991149902,-65.51831950075211
9.0600004196167,8.463949978568262
8.10000038146973,15.604973951625013
5.36999988555908,6.447569505900413
0.100000001490116,4.785800491461585
6.71999979019165,6.26913579213708
2.32200002670288,6.918294042199319
35.2799987792969,26.96000498866332
7.07999992370605,8.365567551755603
-12.4949998855591,-12.769595040948134
-14.7239999771118,-9.563672176743934
0.0,-33.104907764608186
25.6800003051758,8.987876575060115
10.6470003128052,-5.788130458890988
73.1940002441406,18.434636331924835
-11.6319999694824,-10.215422836048555
-49.3800010681152,-51.63939585978254
5.82000017166138,8.124849570517316
3.64000010490417,-89.31419325642646
114.360000610352,72.30569257841596
-6.31500005722046,-41.7416756488224
8.47799968719482,5.698355325372425
6.71999979019165,10.812606815323434
4.1399998664856,7.117015502512979
12.1199998855591,10.767431333635653
35.4000015258789,21.927135829543488
12.4200000762939,23.997861776092712
51.2400016784668,31.47472341761165
24.2880001068115,-5.28589684425156
0.0,53.43478050419766
8.57999992370605,25.824328726741925
2.75999999046326,6.167410894155988
0.959999978542328,7.126692301670236
24.913200378418,25.463029945101685
4.1100001335144,5.4427049402410885
18.9599990844727,16.09714531077426
2.25,3.40292602286638
-1.3860000371933,-2.31407296703717
-5.92799997329712,-11.858702601644884
78.7799987792969,72.39694180942797
33.4199981689453,34.319078451426456
17.2800006866455,71.87525577632951
51.8400001525879,33.76053332205556
-4.01999998092651,-14.883765442116642
5.03999996185303,13.445192156873137
-22.8799991607666,-21.764181183067564
14.9250001907349,7.84754898980086
-18.2159996032715,-7.660686109307276
-149.561996459961,-107.82713476070498
81.0,58.0666796710675
38.5200004577637,126.97694291629749
23.2800006866455,35.136977651583365
11.4029998779297,5.7262982811735235
11.756799697876,12.628144172873432
-24.1380004882813,-28.993684326560654
-3.05100011825562,8.097635400410638
0.0,6.964958598000843
6.51000022888184,9.74229887010486
-1.16999995708466,-20.47581224228756
82.3199996948242,53.062208545523106
-29.4720001220703,-29.14620266005467
3.59999990463257,6.705629260148511
-28.8320007324219,-25.80195826873694
40.273998260498,37.16208486687703
23.3999996185303,22.943912235042347
6.84000015258789,6.9952530228180905
2.51999998092651,41.16833904510326
6.22079992294312,14.339874374755178
8.99100017547607,15.405689661464873
20.7900009155273,25.206519612309798
-20.7240009307861,-24.1025667509721
-12.539999961853,-27.02632991531877
15.3599996566772,14.915050291315897
-50.8440017700195,-51.83243624246608
25.7999992370605,61.63015507619488
-7.33199977874756,-20.59718864223
12.6000003814697,15.358509496797724
14.9743995666504,18.881729032467433
13.4963998794556,18.601005775097732
2.25,7.5949423553010496
-203.796005249023,-120.71466071730426
9.33119964599609,15.864840742611964
49.2299995422363,28.11937504832227
7.5991997718811,10.853370815655486
6.32000017166138,14.424523336207445
3.05999994277954,21.651081104160674
21.0,15.956799567442285
42.1800003051758,58.95336802134814
4.5,11.884853705971631
13.8000001907349,10.922560540319994
5.78000020980835,11.217224907491065
-160.434005737305,-80.35905898434763
0.360000014305115,18.866937528629478
-3.70799994468689,15.000764504354972
50.7599983215332,53.58958675314278
9.96000003814697,18.970145222888817
-3.45600008964539,-10.807277403234872
26.3493995666504,27.41428648400766
-0.063000001013279,14.760159749165869
62.685001373291,49.4692569215739
42.2400016784668,31.77029530371884
14.3999996185303,57.33544274708534
-7.39200019836426,-62.13279782231267
6.55380010604858,1.112987813714982
-320.239990234375,-136.9910702834621
4.52010011672974,3.4493512068505607
16.4699993133545,11.121407386524925
21.2520008087158,16.46337188900828
-123.744003295898,-56.66935191277088
8.69999980926514,21.837900681339356
-9.47999954223633,10.738123740924262
9.3120002746582,17.681771193007645
3.75300002098083,9.251963382205691
-41.2620010375977,-58.67063601240609
47.035099029541,25.703215379118774
9.84239959716797,-2.781366869618921
31.4820003509521,34.17115062190569
5.33920001983643,14.977109100308693
1.07000005245209,7.318444595003443
32.1300010681152,7.649324131969125
16.4640007019043,19.60534372801013
17.4720001220703,21.940574805765962
4.52400016784668,8.12317284321713
52.6500015258789,35.10825696824829
-4.40999984741211,-17.655266314699823
-91.3112030029297,-78.31421922367367
-87.0240020751953,-72.90945823228472
-98.8018035888672,-114.44793804643803
-11.0520000457764,-25.421883478350694
14.2799997329712,46.969940313288255
6.90880012512207,12.933533387169987
-20.7240009307861,-23.882754895004055
6.89079999923706,10.606725676642917
2.0699999332428,5.8160274538096255
96.0232009887695,28.67983243441909
0.629999995231628,6.5197612792027995
23.3400001525879,12.760039348848277
79.8450012207031,48.25584606395408
-1.35000002384186,7.462696312356465
-10.4160003662109,-10.232492130171336
46.1549987792969,32.47209450299064
9.23999977111816,9.46824759441963
65.0970001220703,36.36386905319418
41.4000015258789,45.914360585015636
-19.7040004730225,-19.108383740199884
36.060001373291,17.689321367865496
88.2900009155273,42.902574874100296
-9.84630012512207,-16.246189273834723
104.295997619629,-8.686514562170968
85.9039993286133,61.751126688156816
3.22140002250671,5.012140979522743
9.36900043487549,7.844014210345025
1.53900003433228,5.567778895062159
17.4827995300293,1.8856119378660452
19.8341999053955,15.095865145391086
7.67999982833862,53.09738945423257
1.86899995803833,29.86645890521718
42.2400016784668,26.628236228684784
26.4146995544434,32.222307068281836
87.5502014160156,26.812005527247976
-25.6368007659912,-18.20169462223683
62.7480010986328,16.555663669191915
-3.45000004768372,13.182795697770093
4.48559999465942,10.252398317284575
19.1511001586914,-7.761285031829901
134.820007324219,100.36790283622642
40.5867004394531,81.42828698198687
47.0376014709473,15.839462682828032
45.7704010009766,58.74152080337216
9.0,42.367967429979096
5.46000003814697,71.87689214844862
1.01999998092651,9.088976093565359
7.07999992370605,10.410095765986682
15.8375997543335,9.420830575826248
6.92999982833862,10.210952183576165
-14.543999671936,20.169534643850834
13.6800003051758,8.390320351919147
1.32000005245209,8.666183471348456
40.7999992370605,88.58906934951132
14.5584001541138,23.25509652755365
2.14000010490417,6.389780541968319
2.9835000038147,8.901148773497411
114.480003356934,105.80150620869559
19.7999992370605,25.333610991700333
-5.74200010299683,-21.59099643556572
0.0,-196.1581583840299
18.3980007171631,114.3734102190261
5.91849994659424,-11.001757399894691
5.53800010681152,12.23630708728499
8.22000026702881,11.763691242967528
8.27999973297119,10.292249397760012
1.20000004768372,8.334312687735283
-221.832000732422,-113.23549551806117
7.50400018692017,2.0916750778502866
8.64360046386719,15.83590202776525
4.49700021743774,4.672635135194006
-17.9964008331299,2.045824919556443
-7.93800020217896,20.998663336795026
11.2307996749878,16.425919276853975
-87.4469985961914,-88.65534733142285
-37.4490013122559,-51.64739579368704
-2.31419992446899,-3.760223765772958
-1.93799996376038,16.63408558019588
5.44320011138916,6.919180636955177
8.64000034332275,18.72347864710514
1.70039999485016,6.394398103474403
-105.174003601074,-61.127690451396376
24.9360008239746,45.44470228041189
16.0319995880127,20.69408277857876
113.305000305176,10.630721037156906
69.8099975585938,73.38250799976632
11.5200004577637,14.357524347339123
6.46500015258789,24.146316426750786
-17.6879997253418,-27.404044482719904
-7.39440011978149,-12.65396435945358
-9.0930004119873,-39.16801233356185
17.6399993896484,31.074524786136912
0.0,-2.5158414719415667
22.2000007629395,17.912018038309814
-12.0979995727539,-14.730877171129043
20.8530006408691,17.622527185933837
15.5699996948242,90.69436936112875
2.94000005722046,7.125701018986467
14.2200002670288,75.51133245542977
-1.125,12.512892870142387
-15.5190000534058,-31.101987027860687
7.92000007629395,8.92218964590694
-77.625,-73.39356673662206
0.862399995326996,4.880674631527638
10.9799995422363,18.726743812946786
21.8400001525879,46.80654602851358
14.8680000305176,18.231733096975233
113.610000610352,79.98586243941226
97.4400024414063,107.43008355466026
67.8000030517578,71.73154437250281
2.70280003547668,8.240105904791818
32.4683990478516,12.321231199357062
8.29500007629395,12.919300744397962
7.0149998664856,15.636166640949906
0.653999984264374,-3.8659448479598204
15.9840002059937,4.872149921260738
-0.811999976634979,-4.753310722155533
50.4062995910645,13.628321692544048
92.1900024414063,51.45658572981999
22.5300006866455,12.161049608776484
11.2799997329712,10.851230026143428
16.8090000152588,10.30891608060421
37.8450012207031,22.47909308631248
52.734001159668,44.15193996804135
26.0459995269775,12.271260836046697
170.511001586914,133.80183573605234
2.78399991989136,-11.110923324686437
-17.6879997253418,-5.962653243405478
-114.444000244141,-72.520670729578
-0.653999984264374,8.411507736024454
14.915599822998,17.354878543101535
33.2543983459473,30.568749039208065
-5.84100008010864,13.526660651177203
37.4000015258789,26.904315004677464
178.110000610352,65.00317196561711
20.6399993896484,22.373056506082296
4.82999992370605,6.435229165663831
-1.31400001049042,19.952171779130197
6.05999994277954,7.701254323299695
59.1300010681152,27.258698250869088
0.990000009536743,16.203396813688073
26.6399993896484,12.166759475616965
7.55999994277954,8.484839313766571
6.59999990463257,15.348137240982101
19.3199996948242,11.423581133367279
36.6300010681152,21.328878644046277
20.8799991607666,12.232899004583714
9.63000011444092,7.664633843683275
1.20000004768372,14.151523267753479
-10.1736001968384,-32.2269990212316
-4.88700008392334,12.65294462028247
2.79559993743896,7.282573663466749
78.4800033569336,32.58677561771951
4.8899998664856,24.061471341815984
5.42999982833862,9.503783839537496
22.3775997161865,-2.1067059136210933
10.5,25.009642601623177
42.2400016784668,17.456933366936045
53.8440017700195,20.328741550947683
-27.3840007781982,-12.504124473866815
11.1000003814697,20.064042868395838
25.9200000762939,16.299341475736956
19.9799995422363,76.29360227094826
9.27000045776367,9.05888703781821
7.76999998092651,14.15214182338461
96.5999984741211,69.5765757834835
-10.5341997146606,-11.894512835005584
13.2639999389648,0.6321221610824779
4.44000005722046,24.085875018918173
22.2000007629395,30.055539179874437
7.6153998374939,3.252676962064988
9.69569969177246,22.926966131033495
53.0909996032715,21.503752181630375
6.71400022506714,31.093950902994848
5.67840003967285,7.890026589843715
7.26399993896484,3.186449155150494
-84.2928009033203,-48.136697821934824
-172.557006835938,-107.79280491011644
6.29949998855591,4.710228975847019
22.5,14.172462944733041
81.431999206543,46.00919485379346
6.73999977111816,8.560342559611886
14.5600004196167,14.312169949315619
0.779999971389771,7.939389656275605
2.33640003204346,-6.794601074965152
1.25999999046326,11.69308924971007
158.751998901367,144.19811353608793
7.3206000328064,15.135097347944392
95.4611968994141,99.98166813691738
0.0,18.1798661383228
-5.70599985122681,7.041707305888446
71.4000015258789,45.964621267310775
15.0,14.969608408189007
-0.593999981880188,7.891137418832663
4.91400003433228,6.567892338948944
23.8439998626709,6.325705696516628
14.7600002288818,12.27850313578684
1.45200002193451,4.83508495997667
14.1840000152588,12.241089049547117
27.4855995178223,27.66630948025935
-124.430999755859,-42.63816225677296
149.759994506836,136.92014110107107
-7.61199998855591,-14.561988006900348
-100.800003051758,-50.96616314991039
142.559997558594,122.1157050750502
-42.3600006103516,-23.275056169919182
-24.6599998474121,-26.921612031263223
0.417199999094009,2.13192332744255
4.76999998092651,30.70096955003109
-172.274993896484,-177.3698089575402
4.3600001335144,2.065996020190868
6.51000022888184,-49.127976040056886
-4.1399998664856,0.9264038000134285
-9.82079982757568,-23.033673158193892
8.30280017852783,-0.6729532792967863
29.7689990997314,0.2285588934617273
29.8080005645752,15.438232728415574
-9.20400047302246,2.8101355374700177
32.939998626709,47.72577674169152
36.8639984130859,37.193938311588944
-21.3600006103516,-13.218309684450427
4.5,20.89373628301567
48.701099395752,-3.1656758545044603
13.4399995803833,11.618680051913445
39.7999992370605,23.56492403800126
10.8864002227783,7.841358415657134
4.32000017166138,-42.79706832560898
-44.1461982727051,-37.95533301242355
4.07999992370605,4.892419493432649
9.0,12.180233694258467
5.19999980926514,7.991907721597068
5.76000022888184,27.217120435763867
6.98999977111816,9.315861471478708
30.0,28.20686807360027
31.996000289917,-1.363946918175655
4.55999994277954,10.217698643381118
4.32000017166138,41.14521192963651
8.76000022888184,8.889703887063659
144.899993896484,76.99178553598703
2.88000011444092,11.540806659478038
19.4400005340576,22.372347527339887
-20.1599998474121,-19.572049324598808
5.77680015563965,8.598196033564335
27.0599994659424,21.812662139807472
3.73079991340637,-3.3292850784188577
67.4400024414063,72.48318712587377
14.6700000762939,12.929820949608892
39.5424003601074,-1.9544503903470645
-2.41199994087219,8.393037521317588
-106.115997314453,-63.34824656060037
51.4000015258789,32.56243453828589
55.0400009155273,35.77520440976608
31.5,71.55089676344404
1.4442000389099099,6.577627263943921
1.5,12.802878510049897
-488.772003173828,-207.61394631516785
132.330001831055,123.39977506377829
15.8999996185303,29.236391029026585
0.239999994635582,4.4129598570023
5.07000017166138,5.90977508272443
7.1399998664856,5.854869973228715
12.8999996185303,16.087890585501842
2.98889994621277,3.4658329956577516
4.61999988555908,7.388828815083756
11.0508003234863,5.83555305083806
10.7178001403809,-3.3269560983758044
-44.0460014343262,-36.20134500295791
13.8578996658325,6.481850659332838
13.3199996948242,21.021144851975084
7.09499979019165,11.275014828276971
21.0599994659424,20.586587130688905
38.6100006103516,31.78769137280844
38.310001373291,11.062989726182435
43.3800010681152,23.623180737954
40.5,45.88156926478738
8.10000038146973,10.55900231001392
10.0530004501343,6.564383030241491
-66.6959991455078,-65.88680935056162
-2.4300000667572,-18.06628675320809
19.8143997192383,17.039236458788594
83.3399963378906,46.924821660210746
2.94000005722046,8.155621910212531
15.0,14.184609110354295
27.7199993133545,76.00956615942677
1.08000004291534,12.49690262246491
2.0,7.394883480647101
3.48270010948181,7.095645503343194
35.6237983703613,30.018265310469957
-4.80600023269653,-13.365540812156501
-37.1679992675781,-34.572607203014925
-15.3540000915527,-47.59826101794271
-25.8299999237061,-39.09769787913726
18.8209991455078,35.60587470575098
3.00440001487732,11.656168404871611
3.3503999710083,9.611842039541154
8.29440021514893,10.522195879172633
-12.4146003723145,9.18817620236828
27.1665992736816,20.879351878701403
21.4799995422363,14.520253546362202
30.996000289917,12.015055541752698
13.3199996948242,12.606989211738464
5.40000009536743,17.610519100746494
1.67999994754791,51.42921754198271
54.8604011535645,41.404246128945424
-3.24060010910034,-14.976053887428124
-5.88689994812012,-12.522858938411071
74.0999984741211,26.524726055592353
31.0499992370605,44.99404291377898
74.3399963378906,75.68657406460746
13.7016000747681,2.8039175687684734
87.7443008422852,51.84737897274958
-12.7959995269775,-15.731608139687063
31.9500007629395,17.06247509211532
13.5,64.93340858932179
4.98000001907349,35.91475006595841
8.88000011444092,13.093295118018759
-7.98059988021851,-13.26974760187049
19.5858001708984,28.280930396798425
13.8915004730225,7.710376083104757
-1.50600004196167,-9.307311956584032
18.1499996185303,13.328091217741964
13.2600002288818,73.8141474318045
-244.386001586914,-169.96480839248926
-7.09200000762939,14.896051282014533
11.3400001525879,39.399139286585985
0.107100002467632,2.280149059762719
9.23999977111816,28.04879325864539
6.72520017623901,13.560164144928386
13.1999998092651,21.057790932279026
13.6800003051758,16.207565133682607
-24.1889991760254,-32.79750853998036
-166.320007324219,-110.43330468764188
19.5,21.88415651857762
57.2700004577637,33.970132967983
-102.365997314453,-61.27824779252411
4.55999994277954,10.08530130522212
8.64000034332275,11.06264064574068
138.417007446289,131.74072141282394
18.1800003051758,14.36340201552862
41.25,67.22450455738813
13.3920001983643,43.259954484090734
28.0032005310059,23.295404264003324
22.7999992370605,27.694399014399764
9.81599998474121,33.51580636763856
134.992004394531,137.3083886306998
16.1800003051758,15.6972507297864
7.8600001335144,12.121075022136036
-10.0500001907349,-15.930375908098162
185.580001831055,67.99777774891886
7.07999992370605,9.721718185088793
0.959999978542328,10.749452698135803
14.6999998092651,15.890791678878607
56.4300003051758,28.84279738328741
11.7959995269775,-56.32922753173516
90.9000015258789,100.32938562910306
22.6781997680664,15.509477659045366
9.07199954986572,9.23302345026972
28.628999710083,99.05723341038087
0.339899986982346,3.276612678820899
15.6599998474121,16.31227357885321
7.38399982452393,11.781931941400627
110.639999389648,114.15097786622589
9.38000011444092,-25.177885832773256
2.56500005722046,6.33110875776504
7.89599990844727,48.76413868521939
-1.20000004768372,-9.931653857926873
107.730003356934,49.176205375732536
-7.36320018768311,3.8421947534090304
1.30680000782013,3.26245113677383
78.6719970703125,73.88493565098665
-14.3520002365112,-16.92896959061146
7.38000011444092,12.125735004724529
-9.47999954223633,-12.125159244776482
25.0599994659424,10.436834818702245
15.3719997406006,13.564698090177128
50.1875991821289,55.71384195358071
19.4349994659424,8.950146281560547
9.77999973297119,15.416039950331811
-12.7200002670288,-21.063673340559212
-8.60999965667725,-5.8072373726007935
-24.3920001983643,2.3883434401408365
84.0512008666992,76.97110623465173
-167.100006103516,-77.4527060778482
9.6540002822876,12.731594549746175
-27.7800006866455,-14.886637263877033
44.8895988464355,46.79554244047143
11.8800001144409,12.536390392676163
80.5410003662109,46.1670139056061
-46.1879997253418,-22.800790258706172
3.86549997329712,40.493850789690406
-32.9819984436035,-19.85435776295879
36.470401763916,44.77781258564201
8.9399995803833,12.902216889664281
8.36999988555908,9.64222659122305
2.57999992370605,23.181590616313212
10.8000001907349,12.243668116069086
21.0599994659424,19.201280169731767
30.2399997711182,18.22369325474043
32.6399993896484,23.094065001649284
4.34999990463257,30.22055260763674
-8.08800029754639,-2.141667306263747
0.641700029373169,-3.9089127120215768
1.84679996967316,3.9989938601293575
-32.6759986877441,-44.95287083696962
9.88560009002686,14.131493115416323
2.83800005912781,2.1770102667020357
19.0344009399414,21.365056565480373
3.89759993553162,12.02963677707036
10.0799999237061,10.58788995158596
17.8799991607666,12.161033740949268
15.2399997711182,8.524742670474538
0.640799999237061,1.3014547504000475
76.6395034790039,17.097334901492978
39.6889991760254,4.990069805465039
-28.2959995269775,-41.575738889663306
38.4300003051758,24.254153458709474
27.4351997375488,13.218518739975373
-2.69400000572205,-7.912886105850847
41.2938003540039,42.70284751316264
29.6000003814697,19.794732764810185
1.04999995231628,8.493565823293569
1.74000000953674,5.105791254474447
41.2799987792969,39.039952829873364
14.039999961853,14.380846762333281
1.01999998092651,8.385053439575456
28.6800003051758,30.86948913553902
6.03630018234253,-1.0528828626855535
28.7952003479004,7.04459836408293
10.7399997711182,20.866277759128003
-7.03800010681152,-6.84505978223523
-20.6159992218018,-22.54279641225105
-6.26399993896484,-13.464497290675515
18.0377998352051,20.566104419573875
0.660000026226044,5.46360515373602
32.1150016784668,25.84655696247863
-104.851997375488,-119.23816029641652
-20.9400005340576,-37.58831350335459
19.2000007629395,15.39105641201165
2.64000010490417,6.393831581867853
2.75999999046326,11.695708876842803
73.2419967651367,23.73714464183929
37.7999992370605,23.07699502744518
9.35999965667725,17.429531730347243
-52.5480995178223,-76.24155444680179
-18.8020000457764,-25.7133752904815
-26.2320003509521,-13.293169953997461
62.2799987792969,69.21985221112269
10.0500001907349,29.23261780718431
9.35999965667725,12.968750806324739
8.78999996185303,10.810666232558727
8.10000038146973,11.911060386381633
59.0351982116699,62.77732534576029
64.4400024414063,35.97131867848
30.8966007232666,12.090856073878758
10.1999998092651,8.333978506044035
130.139999389648,92.35609701881287
22.2000007629395,16.782247356617045
5.69999980926514,11.700387684142841
12.0131998062134,-19.92704561965691
63.060001373291,71.25991246111384
21.9599990844727,27.425599103578087
17.5499992370605,29.4249075075004
14.039999961853,17.11735190492836
112.680000305176,90.2398378282529
-17.2992000579834,4.2097108399901755
-29.0699996948242,27.416986703524962
12.1199998855591,16.57940560335857
21.994499206543,65.80616253550237
-5.25600004196167,12.533463512131664
0.558000028133392,7.505598630891226
24.6599998474121,12.36398092084324
28.0191993713379,27.81590603369746
32.8800010681152,40.649811801798855
3.05999994277954,26.008858717823365
19.4400005340576,19.555202359469902
21.75,23.152824369059502
17.3999996185303,17.40261951304177
-1.73099994659424,5.073188293566042
17.451000213623,14.923020142351211
46.1220016479492,20.110393819644578
-4.35599994659424,-4.871326109876684
1.13999998569489,7.744971732364606
41.5349998474121,39.68136145442113
11.4300003051758,12.804963408435722
8.45400047302246,6.669210831503264
48.75,47.116052441099356
-23.3579998016357,-77.73901274073
1.2059999704361,6.286966780101608
10.3859996795654,12.611490769901135
31.6259994506836,14.211759130628499
23.9169006347656,22.25099746594602
6.98400020599365,13.118340122963385
-42.060001373291,-107.14907592087016
2.88000011444092,20.647923469107006
104.832000732422,39.605385647055655
1.25999999046326,21.025428525882404
252.600006103516,108.45963705178431
26.1000003814697,36.6484284149867
-4.04099988937378,11.662105934637676
1.90499997138977,3.677436687736912
3.77999997138977,7.0115145856945915
0.0,2.4618233102327167
18.3920001983643,-91.49133915584768
9.33119964599609,15.800884823662926
39.5200004577637,15.961367425954773
12.3900003433228,25.101913580554385
8.57279968261719,12.116362492120313
1.44000005722046,37.05894364230002
107.819999694824,90.49773989505448
5.96999979019165,17.397961808178408
19.3199996948242,23.534836688449495
11.7600002288818,10.248883763461548
0.0,71.1411776940372
0.870000004768372,10.46155873569453
4.19999980926514,9.7494889040093
2.83139991760254,13.100836129754494
1.13999998569489,9.7039548301398
15.8400001525879,22.71027256625642
43.439998626709,43.88537227920981
39.4799995422363,20.703855902140884
0.0,24.532372168522322
17.5200004577637,16.74677233618375
-35.2379989624023,38.17185048115024
54.9900016784668,34.938741754676656
21.5823993682861,16.57127682127786
14.4495000839233,-4.0204436874345575
20.7900009155273,32.31336429086424
3.62879991531372,6.700115015945802
-69.7949981689453,-73.08914783297438
-2.09999990463257,-24.09834608868303
-39.1949996948242,-63.15657630421943
56.7900009155273,34.79809223636818
3.39299988746643,4.034301609025017
-0.839999973773956,-9.347227751325283
36.4500007629395,51.483944261158015
12.3143997192383,5.079081374652406
62.2000007629395,36.86725289806453
169.199996948242,88.93885154127234
6.53999996185303,14.924676414899674
0.0,12.272516685233773
-83.1750030517578,-43.67589383542868
2.07999992370605,11.116291938241563
38.8800010681152,36.66552543246639
63.117000579834,18.11212327945968
50.9207992553711,59.3738928336862
11.8727998733521,14.914559768857863
7.19999980926514,9.909696089706767
39.8400001525879,22.36219020972026
-32.0880012512207,-16.83386688434679
0.810000002384186,6.253146702676306
8.52000045776367,9.146762491678267
-5.96999979019165,-62.37657757928561
0.569999992847443,11.876846485356596
6.63000011444092,6.829543307633724
-1.73399996757507,6.992850491768597
1.33200001716614,10.029922317003512
19.5540008544922,14.81198174160183
3.35999989509583,9.759509688525478
14.3100004196167,38.57475133013433
-3.34879994392395,-12.725202786702694
-11.7840003967285,-14.601424115215325
23.9400005340576,23.27759916056256
-172.199996948242,-150.5332879797622
6.84000015258789,13.524174530862386
-7.46999979019165,-15.251013971429318
39.1199989318848,39.40184053512365
2.75999999046326,-15.828041063514371
3.32999992370605,8.166396307007433
-4.59800004959106,-11.568116371344383
18.0900001525879,15.542624098013423
11.3999996185303,16.969632531270335
-1.09599995613098,4.111520699887714
28.7999992370605,49.74901500756572
10.5503997802734,14.8567335103894
8.99100017547607,14.950657067428343
16.9799995422363,14.094750839983133
8.6899995803833,11.402144680991567
2.51999998092651,19.898740599809024
12.0,37.611041790848766
22.2000007629395,21.79480401723401
-12.4680004119873,-8.9107998865333
-5.71199989318848,-6.267846780288677
25.4969997406006,13.77734206539496
-6.44399976730347,-12.89716500606667
78.0299987792969,33.847733601092756
-10.0959997177124,3.0332131246598246
-8.5319995880127,-32.53063218584033
252.119995117188,154.73805309917637
129.384002685547,105.39181909547479
5.4443998336792,2.5416600046086995
33.0288009643555,-4.718604153343248
1.99899995326996,-0.24797835215020037
-23.2800006866455,-43.48762283950163
-9.84000015258789,-4.454643296726855
69.0599975585938,53.943326475292196
-14.6759996414185,-57.356229799424014
55.5,30.90861287426265
13.5900001525879,17.23929815080514
-39.0400009155273,-4.647994093698205
-12.8392000198364,-39.15398038492452
5.55660009384155,11.775358311159382
9.0,19.497547383150938
4.23000001907349,8.310715683737875
73.6920013427734,74.80446078930387
30.2399997711182,24.34183928938127
16.6499996185303,21.84469383468827
-86.4300003051758,-48.09359141905691
43.9199981689453,34.38886712855434
-1.19959998130798,3.5656364884199006
16.6000003814697,14.568027028848574
32.7599983215332,18.898262908968775
6.42000007629395,10.01047573291327
3.35999989509583,10.671693371232458
2.25600004196167,18.401363338029924
23.9599990844727,23.211670668132644
20.1557998657227,0.8048811964128575
2.28900003433228,4.209014696166423
16.9799995422363,21.41148424222296
6.23999977111816,19.031383818227333
35.9248008728027,41.13981265545041
25.5,19.39802657177841
26.6490001678467,24.4483618622096
41.4300003051758,27.59816964351804
0.0,82.45119281331971
29.9939994812012,2.9169775433294474
4.5588002204895,3.3407297646615914
-16.5240001678467,1.619185115829378
5.44000005722046,7.830392467000993
0.0,-8.081623439493084
9.38119983673096,16.449859336968515
12.3599996566772,14.083714501632892
6.0,9.891486838368289
-6.61140012741089,-7.24306304644014
14.2687997817993,16.319563247341982
-20.3850002288818,-13.681530462249656
10.0200004577637,7.8652235173861405
122.580001831055,76.17636692963508
42.3624992370605,35.42616910331394
36.8245010375977,32.0886628021503
10.958399772644,70.36125133857648
14.2559995651245,21.185275857062067
19.5240001678467,-9.578106399757994
-20.4449996948242,-15.984518882344583
-17.9927997589111,9.515084272045172
-1.06560003757477,-9.880514678310147
-1.875,-9.743571759543707
-0.0900000035762787,-51.75941469791421
159.839996337891,80.20800184882803
2.40120005607605,7.761158206613332
-27.5849990844727,-49.96988123937678
7.24499988555908,7.080194422766034
133.893005371094,36.695364349282265
15.1000003814697,17.175240515995192
13.2239999771118,8.777894935377049
45.8135986328125,27.558735606707415
7.25759983062744,7.914341248193265
14.5151996612549,8.481537849661294
-2.17499995231628,-11.497359251071648
-25.4771995544434,-18.86644677949107
10.5727996826172,10.78384592946696
48.6319999694824,-17.564960434894097
-47.8320007324219,-66.93859541258387
8.2992000579834,12.511347963247143
24.9804000854492,25.84724599000225
-16.1856002807617,-27.517125068850355
-0.662400007247925,-1.6782202519029692
15.5343999862671,9.57212418386032
11.3039999008179,-30.200290180572765
119.592002868652,70.83722805235095
-19.3229999542236,-8.21330192601191
-9.10799980163574,-2.2275979724232293
2.73539996147156,10.403785117302588
16.5599994659424,19.09589554732125
13.0799999237061,16.66009151480541
1.47599995136261,-36.88039599515585
-27.4120006561279,-28.223239475146883
12.7200002670288,14.784337715331834
112.080001831055,100.30979050399584
3.46860003471375,7.920811863700335
2.95679998397827,11.904489616829643
-19.8799991607666,-21.695887009582442
20.8439998626709,7.816338036748125
-9.14400005340576,-14.427649919341873
4.5,7.205207600223971
7.77279996871948,2.0038482247891487
1.42079997062683,6.013092890036414
10.6400003433228,13.2051316855658
-19.2900009155273,-36.38363233904032
10.4399995803833,12.44963867352499
6.40000009536743,14.991346789928553
-4.76700019836426,-26.263516543901098
-17.3819999694824,-29.189658730416525
-1.66799998283386,-15.367096362358241
-4.51200008392334,-15.498548140596737
-46.6319999694824,-50.10771456960926
36.7254981994629,32.64241942305544
9.32999992370605,15.810070851994745
9.5939998626709,12.739126887778129
54.3331985473633,44.57936170835258
20.7299995422363,33.46515978663266
10.6199998855591,9.018628532264533
39.3479995727539,-79.67679425008109
-5.31599998474121,0.4990292227143165
11.0640001296997,27.677869441631756
2.14199995994568,5.774476834611568
0.479999989271164,-6.417805964646762
-45.5519981384277,-81.77661134637107
10.3800001144409,18.67630465289201
8.10000038146973,7.054436308603259
-61.5960006713867,-67.3845211999979
-107.99299621582,-106.29888078201627
-10.0464000701904,-17.457002138842945
-2.94600009918213,8.885648560405532
0.0,46.58327562271238
4.61929988861084,8.577122755136482
9.96000003814697,22.013104285737015
4.76999998092651,9.222711208515868
4.26000022888184,10.567258333225427
81.5999984741211,47.489362098381065
-13.4694004058838,-10.578889267920312
1.12000000476837,4.863242085169681
-44.5200004577637,-3.117786947871126
16.0356006622314,16.727935325705587
232.110000610352,113.64926459310897
12.210000038147,11.207067780879198
9.98999977111816,15.245099325450452
22.1040000915527,20.568484336419623
35.7299995422363,23.426332928009856
0.0,25.47607773441546
13.8599996566772,36.033598049541965
15.0984001159668,17.19480662386879
105.247001647949,68.68350523020104
24.1217994689941,32.1878323743843
3.90000009536743,20.487972044414615
7.76789999008179,4.431336663240052
5.21820020675659,10.07679461333798
13.6800003051758,11.118425479985254
2.5984001159668,6.489626224322285
45.5400009155273,34.400548256724626
-50.6520004272461,-58.701579612505
-5.79199981689453,-24.759814716401394
5.01119995117188,11.027029696760032
-22.1879997253418,41.07753661724419
1.59800004959106,15.670686451804897
25.1860008239746,3.3229073518157923
-2.02640008926392,-15.481418817721229
-70.463996887207,-4.814704996345956
13.8267002105713,7.730698336764019
-20.7161998748779,-13.721175831433856
6.00600004196167,2.5312901810830404
15.960000038147,12.143195491208477
3.62879991531372,6.147764515296275
2.27239990234375,16.32725371838939
-17.2479991912842,-24.741542426657638
18.5219993591309,9.862552204323867
6.42059993743896,7.555644386127099
175.860000610352,49.24049835950333
133.244995117188,52.7252791210674
4.66440010070801,7.830729732617998
3.25799989700317,19.443978388288365
7.84800004959106,28.636776019244884
40.1240997314453,22.336534300496773
37.2360000610352,12.847557485814828
11.8979997634888,8.87251601140368
16.2900009155273,8.1818888592593
-16.3644008636475,-8.853664529180856
21.7800006866455,16.57789247900612
185.399993896484,68.46395346599449
20.5849990844727,24.433459866457447
9.84000015258789,11.158198909688757
22.7399997711182,41.08852595471243
21.8880004882813,1.279006313282082
15.9384002685547,27.29132990565219
9.64799976348877,7.462765255220194
-98.6910018920898,-106.85437641930498
8.76000022888184,12.716981664596783
-0.756600022315979,-23.29183275305568
20.7600002288818,16.462028814892466
3.2039999961853,-2.1787437212551772
4.77120018005371,5.1248374208174035
0.321599990129471,-1.616325527317894
20.7900009155273,19.185872594766824
-1.45899999141693,2.2777058376553097
0.734799981117249,1.8289070815243438
28.4927997589111,-22.468066535018195
164.996994018555,89.99340529862704
-76.0115966796875,-53.61422972802025
4.91400003433228,7.125677949456687
36.9599990844727,31.275861653593253
5.36899995803833,3.952993328939778
5.42999982833862,8.678984293472203
22.6529998779297,53.66974628794047
-15.1199998855591,-18.787409334761918
17.1000003814697,20.913277238979298
0.180000007152557,10.154212697743185
0.280000001192093,7.452999154208794
1.60000002384186,11.859593796449573
-24.0435009002686,-30.688086419800747
-5.40000009536743,-17.114118923997218
5.13500022888184,11.729379227600562
3.1800000667572,7.698406312669718
17.6100006103516,15.30311924265833
-1.48800003528595,-0.631999706304061
-28.9799995422363,-10.000053466766369
-13.1669998168945,-23.292959084054814
-67.6169967651367,-78.2106017548721
-2.54399991035461,-15.87204627478213
-3.77150011062622,-2.5925287020292203
23.1168003082275,13.26749806287835
3.45000004768372,9.72548779713858
-143.639999389648,-123.05706036731156
3.94740009307861,4.2919630609313835
0.959999978542328,9.415633864858886
24.4799995422363,23.829723136039924
-53.7840003967285,-27.889920832843046
41.168399810791,20.876341974749298
-59.3040008544922,-32.59840080289387
-87.1488037109375,-85.6496858799871
-15.8400001525879,-11.793649026422246
-11.0640001296997,-19.311845460875325
8.80200004577637,7.690304571656662
-2.54719996452332,-18.992233642550275
46.9500007629395,51.83789731795062
6.29790019989014,17.35812204276298
11.3999996185303,25.78536003387676
6.44999980926514,18.430660025603864
21.1977005004883,9.151262623550773
7.44000005722046,9.300926694685002
131.910003662109,39.74540645268655
1.13999998569489,7.259218404514016
1.64999997615814,5.972056033997805
-4.96799993515015,-14.4773595457242
-6.67799997329712,-12.955131868127223
-5.02799987792969,-11.45018884050881
-8.37600040435791,-27.4645305536974
79.0,88.42036369775471
-209.376007080078,-160.24411712566842
-35.513599395752,-21.556692814775992
14.3999996185303,16.22694685320584
33.1599998474121,22.260578228314913
1.6632000207901,2.6940736953841737
8.88000011444092,4.14143055189341
6.74819993972778,11.86441107009633
14.7200002670288,17.655029805875447
-12.71399974823,-67.49537833428899
2.0699999332428,10.059873151370004
10.4832000732422,15.759218682518389
81.4194030761719,55.293908596595934
15.3599996566772,14.220520639084315
14.6999998092651,32.68554644252621
21.0400009155273,24.108860584481327
35.939998626709,25.113021047448168
15.3360004425049,20.996075765780446
141.257995605469,40.60550081023366
40.7999992370605,25.637682148145394
-179.776000976563,-115.9183872186375
2.22000002861023,9.171144052255203
-1.28799998760223,-6.3802158873250026
2.8296000957489,-4.351292001958198
148.979995727539,68.50819111371855
5.09999990463257,6.164288109909587
1.99199998378754,-8.545658092813317
3.73760008811951,0.6744860151293235
38.4000015258789,30.551700695535985
14.6400003433228,25.9451256500675
37.4949989318848,10.511490783782843
5.21999979019165,51.909120027782365
93.7200012207031,100.78148779796257
9.44999980926514,13.073347940495818
10.9799995422363,21.77651248434491
66.3600006103516,41.36861374741463
32.4599990844727,19.17147130698954
51.0299987792969,154.91054385854827
1.81200003623962,1.4836283002085064
-46.3199996948242,-33.24279210018379
64.5299987792969,32.0504456235785
1.11000001430511,10.12745867820378
-155.003997802734,-140.6755690565649
-29.6058006286621,-0.7597906524892721
-5.09999990463257,-12.07037550127974
-24.2639999389648,-16.448791134832497
18.9599990844727,56.539489094757215
14.25,15.581771325052792
0.0900000035762787,8.437498690546999
24.0599994659424,23.708444224322747
2.97000002861023,8.198910751862133
5.48999977111816,20.28224267413627
23.9463005065918,28.795473963659504
46.7999992370605,60.94125587755216
3.49650001525879,7.626024508643669
29.6100006103516,38.16221860507212
42.1800003051758,21.217081990784614
7.1100001335144,6.837681225949849
0.0,29.250621772574164
19.2000007629395,19.358023149693786
-25.2959995269775,-65.86604672753492
0.0,49.15415964805419
14.9399995803833,15.919927405272272
8.76000022888184,23.932004001514997
-14.7840003967285,-5.416376083732358
-52.6319999694824,-27.775693108471792
13.2299995422363,16.739681058930046
-44.4799995422363,-58.9133197932979
-32.1599998474121,-25.434618632455482
19.6200008392334,13.696118436098043
-15.3900003433228,-31.608105739007733
17.7000007629395,14.805126882957627
31.2000007629395,43.17949815957541
20.6100006103516,12.839643532011115
-8.3120002746582,-54.86475183459528
7.92000007629395,9.966885914024605
17.5799999237061,60.050132625522885
82.8300018310547,34.93048630230032
1.3415999412536599,6.992275586218851
2.55920004844666,10.208852985606322
9.0600004196167,12.223095114939525
45.8400001525879,36.69252406625785
29.6100006103516,37.519457957108386
13.2600002288818,55.12364876846944
16.875,20.099424588284847
14.9925003051758,21.873464483476194
10.407600402832,16.730488871658007
4.24079990386963,0.5282550564175548
6.41279983520508,14.063769911775646
-120.051002502441,-93.72914136515857
34.780200958252,33.51291328197711
19.488000869751,21.99574209392599
5.15999984741211,8.330260904680973
-2.62080001831055,-3.202138608106033
75.8399963378906,40.468874612490644
104.76000213623,65.37944936615624
3.47760009765625,7.456796057125443
-190.055999755859,-108.85105587177942
-182.352005004883,-94.07054731543704
-26.3519992828369,-16.89695856765271
-282.071990966797,-209.33416028812775
15.3951997756958,18.060483080753922
-2.7720000743866,15.002183286631054
117.431999206543,39.46191521410936
0.0,15.574474513425642
9.47999954223633,16.93447364404251
107.76000213623,85.06534335148913
0.564000010490417,3.056783605660125
64.5179977416992,81.69458260437365
27.9456005096436,21.834755384162133
6.30000019073486,11.012169940685542
29.252799987793,33.49190367077473
9.7790002822876,-0.9496518736706108
-4.42799997329712,-19.402129636175076
82.1880035400391,26.273617215398538
29.2716007232666,26.209100934596698
17.6280002593994,18.17041487122662
93.3300018310547,67.91325685175214
2.29500007629395,-10.669003868069451
3.59940004348755,-5.004828157287818
6.15000009536743,15.254607884731787
-16.6140003204346,2.3800085807856917
-6.99300003051758,-7.145063740999396
55.0800018310547,61.798294388391625
21.1499996185303,41.873228679732044
5.32800006866455,12.126507771733673
40.5900001525879,27.293776402259553
1.4190000295639,7.571534231153514
2.57999992370605,10.385285687743501
0.642000019550323,-0.14636149815182442
11.1899995803833,7.0429380628681315
48.5999984741211,37.24847962662764
23.0400009155273,22.492582231055977
15.5960998535156,3.2489835003974568
-32.3838005065918,2.672229205095788
12.2489995956421,7.877403600133656
1.72479999065399,3.640233119903426
-6.42320013046265,-9.973241018294095
24.6000003814697,15.170138389786889
94.5899963378906,110.60920886962295
-2.3231999874115,-5.3565270952471025
-13.1879997253418,-14.741319726136316
-395.234985351563,-168.887539249076
7.51200008392334,11.057341385203591
150.251998901367,42.000319757841154
-8.23200035095215,-20.123829159473466
-2.97000002861023,-10.437703204233069
-4.1399998664856,-10.406655029847697
14.6510000228882,-17.408747154339956
8.88000011444092,3.630735215226636
-202.343994140625,-111.31079292323633
-126.624000549316,-68.02563063855168
11.5200004577637,9.964969458752748
0.899999976158142,15.207222932305044
-43.7291984558105,-8.172203857076164
-306.846008300781,-286.2092646980685
-12.5285997390747,-6.165180331239055
3.26160001754761,7.221721054231846
2.64000010490417,11.874753959166522
-6.18800020217896,3.8135605518784788
13.2600002288818,57.97431124362387
28.1399993896484,43.292034254571604
19.9680004119873,12.546583691642567
-15.9919996261597,-11.3982071990997
-4.6560001373291,-39.033437609728516
9.47999954223633,28.304480084438467
19.7399997711182,24.348491445844264
4.19999980926514,9.028740928400577
-13.4879999160767,-9.755754684393471
9.96520042419434,-0.6742443770512878
52.7691993713379,143.95607521242312
16.2688007354736,13.200580639033456
24.8400001525879,19.824346797380457
58.9799995422363,37.019595665493604
50.3520011901855,38.73847518272379
18.8936996459961,33.76297745199921
45.1394996643066,6.06672488349161
4.44000005722046,27.996553018400903
179.820007324219,90.88163606263724
71.2295989990234,60.03710435976695
10.8800001144409,11.204624085891005
12.960000038147,27.9300731962244
4.44000005722046,5.277823500990926
9.82800006866455,11.325548266965109
51.2000007629395,34.71948428772283
63.2999992370605,44.92114955388456
17.7299995422363,12.45200744808616
77.4837036132813,44.11593923420336
0.300000011920929,6.274999667682077
-20.1408004760742,-21.519441902674828
19.9799995422363,22.959849015139888
-6.23699998855591,-16.813735579503756
14.4899997711182,37.70835680729292
11.9200000762939,2.026294117264218
27.4400005340576,19.342979973970728
2.53500008583069,7.006530712640225
-28.8677997589111,-7.05060579418444
4.92000007629395,15.931520830392593
26.8239994049072,11.457426412683066
-84.447998046875,-53.13848357194926
-51.2960014343262,-46.6608269139924
-12.9167995452881,-25.409530780766843
5.31899976730347,0.8654306624859291
19.5,20.825073815389185
-16.9568004608154,-7.585018226706376
3.43099999427795,10.99462663704605
16.2000007629395,39.08711628151412
0.523599982261658,13.508005953917813
7.92999982833862,8.613007740782997
43.736198425293,83.21420859274399
0.990000009536743,14.560528060074876
0.270000010728836,10.969617626016616
33.5895004272461,-49.88223347135858
10.9799995422363,18.8136156965669
8.64000034332275,20.161656400741105
24.9804000854492,20.3860288083939
36.2700004577637,43.92335330177345
64.2600021362305,55.426370506395926
15.3999996185303,22.221884504927736
-191.759994506836,-177.60522826309008
14.1599998474121,11.31366826111203
9.44999980926514,14.197988407340063
21.4776000976563,26.847610686974193
23.0886001586914,7.633236643118245
22.8689994812012,16.026667218648306
10.4784002304077,-4.078399848386736
-85.1159973144531,-30.000473128421916
-8.67199993133545,-8.3234112773898
3.40919995307922,76.01718377012342
45.5279998779297,51.63648145218319
28.8190002441406,40.33716530924575
5.76240015029907,12.78204883797107
52.896598815918,-46.160185906279416
-37.018798828125,-26.272711318546882
-5.97119998931885,17.903957173963732
-35.391300201416,-20.43102058789998
-22.6187992095947,-15.829090953498545
-103.21199798584,-35.65367493879659
1.01139998435974,11.22572842298776
-43.4799995422363,-39.48954261103313
12.2760000228882,8.535302948107898
-17.4689998626709,-29.82307599644185
80.7911987304688,56.99954205833079
-24.6149997711182,30.044907468807146
47.9939994812012,43.538743644762775
6.97410011291504,3.7711521372057595
2.46000003814697,54.32309978583801
65.6370010375977,20.790200885751744
82.2906036376953,64.27178348664243
-5.47200012207031,-17.1378421933775
106.860000610352,72.82707433088396
31.691499710083,79.42948277604248
2.60999989509583,8.312938441026935
21.7728004455566,24.76866778363766
14.9040002822876,15.026800956448895
3.59999990463257,19.23764579583611
3.11999988555908,44.97777560656642
23.7600002288818,53.513367448216904
1.00199997425079,1.8158283571228075
-126.648002624512,-110.26719787513846
2.64000010490417,9.403691322113946
56.4000015258789,29.846820535889215
31.7999992370605,19.827145633072078
3.98399996757507,12.489050882898795
0.180000007152557,9.628468252302746
6.20310020446777,-2.4273735342515916
27.8400001525879,19.164067113322325
13.5,13.820675375740247
1.44000005722046,13.7053524769921
22.3680000305176,14.245978556117947
11.5830001831055,7.566606316930821
-193.817993164063,-104.5480074265207
-91.9199981689453,-88.28114770734726
24.2199993133545,25.040059107944572
45.023998260498,-6.463844950268571
-3.56100010871887,-20.68573100737519
4.17199993133545,9.268849314321312
-110.718002319336,-96.32677724969211
1.5,9.41136035900552
17.0699996948242,12.04928268653651
2.50200009346008,-1.9558730670729982
-21.6720008850098,-45.561540404205246
13.6800003051758,24.46046941019705
-261.335998535156,-146.0117267488238
15.2988004684448,19.102413067301924
-42.4637985229492,-39.704345441679216
18.4533996582031,24.499762525322527
-31.8840007781982,-29.15947670025716
-23.5480003356934,-17.007672821404135
1.81200003623962,19.796336153659915
-29.1240005493164,-40.26667439246639
-14.6400003433228,-26.790150253276302
78.120002746582,74.75765686833722
-358.992004394531,-240.654797121229
11.6999998092651,26.60084635524059
11.25,12.413111563043678
30.4200000762939,16.390405862183712
60.6599998474121,85.07428805373867
3.68939995765686,12.85917914510648
3.26999998092651,6.842168178689958
47.2799987792969,53.934769732479346
-16.8719997406006,-28.661388895481423
6.22079992294312,13.687997574666088
14.4354000091553,15.178164580868284
4.32000017166138,9.943026119131805
32.9360008239746,33.657417151020034
21.0128002166748,22.81537475577055
9.87839984893799,12.889150940195593
24.3299999237061,15.113821561342949
-7.19999980926514,-28.913318208308795
5.94000005722046,10.049474711190566
-65.4599990844727,-54.07020212803479
116.480003356934,79.98264608164706
14.2757997512817,20.228695793434312
-39.5999984741211,-56.47973325682712
1.375,15.572165230584417
3.29999995231628,4.651880690098266
10.4399995803833,14.61075377012077
-126.407997131348,-158.7090436651683
-85.2480010986328,-135.06525460073414
-4.96799993515015,-24.562497096286094
-5.08199977874756,-25.679323985544386
13.0375003814697,11.933225931640571
4.15199995040894,-6.017985651914946
55.9360008239746,41.88655595644816
-5.14799976348877,-12.152985191717052
17.0400009155273,20.094877176774435
46.9799995422363,22.049717326647453
28.8575992584229,34.541447841056005
54.1800003051758,33.145607807820596
32.6045989990234,30.490494816262405
35.8199996948242,21.22332361358935
-20.7000007629395,24.91287563450905
3.48000001907349,12.270451705245279
-42.8819999694824,-39.02876828115248
131.22900390625,64.230957863313
-6.51000022888184,-11.617087715570372
171.647994995117,61.22100092453289
29.7600002288818,23.71285587458361
3.89400005340576,11.832981108446006
-532.320007324219,-207.95987010851562
-17.6189994812012,22.428828876079294
6.11999988555908,10.732444324400129
-120.744003295898,-91.52937088478622
7.02239990234375,10.984803077250804
68.9630966186523,47.33657959902523
180.449996948242,106.40064225298619
-4.61999988555908,-13.213584114262774
10.5,46.75276264452382
-3.28800010681152,-19.395439197439558
20.0970001220703,19.02651566102544
-63.7680015563965,-41.57282867301473
39.3600006103516,22.77374187252611
-21.0209999084473,-4.410203430022756
18.4200000762939,21.969869522276003
-25.6000003814697,-18.471369084398326
12.1800003051758,11.953260876155422
-170.207992553711,-68.28479870934652
-26.2560005187988,-8.14281543822222
1.12199997901917,11.404322029221847
181.919998168945,114.36688781600104
11.7575998306274,9.34928909895968
6.58559989929199,12.505607909731452
13.8599996566772,23.648143855636963
9.0,11.594947074834753
12.1780004501343,-1.0852790458042865
5.03359985351563,0.6498597867375064
9.18000030517578,17.41709942953321
-81.7679977416992,-58.135883384072486
-36.8279991149902,-12.351950470463136
-40.5120010375977,-18.404078533470134
4.84000015258789,7.45281966082041
20.8719005584717,3.789779630081596
-18.6599998474121,-29.178648666177807
96.0,69.73448643286198
21.6599998474121,14.71822193351905
10.8809995651245,19.292292468351363
3.02999997138977,7.557181010520507
40.1040000915527,-4.830537472376012
-10.289999961853,-53.84938623126672
-10.3680000305176,-28.98866193837192
18.8729991912842,35.78799846144351
-30.3719997406006,-14.6190192773942
21.6599998474121,25.453549075506896
9.56879997253418,9.966383569253875
-115.706001281738,-95.08553425166393
-4.64400005340576,-7.972005351964425
-4.48999977111816,-11.04088809435686
7.32600021362305,7.255400475762969
-5.42999982833862,-17.89471650751932
2.22000002861023,10.315557810408324
1.81439995765686,8.20523509498112
104.295997619629,-10.791869006525308
34.8199996948242,26.373407184675013
-19.6200008392334,-24.863151097477818
-3.67499995231628,-15.731091834993824
-4.97279977798462,-8.910663748345131
-6.56190013885498,-8.509512649109636
10.5120000839233,14.988828178253025
-16.2000007629395,-19.551738147481203
1.37160003185272,7.068004003114419
-2.97000002861023,6.963517008457609
16.1567993164063,-4.173579335867819
5.94000005722046,9.52067402210279
2.60999989509583,8.681053676148858
27.6800003051758,27.675566639970107
39.0299987792969,30.256118357058327
19.4099998474121,20.458239034417907
-66.7200012207031,-110.56570598497686
2.00880002975464,2.1891051486013353
3.1800000667572,20.410041764529737
107.940002441406,51.713666924242354
-3.28800010681152,-59.27337744015817
-62.3791999816895,-73.38220033840703
-4.46099996566772,-11.264222103663942
66.2399978637695,40.075153549421174
27.0,22.76194918473108
-9.93000030517578,-11.784126107049557
6.74499988555908,1.6640224119834865
0.5,12.29221589004222
-4.32000017166138,-38.63088150853604
5.14079999923706,0.45310937310308574
7.90000009536743,12.852092169341825
19.007999420166,3.871117922395685
58.265998840332,-12.164207031064803
-21.9479999542236,-10.099069707276149
44.7000007629395,35.213320286124926
2.40000009536743,19.719228676144006
62.9063987731934,58.98542729546239
22.2000007629395,22.665200242170354
0.959999978542328,-17.793512651737522
40.7999992370605,21.01486646002344
-76.997200012207,-52.826566392414485
26.3279991149902,0.24985081097407935
83.9400024414063,37.58905321438533
69.5400009155273,63.460820752372406
-27.5100002288818,-17.848610989662106
34.560001373291,34.17263444756812
66.7200012207031,33.85262361137438
123.300003051758,60.82898552584943
7.55999994277954,13.856577640969807
117.360000610352,97.77438834994744
2.25180006027222,6.08071293187279
15.75,11.825406866277124
159.630004882813,94.70109340196547
30.5820007324219,41.05097976522789
56.4000015258789,33.367846054783264
131.669998168945,65.01243455951497
11.1775999069214,17.500857764010757
10.0480003356934,19.484358792883718
0.0,26.69752686380439
3.20639991760254,10.960298178366452
24.8400001525879,16.93491983258599
-221.904006958008,-75.11374902303828
-21.7080001831055,-33.931244021996854
-36.9900016784668,-33.36589674125922
-69.4721984863281,-82.12811626822565
17.2800006866455,13.791359969218242
-26.4720001220703,-18.919687404874615
3.62879991531372,8.627947364498503
161.820007324219,83.17782505826196
175.5,92.32096759558458
-14.1266002655029,3.696643034791447
-4.99200010299683,-26.058736520761094
27.2399997711182,19.206970933494524
-2.56800007820129,-3.204508845432869
-17.3880004882813,-10.782019600828411
73.9499969482422,61.39546676057709
29.2409992218018,22.565380335907495
39.9000015258789,3.0113222500810357
4.07999992370605,6.834924833024523
6.0,18.636431392106033
22.5900001525879,13.729471214033468
-6.28599977493286,-17.425752418482716
2.97000002861023,12.53591094403679
69.4499969482422,67.97045966621593
3.11999988555908,36.36751259456986
41.2999992370605,48.59446307694219
73.6800003051758,37.19540309377807
10.7200002670288,14.896742837709983
80.1600036621094,47.60053722713153
48.7200012207031,74.25275660502392
11.1000003814697,24.270993362069717
6.42000007629395,6.769032996619776
58.2400016784668,36.30953670078245
-9.60000038146973,-0.6326183675159012
81.0899963378906,58.17215738449174
9.72000026702881,68.28593203050613
-4.2947998046875,-11.927403690475435
3.77999997138977,13.797643912677213
1.37999999523163,10.405834758038429
10.0799999237061,8.17337968462731
5.44320011138916,8.731238919093462
-11.625,-14.421632743579314
59.0040016174316,16.91842211210486
2.84400010108948,-5.1876063276763436
-11.6099996566772,31.466194827573325
88.6139984130859,32.957533493596586
38.3959999084473,21.361973984129804
-8.25599956512451,-4.171795468716594
-2.54399991035461,-4.079595185734721
-63.1800003051758,-39.17586347610989
3.19600009918213,20.878604773752876
15.5903997421265,-1.275222371949038
160.440002441406,98.69652554711918
16.1837997436523,9.988304380994064
1.35899996757507,14.87440478511969
-29.4368000030518,-9.079041034298283
-3.2720000743866,4.617755029668246
23.9899997711182,21.403161830555685
-29.9039993286133,-25.958454446123525
0.606000006198883,7.3139688653124475
9.0,10.57834553250798
-4.01999998092651,-13.757364455606035
0.419999986886978,-8.242950727858814
-74.6640014648438,-147.54074392498435
5.44320011138916,7.694955317847331
63.0299987792969,31.218867598286508
-202.880004882813,-102.96011553540713
-11.1960000991821,-15.527275602654948
-2.70000004768372,4.542490302721421
-13.0620002746582,-18.262439131251973
44.7299995422363,29.374752967768593
49.7639999389648,-118.91988423652258
19.3199996948242,14.888254228655775
38.2229995727539,20.14747000990365
41.3250007629395,22.151765078075528
34.9049987792969,37.00608825120679
40.5,28.987451715340327
35.7599983215332,29.248705306972035
-382.855987548828,-162.08557717699253
3.42000007629395,6.692310770927069
10.3071002960205,11.58590205839418
-15.6239995956421,-24.30205236559668
0.899999976158142,18.314348478299483
16.3799991607666,11.712567090124834
86.6399993896484,68.54036602761525
56.7299995422363,29.354600983383257
0.216000005602837,-6.470154261288679
26.8397998809814,3.380645663390972
18.4547996520996,-20.491577016668188
-15.6155996322632,-60.936677315643664
-13.8839998245239,18.382382504686326
85.1999969482422,163.08127230978363
79.879997253418,36.40024304436663
-30.9869995117188,46.00767999433789
37.2599983215332,16.135925032720326
-9.89400005340576,-24.727774599155026
12.3999996185303,30.934602283628003
21.0279998779297,-53.64542729512968
21.6599998474121,22.153643076680616
33.3600006103516,30.589410980156778
-22.4489994049072,-20.983316258121455
-2.70000004768372,2.918121986254911
0.599799990653992,3.82368806663352
40.5,64.8161386694457
-55.2480010986328,-90.92817228401223
1.50080001354218,-11.13041472351494
104.124000549316,44.66119051089075
44.3400001525879,27.917775123013783
6.84000015258789,46.36532211434097
2.55999994277954,7.072860521189961
12.4200000762939,25.624826678385602
15.4200000762939,30.697411552133985
15.1199998855591,13.361275779393692
14.6400003433228,17.75608094076608
20.7719993591309,14.179358572913944
19.5300006866455,15.29776940503761
65.8509979248047,122.41348563803629
7.98000001907349,8.394056004883774
48.7799987792969,20.379007973678608
11.6999998092651,19.7734229103518
-10.1639995574951,-5.512090329580561
12.3101997375488,84.2287419507562
3.81680011749268,12.25441500922048
34.0200004577637,41.84752439372092
17.6000003814697,19.045936851934748
-14.8599996566772,-0.45055686705319964
32.1599998474121,21.184938311090715
65.3000030517578,41.06683061390011
35.6399993896484,27.48898590919783
3.03419995307922,16.833008884543293
0.407400012016296,5.174173354723487
-45.0480003356934,-15.814708807033584
21.2399997711182,37.51771767213533
45.5699996948242,32.14768761361965
4.96000003814697,24.249245064471303
-52.4160003662109,-64.904830083281
2.27999997138977,8.139621711051417
18.4599990844727,40.566602432687105
2.8199999332428,9.017936399601846
8.02700042724609,10.522144311801192
3.28320002555847,11.862960841121224
21.9120006561279,10.867802472632178
1.59599995613098,14.521689105299828
1.25999999046326,5.505071486755582
7.07999992370605,15.208424971304154
8.01900005340576,5.785065324723534
9.39060020446777,14.708828952892738
32.3400001525879,22.48872027908864
34.1599998474121,20.17867979660165
-7.58400011062622,-24.886234361358902
12.6468000411987,2.5129029405215366
9.3125,11.905066904466628
6.71159982681274,19.288935977586476
-0.660000026226044,-10.403583623171356
21.0359992980957,16.85829528023489
9.86999988555908,13.25375922552562
0.722800016403198,5.2096019318088365
13.8599996566772,23.829304139268814
-26.2350006103516,-37.80880825206694
29.3850002288818,12.489392767650008
-10.8760004043579,-9.347950792727469
-5.46000003814697,-20.96074202922928
35.9819984436035,27.912430334040273
128.25,88.30518805755217
196.613006591797,190.42514326822456
0.0,17.706606896292353
12.1800003051758,14.062876018405714
11.4899997711182,-8.259065012120375
40.7999992370605,51.02919305039936
16.9200000762939,20.939908272137426
12.2639999389648,-29.146777658300394
67.9680023193359,33.10173414640536
-3.21600008010864,-6.948119188475234
-14.543999671936,-15.869803314247802
8.63099956512451,7.506102074804918
34.9930000305176,29.211718004890443
103.680000305176,102.55883282770496
-3.9300000667572,12.191748769547702
-33.6360015869141,-42.37325024292146
10.8299999237061,10.754683378983914
-28.967399597168,9.313073540325648
26.9729995727539,7.251810071785515
14.2799997329712,12.261810619108017
92.2799987792969,40.550276140185794
9.54599952697754,17.42545253646474
-14.4784002304077,-7.078352175981946
3.05999994277954,11.687005678965424
19.3199996948242,15.275348512703754
59.4599990844727,57.13788316607411
2.22000002861023,13.297315737104231
33.2999992370605,20.69412349485456
14.3100004196167,25.350215398789096
10.3649997711182,13.916095210130841
22.235200881958,15.839828025188702
5.91750001907349,4.393448453995537
-27.8400001525879,-31.41663944776726
31.8400001525879,92.52104036054314
-6.3600001335144,-19.165359365186696
1.10000002384186,6.892877935803819
-36.1115989685059,-76.56700557504624
16.6788005828857,6.14123642024686
7.46999979019165,8.675668863203528
14.1599998474121,13.854368065811904
20.988000869751,25.949243699795872
-22.5450000762939,-17.2497139831534
137.160003662109,70.5543486329714
20.2985992431641,4.469633249856266
-11.039999961853,-5.578703121605857
-89.1449966430664,-72.81153831964002
-32.3199996948242,-54.43605829448214
27.8819999694824,21.99868044196577
-67.8509979248047,-9.323342848257388
21.7199993133545,21.066190955568423
145.800003051758,100.92195159662359
4.53599977493286,45.667542796259205
4.92000007629395,69.52856085212379
11.9099998474121,13.741194141674962
31.7600002288818,32.28506771359407
22.2360000610352,15.942355335274183
21.0300006866455,12.414767151446172
14.6770000457764,12.231556374990685
-5.21500015258789,1.283305693195656
35.4599990844727,19.031588219035104
1.70239996910095,-0.9040480611630866
5.97779989242554,4.356287152485391
28.7639999389648,4.574684655792864
1.57679998874664,1.9245463122500883
23.9687995910645,15.292095710535076
64.6740036010742,10.51698022283087
-15.2449998855591,1.0090219821440751
-3.56399989128113,0.2061712395887394
-1.98720002174377,-2.111056855872535
1.90240001678467,6.535419201683731
4.24079990386963,-0.13110680286897747
-197.315994262695,-181.73340606134576
3.44959998130798,3.1214738949080347
-5.57399988174438,-17.512711434737547
62.1375999450684,18.86009213561487
-3.23099994659424,-8.577245426814754
0.838199973106384,-6.959554856790641
11.2751998901367,7.293120206408067
-112.374000549316,-92.43852681171293
12.7799997329712,8.335879421696863
4.32000017166138,13.956404253643402
-15.1440000534058,4.1340047704838945
-4.73999977111816,-14.004876443431412
4.38000011444092,8.05671002055145
9.96000003814697,81.46602992893074
-33.2999992370605,-31.311886392524954
22.8096008300781,29.107766021090463
-25.8239994049072,-31.112178729826894
-41.2560005187988,-43.36289869529563
8.21560001373291,15.740073509380501
11.6400003433228,38.89605006899207
28.511999130249,1.7710326996103625
2.38800001144409,6.20776417209987
-2.17799997329712,-18.113992131600448
-13.7700004577637,-18.236186900884235
-48.470401763916,-21.621062234017124
2.16000008583069,7.2236210408291335
17.2548007965088,54.99329958332232
180.960006713867,101.27529354625129
39.3600006103516,24.497495336366413
-58.4459991455078,-55.719502550772745
-2.32760000228882,-7.127294770576272
-3.60240006446838,-7.038981499318103
-22.1280002593994,-29.078116490466087
3.88800001144409,1.9653777385888258
-14.6040000915527,-17.20630859161539
45.7200012207031,45.685137366719715
-9.09039974212646,-0.888940472714653
2.88000011444092,41.12535452544111
89.9548034667969,20.415014534555777
6.23999977111816,14.314459536845188
12.0,29.931632288221877
27.5799999237061,55.73107367249404
15.75,34.64452389657123
9.4399995803833,-39.703625185039016
50.0519981384277,21.541921250380852
-0.819000005722046,6.955195665918097
6.75780010223389,-0.3369172686811357
17.7000007629395,22.628938032237315
8.44499969482422,2.804171234672965
7.10099983215332,29.56329623851149
95.7389984130859,48.1493928579848
30.6900005340576,16.61395206521351
1.28400003910065,5.830954235056503
3.07739996910095,10.965183085295193
8.92199993133545,7.73451162352983
10.1999998092651,11.241800212206144
9.30000019073486,13.011128622110745
2.2260000705719,6.271477796659016
9.65999984741211,8.946729183417176
4.45499992370605,11.367639093626925
13.8683996200562,12.262251929417186
40.1702003479004,35.805979562138134
-34.3919982910156,-60.099315932367574
3.46860003471375,7.287553686219349
129.059997558594,76.38193031757325
26.3999996185303,18.63540029582287
34.3800010681152,21.709232743698443
-20.5020008087158,58.746506451374124
8.57219982147217,13.147783270608523
0.582799971103668,7.064099067836288
12.7746000289917,17.46975144041579
2.46000003814697,7.689065028494987
112.463996887207,9.112869522838901
-15.8280000686646,-16.66957529937602
-25.4519996643066,-22.446173121426867
14.7600002288818,11.381261641082418
6.23999977111816,12.374210606529546
59.9980010986328,94.77283646296439
10.0080003738403,-19.88966773395581
29.5739994049072,7.583118572368674
3.05579996109009,7.717560486125355
4.23920011520386,16.852846799824487
9.93599987030029,10.897154261700631
6.0479998588562,9.85308919177675
47.7000007629395,26.180131266758195
-2.16000008583069,-11.69041880343263
-47.5439987182617,-35.871180865376246
-27.6959991455078,51.95350427561344
-10.5600004196167,-30.880287045650718
14.16100025177,20.21664179762278
16.0200004577637,56.8717750779431
13.8800001144409,11.586091886630186
-7.97399997711182,-14.963949617218484
10.8039999008179,2.2815460545502866
11.0279998779297,-18.752833144776453
-12.2639999389648,-9.706483941947349
-10.9200000762939,-18.89149830063006
-69.0899963378906,-47.705037939874
-10.3500003814697,-24.737808713028706
3.43680000305176,12.851982906794111
-73.8000030517578,-37.775012431119734
-131.119995117188,-92.65908847146848
19.7600002288818,0.24618699873620287
10.5600004196167,10.253026274252385
1.29999995231628,-9.840675111170183
5.09219980239868,14.851735129935397
-9.58800029754639,-16.587839161939264
8.98299980163574,103.02755203550315
-6.72300004959106,-24.017908132647335
21.0653991699219,26.340259863573962
31.4916000366211,29.6488732485493
2.14000010490417,7.662327012929135
-1.36080002784729,3.7006348386908225
3.77430009841919,2.1079849971868185
107.599998474121,57.423557808887054
-13.6831998825073,-14.095541124245711
66.1800003051758,16.830349948411076
18.8999996185303,45.21462803896479
-3.26399993896484,-13.154353408236085
13.6499996185303,56.84589144965325
52.6879997253418,41.294718092267374
0.0,30.704158801624416
80.6315994262695,86.77619110941895
15.960000038147,53.453118663244375
5.40000009536743,16.257252219327597
1.91999995708466,51.34494263773128
6.55200004577637,3.848893746556387
8.27999973297119,10.458568684458895
30.8400001525879,22.38343887060985
4.41739988327026,16.488878634013048
6.59999990463257,19.396951750005098
-2.75519990921021,3.259181120074113
6.36840009689331,8.113128610085441
3.42000007629395,7.928679413945257
12.9359998703003,4.972199057157456
21.1499996185303,13.726948269158726
4.76000022888184,13.488662918450656
1.55480003356934,5.774227161073732
2.88000011444092,-20.647282302245493
-6.88000011444092,-12.082777732941858
89.4599990844727,86.38049248521759
16.7360000610352,6.228683248296815
0.839999973773956,36.86407102880892
34.0499992370605,70.49374354432732
108.599998474121,85.27967818923126
-156.257995605469,-79.67457629589232
2.84400010108948,-42.081365535309125
64.6500015258789,51.4303019191744
4.38000011444092,16.24624225366702
3.42000007629395,5.790856203446294
-30.6539993286133,-12.417652691726166
-33.3359985351563,-11.00984163497021
5.5991997718811,5.879760197127093
24.4979991912842,12.185465461094703
66.5640029907227,26.597913908639363
0.360000014305115,14.02345307973954
8.77099990844727,10.548570581663572
-0.921000003814697,-13.831919080825882
6.42000007629395,8.571409363309673
40.7999992370605,42.669243078950174
19.793399810791,3.747201337963486
-10.0349998474121,-12.361595674921565
2.25119996070862,3.6982071410575985
91.1999969482422,63.680040653303465
14.3951997756958,3.7305152185574473
4.05719995498657,10.731238293144093
17.6399993896484,16.903017415889895
73.6999969482422,106.6420054408729
5.69999980926514,15.672970219821853
3.24000000953674,15.726694058244117
6.71999979019165,32.39971060742263
19.3199996948242,14.71510511085333
93.4400024414063,61.4719925227617
37.560001373291,31.007691064631018
7.25759983062744,8.34550809395194
5.91359996795654,9.820001261022162
12.6000003814697,43.622735510504626
0.0,58.19839548103462
9.19999980926514,8.576071670470284
38.2799987792969,33.937032159561774
8.16600036621094,4.23309890504958
8.27820014953613,8.696619896129315
10.0920000076294,7.707726404398556
88.1100006103516,49.46666010477348
131.354995727539,104.35012789931564
33.9388008117676,28.70091805956229
15.2901000976563,5.5217819573028715
3.11039996147156,12.060430321540972
61.3824005126953,47.417526062739924
-10.3599996566772,-18.92899546452672
7.91879987716675,10.886083123876181
8.9399995803833,8.384465031793487
-5.30399990081787,-14.389251710994758
2.25,12.18521725175318
34.6800003051758,24.258820889104186
5.01599979400635,-36.64994805054602
56.9244995117188,44.86462957095555
6.22440004348755,11.834018390771698
6.63299989700317,10.272900275142277
129.119995117188,72.65438746728927
78.4349975585938,20.222493744408872
-7.39964008331299,-36.66968125051575
14.5,18.913828286761913
15.0,14.774152741607065
9.96520042419434,-1.4188107571071225
23.1299991607666,22.097129347832677
2.16000008583069,7.4260929893654435
12.3579998016357,15.155883529483377
94.5599975585938,127.4672297871987
-3.50699996948242,24.714589414448813
1.62000000476837,11.188135267694093
19.4687995910645,18.703132984610072
-6.42000007629395,-27.598377170891958
13.9799995422363,8.557178541641834
11.2503995895386,16.08738031156264
4.01999998092651,5.275724164000636
23.2259998321533,27.35459562201789
2.18400001525879,8.009299900258599
4.33720016479492,25.900173362108845
134.332992553711,124.2560297323728
140.910003662109,88.39610117062226
16.3199996948242,7.11746977798157
5.48999977111816,9.904333784872076
17.1678009033203,19.079802357818068
4.65000009536743,19.364631732642437
7.52839994430542,16.72249999386296
36.8245010375977,31.901363752962396
7.31319999694824,15.23893778868109
15.4751996994019,18.208298393216012
9.48149967193604,15.436694963572396
15.0299997329712,12.069269251202813
3.11039996147156,11.643607550408767
10.8809995651245,18.76840396382598
8.64000034332275,6.638465543969865
7.02269983291626,3.450450936322902
17.3339996337891,22.850961910942704
-71.1360015869141,-37.126736232123555
-17.7600002288818,-20.839160021477483
4.11509990692139,8.527989997627232
-35.9039993286133,-107.33985539877497
1.44000005722046,6.466768058714631
18.7199993133545,13.637655096936406
-5.03700017929077,-2.1683964364024835
-7.47599983215332,-19.21655778947367
24.5400009155273,22.99142093325309
23.9983997344971,17.053419145881072
27.7182006835938,16.066296976275748
6.78000020980835,8.226923836307783
-9.09000015258789,-16.654064263691716
55.6800003051758,29.085273027007496
6.23999977111816,6.461712590928421
-7.87200021743774,-14.900154694813244
7.25759983062744,6.538510759351596
-8.99639987945557,3.445961010979416
23.9200000762939,14.674472319098857
2.19600009918213,-7.602819672752053
-338.940002441406,-86.4096082705039
-161.111999511719,-123.87711623184607
8.48880004882813,2.5144323972450096
2.32200002670288,12.341755504331887
-10.3920001983643,-34.2987823697039
-23.8740005493164,-21.182311222998635
3.35240006446838,9.43960624701048
30.5400009155273,22.639626494266345
105.300003051758,124.18650067255282
3.66599988937378,-1.8478649777930425
23.7119998931885,13.06989335718446
9.0383996963501,10.409490735684649
0.800000011920929,8.402235073776835
-8.39599990844727,-6.705541919363876
88.0739974975586,21.57727628839873
48.2879981994629,42.15514209541187
-197.574996948242,-129.4822433081333
102.185997009277,81.62331745210133
10.0530004501343,8.327919142211218
-240.783996582031,-181.07858198122594
-145.679992675781,-81.59962375248524
-419.652008056641,-213.8648285242635
97.0783996582031,89.54417635666705
129.960006713867,108.75503426039448
106.004997253418,26.162278899637762
63.984001159668,67.19336025231335
18.9899997711182,33.20646865247804
2.27999997138977,10.396791041329603
3.85199999809265,6.58668654968529
30.6000003814697,66.72556143033951
0.599799990653992,1.2237556554043287
12.539999961853,15.45510565236603
13.6440000534058,18.64933242541391
6.22079992294312,14.275023087821186
33.5887985229492,36.43516900346215
29.9640007019043,16.237278932309177
5.20260000228882,9.128586415956644
-30.3419990539551,14.413609261938607
0.0,11.53602019951913
9.02999973297119,13.067451743153635
34.2000007629395,25.18818181241269
21.7514991760254,31.101307700125368
-6.53999996185303,-61.11158959453692
4.30000019073486,18.219742451343
27.0599994659424,11.802069560627293
36.810001373291,89.97976495663902
36.0,31.949569237874925
8.39999961853027,71.72218105473368
2.93720006942749,2.676252789065278
-55.6080017089844,-63.399059467977594
-13.3176002502441,-19.622056849357662
8.86200046539307,10.487605453272208
11.7360000610352,20.709817753915928
-13.6440000534058,-31.73505493423798
17.7000007629395,15.184492978935033
6.11999988555908,46.393123282293004
71.25,45.297607846775705
3.42000007629395,6.870173748380061
14.3999996185303,17.391932973314034
51.984001159668,27.79771808544846
-1.23199999332428,-2.925306222713928
6.15000009536743,15.720250558690214
20.8500003814697,23.744582558633056
23.3840007781982,25.701927457019345
2.93479990959167,9.497605506686096
7.50400018692017,-1.5680487707008162
45.689998626709,97.36614168507302
-95.822998046875,-13.545101190782232
143.302993774414,88.56248043493828
2.04800009727478,-0.3127480497446342
10.5600004196167,11.250537097801487
24.0599994659424,18.609219426137063
70.1999969482422,41.60698938070388
3.11039996147156,11.931537521395438
6.42000007629395,7.498429026745788
-75.5640029907227,-58.43773211585848
19.9200000762939,35.976395581709305
-100.919998168945,-67.78193274686517
-86.3664016723633,-9.241949413677519
23.0965003967285,14.352592715016783
-1.49880003929138,-14.940462103737937
17.3600006103516,10.986741322330985
-53.7919998168945,-70.63092316251132
14.4096002578735,-7.176037628621989
-3.43199992179871,-6.93711221222461
31.2735996246338,12.295358170571175
16.1868000030518,14.447248362948674
-135.936004638672,-120.11087081175701
70.0800018310547,39.19409355322731
-9.17879962921143,-7.224281420751131
10.8864002227783,7.381543635741804
47.9599990844727,10.016297241478343
47.8440017700195,17.80232953367852
8.0600004196167,9.552480962524964
-59.0570983886719,-61.19775322606509
63.2799987792969,33.08340393865092
-0.0299999993294477,-11.087276447584943
-48.3919982910156,-32.269001538219015
28.6578006744385,12.729170576675862
18.6093006134033,7.759524322198398
31.3799991607666,27.05390939047939
39.4000015258789,40.01314847390789
58.4962005615234,35.87070052586014
12.0,22.593064802068632
131.100006103516,59.32726542801532
0.688000023365021,-16.031478222004125
8.03999996185303,9.494855807116895
74.2799987792969,47.58635480166181
7.61999988555908,13.349724491618105
3.74079990386963,7.271519620468802
41.0400009155273,43.72197969663948
11.9399995803833,22.033752109648155
4.94999980926514,8.973693042226044
2.33999991416931,6.32249223496613
16.4699993133545,10.317911600311682
16.8544006347656,-1.050029305410206
12.4902000427246,6.913161415604421
1.79999995231628,22.92292647734643
-111.624000549316,-67.55826422546312
31.2831993103027,11.938181122431562
11.7600002288818,11.537961381705868
35.2799987792969,27.738142047136954
8.92080020904541,8.145260686037572
162.839004516602,74.88434297991512
2.21399998664856,6.509205373174345
10.6590003967285,12.535328879464277
226.800003051758,117.83243654229894
81.0474014282227,65.07791790794373
57.4113006591797,58.79488230873927
-35.5211982727051,-32.62336795333379
73.4100036621094,50.49123870034238
1.77390003204346,6.422342295078623
-93.3262023925781,-94.37253821901811
40.312801361084,56.921378024027604
-44.2350006103516,-5.857206114626949
-7.11899995803833,3.5648995582319314
5.59999990463257,2.9789759249099603
2.51999998092651,7.488753656479657
11.206000328064,14.681522197538955
-44.1749992370605,-8.967584315060103
7.7039999961853,14.89019807044895
1.47000002861023,25.181047167668197
37.5624008178711,35.663038383176485
217.64599609375,114.12533630241992
132.990005493164,121.26220301390819
1.3400000333786,12.103763697122075
2.83400011062622,-0.5501343925194089
6.55200004577637,11.18105008026229
1.55999994277954,22.06192852243145
-2.95659995079041,-11.565033359253048
18.3299999237061,11.859452447869986
0.660000026226044,6.082244787401019
83.6880035400391,40.96063119785357
4.24200010299683,6.162911815701453
2.13000011444092,6.004015928860962
2.24000000953674,11.123835818126416
3.44000005722046,8.107236059597838
1.5,9.24752296314659
4.59999990463257,15.152685468616042
3.76419997215271,15.936297048152817
45.060001373291,40.17291082436891
6.07999992370605,8.975400707235293
4.11479997634888,7.582877084267929
3.46199989318848,11.235803143579519
12.4799995422363,14.95589864534108
38.0800018310547,67.31725850407399
48.3600006103516,39.766679855246615
0.879999995231628,8.861501738874978
46.2249984741211,16.446660926270766
-207.011993408203,-149.7561099129246
37.0,27.456188784333094
-38.0999984741211,-28.568477389804542
18.1599998474121,11.316549567340179
4.14480018615723,-1.2968558414705544
6.46799993515015,10.412882634287485
12.5989999771118,12.095841159377624
2.7260000705719,8.237394853821828
9.07199954986572,11.3356870585599
6.42000007629395,7.917885849720945
54.1199989318848,44.612974757781345
-27.3419990539551,-57.53927491064252
-0.828000009059906,-3.1412108360644986
21.2999992370605,64.49669058988043
18.6000003814697,16.93030164135847
50.0999984741211,63.338370645711095
-2.69970011711121,-3.800771717624043
31.7999992370605,20.364484826161704
3.94740009307861,3.9875428453695996
38.1599998474121,21.572665261339957
-15.0875997543335,-66.652121747423
204.899993896484,90.10576531335977
-32.226001739502,-61.83970376628402
4.28039979934692,11.055748451897559
-80.4660034179688,-98.9498221764558
-23.8950004577637,-19.81324913010478
-24.4139995574951,-59.84769472042565
-6.82200002670288,-25.402195800617704
5.86959981918335,14.35862049103633
-8.78400039672852,-21.661196268351944
-356.664001464844,-201.97601456969565
-18.1919994354248,-31.276435198038698
13.4799995422363,17.74955482236135
-9.3120002746582,-48.514313030370296
4.44000005722046,11.875156627168186
-63.5850982666016,-97.74876542522219
9.0600004196167,8.477341854604273
4.51200008392334,8.69156088222569
-15.4160003662109,-26.17009529860468
3.77999997138977,15.406015184333253
27.4855995178223,26.04195744129744
31.0445995330811,69.5111123433118
122.940002441406,59.52522823828568
-46.7970008850098,-56.006242516349175
-14.9736003875732,-21.63347791374808
41.021598815918,41.899769180600636
0.0,-47.171413575547085
11.2229995727539,8.691661817626558
14.1700000762939,13.119680651575141
22.153600692749,28.645934766676383
-7.82250022888184,-17.307680239991782
-25.2185001373291,-26.733149786160133
6.25500011444092,6.011379360508939
17.3148002624512,20.445804632022764
33.3899993896484,26.349142354193813
12.2327995300293,24.276515569534027
12.5459995269775,11.369041338722992
-20.6963996887207,-7.270956534581272
10.3500003814697,20.789560872703827
-79.4879989624023,-110.71802072149814
-14.6879997253418,-3.5870062301137686
-4.83920001983643,7.2111408132238415
18.4200000762939,18.438999428181845
68.7600021362305,67.00407856221997
3.42000007629395,7.536731910422198
9.70380020141602,10.953866061723188
-81.7950973510742,-82.4823525024391
0.300000011920929,6.102706403785678
2.28600001335144,4.589740497377435
33.8400001525879,35.766255905848915
-8.67199993133545,-7.732165023249463
4.32000017166138,38.115078563221985
1.91999995708466,14.88935886331127
2.95679998397827,10.721782650496056
20.8799991607666,16.02078593588697
-9.30000019073486,-7.236080385632276
20.1207008361816,17.779768630948933
3.59999990463257,16.53518884942286
6.22079992294312,12.541707394190366
5.75939989089966,4.669067835582386
7.38719987869263,6.5355525634206355
3.55290007591248,2.681758300867388
45.3488006591797,40.19356304628197
-2.91799998283386,3.270956715981673
15.3887996673584,15.498044808980865
14.7581996917725,4.117504581269781
4.31759977340698,-15.166686533323821
31.4699993133545,13.952495356038744
-559.356018066406,-247.9169680877299
28.3094997406006,40.88653020796645
23.6529006958008,18.453774529714792
4.11250019073486,2.7416545186222736
-22.9479999542236,-49.21795947313656
-4.81799983978271,-9.021386515055012
-4.2480001449585,-6.418033403719962
109.611000061035,93.8084309632903
-14.539999961853,-12.587481598499226
-533.731994628906,-242.03977373809948
-14.5763998031616,-10.107339360069277
-6.50759983062744,-13.370397177208696
8.47360038757324,-1.296428373579129
15.6000003814697,14.224324298977105
5.77799987792969,21.151705415139894
9.66320037841797,14.745855979338813
9.96000003814697,8.389325599222595
1.24800002574921,7.779702400101947
64.0,87.15101366239193
111.774002075195,108.87691970762195
