y_true,y_predict
8.90999984741211,12.619236232018867
0.449999988079071,0.8522522313471221
2.54999995231628,0.5691811621673712
-38.8139991760254,-40.20314497422499
0.0,18.79507806015441
39.2999992370605,28.270406331651145
5.21640014648438,5.896729161203719
6.56879997253418,5.798955841164522
38.023998260498,25.938068373092932
22.7999992370605,14.109941480967525
41.2620010375977,0.8563574563571519
13.7861995697021,1.2935732654746115
41.6399993896484,20.84391666383285
6.17999982833862,25.713674446684983
16.6200008392334,17.33051381557261
26.0568008422852,23.54525497506743
0.0,0.16319005136325043
0.990000009536743,7.980364554999736
-14.378999710083,8.695739395246123
27.3167991638184,22.187248463357925
17.3376007080078,7.302208544558712
-10.2600002288818,-9.268465225572006
-57.9599990844727,-63.107308609839606
-14.0928001403809,-18.295611191672904
-26.7329998016357,-33.57268412359038
142.080001831055,89.8905961135874
-0.675000011920929,1.3335407866365172
78.9599990844727,106.91182613503939
15.2639999389648,4.057488889534495
85.1999969482422,119.9775154688016
164.996994018555,44.854220249395674
30.7859992980957,6.733956233557928
41.2019996643066,22.63594824785148
12.0600004196167,12.984821244734805
28.0799999237061,19.005907557344855
61.6199989318848,90.45981885137053
39.9599990844727,23.20536267616435
2.30999994277954,-17.31505968833502
74.9749984741211,94.0407035881932
-45.9953994750977,-50.52651549957944
128.160003662109,46.05297354693782
0.239999994635582,4.303467464570279
3.67840003967285,3.532403867937912
53.0438995361328,51.63342127842574
-3.97199988365173,-4.943782709949635
6.09999990463257,15.889887572913551
5.46000003814697,7.7622800827799265
-75.5719985961914,-39.32180295346405
-35.6720008850098,-24.072298327999356
1.66799998283386,8.296722658391221
-87.7360000610352,-61.70543337992833
31.085599899292,13.884333108140567
24.9599990844727,18.1819496484826
-4.36800003051758,-9.330504440229747
-33.1040000915527,-60.87373101978605
13.7427997589111,13.658639959626068
6.79150009155273,9.004231157846226
25.1200008392334,72.41973986970409
-132.52799987793,-150.1261068702448
73.3679962158203,33.83871142859763
4.92000007629395,8.727068889215081
146.339996337891,79.26590748886942
-266.183990478516,-173.24984836538363
131.580001831055,27.923021935085302
35.7000007629395,20.021939901895216
-27.5400009155273,-19.361731811057027
11.6999998092651,8.97513539118692
4.38000011444092,3.966948120523105
-2.03999996185303,-4.309887583086942
1.5,3.2740282687717768
16.3799991607666,68.49181821864647
7.66800022125244,8.70564412324669
2.66400003433228,5.546922282099745
-19.6650009155273,28.274809348708537
19.4220008850098,11.519920178741067
33.9000015258789,85.44171758462112
-17.7119998931885,-13.668821603059317
32.6627998352051,9.487115760354683
8.85599994659424,56.227687904183284
20.0851001739502,15.923078367107866
1.86880004405975,0.8699494928606235
2.93720006942749,13.282495713561486
68.9759979248047,52.24087676838004
1.19700002670288,1.8494389536442817
3.24000000953674,9.801968062756936
18.2112007141113,15.74746830644294
24.8199996948242,-106.95646280576557
-306.600006103516,-202.97568635889027
49.5,26.610459781981305
29.9699993133545,16.35990589461263
3.11039996147156,3.3740120467584647
115.185997009277,94.05226921156795
10.3472995758057,83.69198872967785
66.073600769043,65.38772334859092
11.8800001144409,15.268314269051292
7.67999982833862,28.185039805752382
3.18400001525879,-7.133772856597203
-139.608001708984,-65.37018410965301
73.3499984741211,95.80408536640064
38.2200012207031,27.585886666991875
0.449999988079071,5.298586567018894
1.20000004768372,38.720429623867645
73.4400024414063,61.99502865703596
126.120002746582,140.8536030000114
1.08000004291534,2.3119922389537577
31.0200004577637,39.44312737067219
0.933600008487701,37.167585359110284
5.06879997253418,5.705634941289089
1.72479999065399,1.988612698008416
-176.544006347656,-79.94910286061354
10.0200004577637,18.446229982251786
-229.195999145508,-112.80721240903783
7.60500001907349,4.34727710190274
8.86079978942871,4.134913687023401
3.96000003814697,5.753079871886269
4.13880014419556,-0.5661852626078289
53.9819984436035,37.81683763025359
4.32000017166138,6.589718554474226
65.1284027099609,61.79501845492272
35.0973014831543,101.18864199509436
0.0,80.92104522821154
17.1000003814697,27.452510037046594
8.45639991760254,10.71139367820602
-18.3600006103516,-10.256640614702837
4.1399998664856,18.261128623183403
27.2411994934082,26.101432182579572
-6.80000019073486,-13.83218553526229
8.27999973297119,108.00986693653826
26.7199993133545,20.74370402097272
3.69000005722046,8.153042415567809
56.742000579834,25.47800310530532
-1.31040000915527,-5.180506606926041
83.450798034668,34.85280242338581
-8.59739971160889,-12.044269745737992
10.7639999389648,11.752403076869378
7.47520017623901,4.564525101548279
-15.2639999389648,-9.894367739601208
13.1999998092651,8.309526928020164
5.22720003128052,6.405069256932978
8.32680034637451,8.157445425906218
0.360000014305115,12.788375978556768
5.88000011444092,7.28860107737784
3.45000004768372,2.405947288673939
2.09999990463257,1.2511837539254902
8.82750034332275,9.68089234493379
-12.0064001083374,-13.318686514139522
36.3600006103516,49.92699100095486
17.2199993133545,7.155610132743678
19.5300006866455,10.951757081049802
17.7299995422363,1.0063099640144457
-45.0419998168945,-60.86833423323096
136.080001831055,118.76172246299014
5.48400020599365,3.0422856994646796
18.6840000152588,8.939449794382641
55.0800018310547,92.18889416856751
19.7999992370605,29.586452157265533
6.21736001968384,-58.65564978187827
42.8400001525879,116.91152729617752
19.5300006866455,15.250457494005811
6.59999990463257,10.042013005741113
3.21000003814697,2.920444708470395
-20.2800006866455,-15.454808999923012
17.5200004577637,21.72072669598291
10.1999998092651,37.32565109682949
8.81999969482422,10.426841898511457
-24.0319995880127,-13.716211372622492
32.6399993896484,32.634107907465356
-3.28800010681152,-3.537013575610184
0.540000021457672,7.24827216396082
3.92479991912842,8.191619625854749
71.4599990844727,40.968001087265996
-24.1919994354248,-10.662390860012334
43.6800003051758,29.35229597329566
11.4079999923706,0.011957159445511567
33.1199989318848,61.065681336179985
29.9808006286621,34.929507861058134
48.9000015258789,21.600694580182292
0.479999989271164,7.705803210367653
18.4799995422363,12.629918245352695
96.4160003662109,73.55906224709204
4.00400018692017,3.197267754823007
30.5400009155273,41.92548377569769
-24.9683990478516,-36.31141003485234
35.8800010681152,18.858832116680112
128.729995727539,106.79225591832008
6.11999988555908,3.2729910256615566
19.6919994354248,37.38585583744881
79.7580032348633,73.69226544302416
6.79659986495972,5.803613281939098
1.57599997520447,19.026750046190983
31.7000007629395,18.545758939874453
48.9645004272461,53.81275210516138
18.6623992919922,18.309407985328015
50.5632019042969,50.377057702561856
14.2200002670288,8.122451091638075
74.3399963378906,42.00467281528554
4.23360013961792,5.527913259962261
14.9040002822876,14.302268248661688
12.4680004119873,3.550867280618251
14.2200002670288,31.48383879167632
3.05999994277954,11.5098853708802
1.28519999980927,-10.49901248298574
-12.4320001602173,-20.243317111519076
37.3499984741211,28.90622157514745
-9.71759986877441,-44.06581539041922
3.96000003814697,18.0643883543595
4.61999988555908,16.056308918191363
-82.2959976196289,-48.405712258859786
2.67899990081787,5.895544905160722
2.19000005722046,3.4360908146251923
75.9924011230469,57.16368466681111
20.0599994659424,31.45314292474076
9.74380016326904,8.311416540609162
2.48000001907349,8.247378156839188
8.5600004196167,6.756358596005394
22.6800003051758,13.883005833572772
5.3600001335144,3.155622059686482
1.47420001029968,4.019574453529719
13.5200004577637,53.96920739576503
-69.75,-41.776590571419746
-1.01999998092651,-4.31464843902991
-83.879997253418,-50.95714409612694
-7.19999980926514,-7.905896075703751
24.6240005493164,13.468283908500204
-0.330000013113022,-4.664104630102697
0.360000014305115,5.429413483109294
29.8199996948242,21.222142307954158
3.77999997138977,8.18613435593057
-2.00160002708435,-3.3141481600219036
60.8832015991211,37.14487634437308
5.53410005569458,7.086611488581905
24.4699993133545,22.84240965018178
5.44320011138916,4.574650675693035
4.01999998092651,8.185408415957207
53.5499992370605,14.529509543367404
-22.9799995422363,-20.700146546411965
-308.496002197266,-172.83494706740254
2.29500007629395,2.1623283700634404
5.95499992370605,1.9532264240156683
-2.91599988937378,-67.77404650758598
-20.8619995117188,-17.802899944095437
18.9599990844727,19.27778602048319
6.51200008392334,5.883290931530909
194.399993896484,22.628057262425976
28.7099990844727,13.455470302881238
102.944000244141,107.56153086535996
20.5799999237061,44.882607581398474
105.980003356934,144.0266535345018
-19.6319999694824,-29.05784759809395
-2.68799996376038,-6.115695397117295
2.75999999046326,34.66959978125321
41.7060012817383,33.66814477932743
57.2400016784668,59.53923035728788
2.8199999332428,3.0559293508002203
30.5088005065918,32.95301198024167
59.4355010986328,33.81352933861351
0.0,20.083577765601966
8.57999992370605,26.814472839440853
25.2000007629395,26.44395271765908
3.24000000953674,7.573763373496904
10.7964000701904,18.326818040294903
-27.0960006713867,-47.67880159581484
3.26999998092651,7.8302162233565324
10.8135995864868,10.52703477351307
15.2399997711182,26.484420736094968
11.2839002609253,8.034219615780028
11.5536003112793,6.809829002491529
18.0900001525879,31.646196814463188
14.1479997634888,13.837371968379635
8.33279991149902,1.5032852168220812
20.2485008239746,14.899381704748869
2.40000009536743,4.3833051446115
12.0903997421265,18.591505779627248
5.21640014648438,5.6693758734655
-47.7779998779297,-42.55948131971875
23.0100002288818,32.19214401345733
11.5971002578735,9.884534025779391
-180.167999267578,-216.9689827437702
-52.8300018310547,-31.16927948234462
-12.2849998474121,-15.302844471052152
0.0,10.556128923324389
6.16499996185303,11.830555357652129
-7.03200006484985,-11.36945112514648
-57.7799987792969,-32.41452117814032
0.839999973773956,0.4236268266230072
-11.3400001525879,-6.830510661244113
-11.9250001907349,-20.92583624854037
-24.2399997711182,-11.006051193296006
-20.7845993041992,9.117415747785143
24.1200008392334,13.722136672897454
116.389999389648,87.60373299646938
32.3350982666016,21.49804900552244
42.0,54.01362969417179
-9.56999969482422,-14.243382170751959
6.3503999710083,6.728551295985636
-3.83400011062622,5.936239046120845
3.53999996185303,6.9092546491874565
9.09000015258789,4.450343693872329
-44.5519981384277,-26.762590907377707
39.3899993896484,43.518409636208546
70.1999969482422,43.97788068884522
18.6720008850098,14.524737752029335
3.86999988555908,75.38873192081674
-1.84200000762939,10.055603735010745
4.55999994277954,30.712175812597366
-5.55000019073486,-70.26058129174261
30.4449996948242,29.528021544845544
46.7999992370605,31.239629044251103
23.8500003814697,22.68388992544312
-12.878399848938,27.239026834289874
107.040000915527,91.96965564903951
-5.7960000038147,-11.205371886053717
64.8450012207031,29.03456010952346
2.33999991416931,3.736309637655613
33.3899993896484,28.132147611260798
181.979995727539,109.44964361681126
-32.4480018615723,-59.821659417572654
104.48999786377,125.1841009405378
6.15000009536743,17.313038384181553
-69.0,-83.03278913967816
20.5200004577637,11.567431739233816
26.0400009155273,23.226223491805413
4.5447998046875,7.95873334301335
25.2000007629395,24.929110666062044
164.699996948242,91.21984532251594
0.695999979972839,-5.286465894500094
31.8892002105713,25.002862525736695
2.19000005722046,4.527223298653866
8.9399995803833,4.221288883426332
8.87839984893799,94.55593593372991
7.67999982833862,8.446598634142358
13.6800003051758,9.523776788008902
-68.7600021362305,-38.805301239730134
14.1599998474121,33.626781818242826
2.66000008583069,1.9771859611536577
-6.94799995422363,-9.108704243995026
7.97240018844604,10.762635532897965
3.48000001907349,11.434587556110513
9.63000011444092,4.895070606152543
12.1199998855591,7.934540505077613
0.75,2.6884042841184788
1.25999999046326,3.459628152962723
0.899999976158142,7.064375942336379
13.8599996566772,16.92696321972101
1.64999997615814,2.371159188533901
10.0109996795654,37.78903121679435
9.30000019073486,19.510010273947515
7.1399998664856,4.092839976799904
4.34999990463257,8.637338479193149
-184.731002807617,-181.4612042848639
-2.06800007820129,-2.260102179059832
8.71380043029785,8.544360825024473
-7.63199996948242,-17.158144125736534
78.752799987793,63.12554996473479
5.48960018157959,4.735331296190108
-24.3360004425049,-63.218796463942326
10.2480001449585,8.803979394911892
9.7608003616333,10.267786650448178
5.07000017166138,6.489877091737138
6.71999979019165,18.922142336259427
-6.31199979782104,-19.903938599295472
21.7800006866455,36.15466218233369
39.0660018920898,37.20389462203032
6.79659986495972,6.906318075583916
32.3400001525879,19.118305033974814
-23.3880004882813,-31.775615349246088
134.529998779297,116.26336489099721
36.6599998474121,29.179787934047035
22.2000007629395,8.970206754511858
-8.73600006103516,-14.31360091751939
161.160003662109,80.94061455725937
-7.82399988174438,-10.433243965469726
0.180000007152557,3.2969919946342126
13.7600002288818,6.875149685307184
-498.347991943359,-301.8898540983108
24.3269996643066,19.383200123780384
2.95619988441467,3.2016697391781945
3.59400010108948,3.8959302509702627
45.3695983886719,68.35197458782194
4.80000019073486,4.477581394519389
2.97000002861023,11.315686075941594
103.818000793457,84.37809933637543
-3.35999989509583,-7.926992942571083
-39.4679985046387,-41.92721910832795
8.02200031280518,4.574979934076739
-72.9960021972656,-44.93320641012415
50.9081993103027,45.234607393571885
62.9700012207031,42.634794636537876
4.65000009536743,4.903156576303336
-0.540000021457672,5.485399118161947
24.1200008392334,63.93741474993125
11.4300003051758,5.372951110313363
56.5200004577637,139.14074703331323
4.58160018920898,5.39572294131555
0.0,4.006971231152715
6.75600004196167,22.54574603157203
154.320007324219,130.44141689287247
3.85199999809265,4.850656852607441
54.7200012207031,33.269160909395865
41.4000015258789,28.142986440068434
3.47499990463257,0.9376222862946048
63.3600006103516,49.69462389353505
26.3911991119385,17.744506232740108
36.2939987182617,98.36147148664158
10.6428003311157,10.400918479991855
35.3345985412598,32.46644488586355
46.5299987792969,78.34211783697106
11.9399995803833,10.270953355737644
107.879997253418,80.72658028266271
17.9549999237061,9.323433314124786
8.05480003356934,8.922896992208473
6.57539987564087,3.356512157023832
11.8584003448486,15.116656247599597
0.985599994659424,-0.02304459605842568
9.53999996185303,11.444146448977188
6.45839977264404,6.366676180388108
15.5288000106812,15.783113982837225
4.19999980926514,18.792438818517496
32.5859985351563,10.427346563214341
13.9200000762939,9.870668606023926
27.0799999237061,22.111862085745678
20.5599994659424,21.203077841294977
30.5100002288818,22.80194245711951
32.6399993896484,23.33436991481608
-160.707992553711,-97.4372992973529
107.72200012207,80.06641259509172
29.7600002288818,23.15895299670734
9.81599998474121,29.738435429178786
12.2309999465942,11.687089785354688
5.69999980926514,4.049571873310083
6.88000011444092,3.761930321870073
17.5240001678467,19.051433262138644
-4.29869985580444,-5.115725170162603
15.3780002593994,11.390966094988132
4.01999998092651,5.322199257952305
93.3600006103516,38.97697051325051
-18.5261993408203,-21.113749994981198
6.14879989624023,7.7035855811680936
4.8600001335144,14.78935410759776
5.02199983596802,1.6318450450765578
0.360000014305115,11.689609510873709
22.9953994750977,6.567282181898311
6.92999982833862,25.714628100295826
4.98000001907349,3.7867252047521913
3.98309993743896,3.6271484246478027
-4.65999984741211,-39.25790626698634
13.3056001663208,16.73232730270417
95.0400009155273,66.83276788917128
12.1199998855591,2.6459631732361335
-21.8099994659424,-45.62661335683537
6.22079992294312,5.901486454253344
-5.48400020599365,-6.8111253867022805
-322.272003173828,-214.44442462620157
208.320007324219,85.02441981743047
14.5637998580933,7.608924302074175
11.1840000152588,7.149403819958109
19.9200000762939,30.192481824970557
16.0,12.856642180532011
32.7599983215332,85.01013318781958
2.40000009536743,-24.320213895724343
2.88000011444092,4.168657998275272
25.2213001251221,23.849396937614245
1.60000002384186,4.16711881752752
61.439998626709,64.04185169503671
-25.6439990997314,-22.327142309147014
79.2957000732422,138.90375507654875
0.479999989271164,3.542238196910182
41.1332015991211,79.18208278853035
57.75,24.009209528930626
-9.7608003616333,-11.126274994946103
-26.6352005004883,32.42913827917892
-10.2419996261597,64.62589026798463
159.839996337891,127.59393253105299
31.0799999237061,54.616265067614336
26.8950004577637,-42.803651448488544
1.20000004768372,4.07530335311612
33.3600006103516,55.090603384616
18.3920001983643,-150.96228564742424
14.5799999237061,8.483413850798131
1.86000001430511,20.463002817576452
34.2924995422363,27.34689129726779
1.67999994754791,3.259413729253841
2.36999988555908,10.923142879472806
31.6000003814697,22.612057997565934
4.46040010452271,2.9946777319642974
13.4099998474121,9.307811792196523
-131.850006103516,-126.46954712602091
7.69999980926514,4.271918907589783
4.03380012512207,4.110705597960015
-24.9120006561279,-47.16053247479472
0.119999997317791,2.093427657822768
2.88000011444092,23.138374368820536
-5.30999994277954,-12.831139320581588
-105.660003662109,-96.9611824045102
10.8000001907349,8.219052358985293
81.1734008789063,87.1361340624171
61.0499992370605,62.26966837798087
-62.0999984741211,-34.81095824311408
-20.7845993041992,9.469593500592058
-1.2150000333786,-25.138364705729664
57.4000015258789,46.862024296332564
8.69400024414063,9.459100126666199
1.91760003566742,3.1765427489209888
0.307000011205673,0.6645977165794872
3.68479990959167,5.339913126978878
30.0300006866455,93.70954630942236
-81.4499969482422,-44.863494722828406
3.69359993934631,5.471256146669346
5.16480016708374,5.518969427190606
21.0128002166748,17.906104436498524
14.6400003433228,25.650239905033573
-11.5176000595093,16.226446826436806
19.827600479126,20.805778708823098
30.8700008392334,23.216893348383465
3.86999988555908,3.7113094707577106
52.4900016784668,27.866501819114156
7.08540010452271,7.649621849840186
0.0,3.128673031637286
8.36999988555908,5.760938326039041
12.874400138855,9.228406046300051
8.21560001373291,7.188884962827888
9.61919975280762,9.370445690669087
57.5928001403809,46.94223955898748
3.79900002479553,2.157682954264393
33.5519981384277,23.010010958089744
32.2513999938965,24.567610254998442
31.5599994659424,35.482909585649836
-3.59999990463257,-12.560673257957
11.625,9.040010104553009
0.479999989271164,5.498255463866016
5.7960000038147,6.434749556551684
43.9199981689453,20.747769881182393
25.4699993133545,30.09371684320798
-111.690002441406,-125.47504941084762
28.0799999237061,15.665895734223554
-2.06220006942749,-2.585332026562572
-4.646399974823,-10.148036371054056
-1.81060004234314,-5.534723767583996
6.83879995346069,14.037520585512922
2.21099996566772,2.474211586019879
-2.28480005264282,-6.7112895998763245
4.92000007629395,2.311884646652647
-395.640014648438,-249.47385034865403
3.1800000667572,2.886824105358963
27.2700004577637,14.478878284218291
60.0299987792969,29.700451977653145
-104.304000854492,-62.71418140622174
32.4900016784668,21.934830731164837
35.6399993896484,40.15661984108892
52.439998626709,29.01487774906422
36.1800003051758,49.683552881657086
8.25,7.824695750291665
35.9199981689453,16.544970873673826
37.6422004699707,25.760701213695505
-193.055999755859,-108.67938834055559
9.77999973297119,12.08561444219851
39.75,27.26741811686785
2.92000007629395,3.1484946901846462
6.07999992370605,4.5853265482817935
-8.80500030517578,-6.1500286120683905
2.40000009536743,45.31966558091823
64.6399993896484,57.69401531085732
188.850997924805,106.16555958485402
14.9399995803833,43.0825086835866
-48.2999992370605,-24.80311042378478
40.1702003479004,31.17097335331794
76.2300033569336,37.04899535348257
-215.100006103516,-99.6466533276189
74.879997253418,75.12160663616707
38.6399993896484,19.2121183263487
13.6000003814697,9.763977832984507
24.7800006866455,17.644641256460034
-39.6599998474121,-22.90725205069328
44.5499992370605,30.42682458513915
3.51999998092651,10.259973698366968
100.800003051758,53.47598290813145
-3.53399991989136,5.2545410221315585
-41.4480018615723,-41.630993215782006
-69.2099990844727,-99.06752169436916
-174.240005493164,-122.16728861759358
8.1899995803833,13.649172128143395
25.6800003051758,65.38131894074203
-95.879997253418,-81.80721176049387
3.4047999382019,1.8552148797999828
28.4363994598389,4.5293105988872675
34.8138008117676,-4.226517590246443
12.0978002548218,12.449209277613061
29.1599998474121,43.634225030183515
12.1599998474121,9.450579033279189
17.3400001525879,70.11800809447926
-13.342399597168,-16.365699516915463
31.2444000244141,35.36230259577819
0.0,5.803886035525726
-75.8448028564453,-77.88584770694263
0.946799993515015,7.392552483525751
0.651600003242493,1.7272413661898782
33.9065017700195,6.928726722442101
2.55920004844666,1.1827395054036844
-6.42000007629395,-17.041500390383042
12.2399997711182,62.43524725050419
30.9918003082275,21.915064919716364
26.8799991607666,46.02127888802374
35.5800018310547,21.427921033164694
19.6247997283936,20.598618951059947
44.7000007629395,30.392905358284025
-17.5949993133545,-53.02172294551769
1.28999996185303,1.6973935991073663
19.2000007629395,11.643264172172609
9.99499988555908,11.968540282253855
-12.6280002593994,-18.199547690581802
3.88220000267029,4.695447685690886
8.88000011444092,47.08347258618863
-2.69970011711121,11.673767036519795
-8.77499961853027,-7.9272659278917175
5.23320007324219,10.298153366992404
9.86849975585938,6.071215377102068
-8.3523998260498,0.18549994226855016
-17.5650997161865,-23.144049043941223
-43.1699981689453,-41.46793305236513
-2.94000005722046,-0.16073557932265198
-26.1180000305176,-35.728653922827974
59.7000007629395,33.27741325701886
-5.7480001449585,-7.510943745748413
-34.3800010681152,-21.515754045309492
0.0,3.001719833470375
6.59999990463257,22.143380805204004
9.43920040130615,2.9600295977937874
16.3351993560791,6.940390245460426
-77.8560028076172,-185.1627926692286
71.6399993896484,64.10925837800663
16.7999992370605,15.173738634140104
25.4384002685547,29.049082441048995
-54.8819999694824,7.242739405900152
140.039993286133,68.08612539977588
33.9000015258789,60.94984036002633
3.91020011901855,5.016439382438911
2.58960008621216,1.3732904453614674
-75.1679992675781,-0.67160702541473
17.1000003814697,27.869595892448437
-77.2529983520508,-74.4536400295415
42.5699996948242,35.12256778444198
-23.7600002288818,-164.01648530289717
82.1600036621094,43.49515674009972
18.0475006103516,82.84058015286307
65.9934005737305,14.944088776735912
7.43680000305176,3.528914556204104
2.64000010490417,3.4765614071558972
28.2169990539551,31.118196507625974
-6.39599990844727,1.4851458651585667
7.59000015258789,33.045259488691926
16.1000003814697,15.71164088166499
-24.7679996490479,-173.30436717964557
-189.320999145508,-118.59025976356968
13.8599996566772,8.484400621807934
15.8039999008179,15.765732916483525
-15.4666004180908,-5.617276610379233
24.2285003662109,21.921518561940104
9.94499969482422,5.626313284199088
8.39999961853027,16.500407563127958
-106.019996643066,-86.01445993476706
5.44320011138916,5.010377929875273
10.9697999954224,9.538628020549899
44.8680000305176,-92.21807697701371
59.4000015258789,35.586501349093716
25.7919998168945,28.07355842536611
5.94000005722046,8.455816666425873
15.5249996185303,11.598473477720892
9.02999973297119,11.625036859617614
7.0019998550415,3.5975218749939577
1.64999997615814,4.404174456604826
15.8400001525879,58.35888019059322
79.5,55.44539399677108
7.4871997833252,6.006154075223682
2.01999998092651,2.1459069621587767
137.151000976563,97.71387561239098
-65.5199966430664,-70.80884249615437
25.9200000762939,23.79912313182154
1.25999999046326,8.739997520275784
3.92400002479553,15.803745717652122
-8.06400012969971,-9.897503607404557
2.0492000579834,3.00872647324849
-133.921997070313,-55.29631462278766
6.11999988555908,6.140980389017992
99.0,51.77172363167226
0.839999973773956,3.923999927215815
-6.83339977264404,-10.976088570675934
-6.38819980621338,-22.88940954329793
59.5800018310547,27.851411157815782
12.1049995422363,4.467172086957906
3.24000000953674,2.521792001921143
6.71880006790161,8.605879607485562
1.08000004291534,2.454687704108724
-6.12480020523071,-9.440727775374716
17.6340007781982,11.242238788468931
27.4855995178223,26.125355860562067
12.1451997756958,17.709671297011134
0.879999995231628,3.2401094575063123
-33.2999992370605,-23.905441123041577
73.1399993896484,89.71631714106195
44.1599998474121,17.606627674864093
29.1599998474121,17.57720463471862
1.79040002822876,48.01029630246959
-28.1760005950928,1.0882139207935406
8.9399995803833,10.624290167153786
2.33999991416931,2.581912895949766
7.5,17.043750240958516
28.9799995422363,46.190698496354244
2.97000002861023,33.85139891547975
18.1599998474121,9.685999522024892
-97.7399978637695,-91.75682217816413
33.5891990661621,11.243566677673561
5.39699983596802,-0.2951827757751137
20.2350006103516,5.510109508931195
-47.396800994873,-55.62964795730062
13.8578996658325,7.391778678009673
8.99199962615967,-31.030899016425586
-29.8719997406006,-34.89183179971613
-1.63199996948242,-3.706629607646132
69.4800033569336,39.58609873155398
7.25759983062744,4.556757205694647
15.4980001449585,6.066068954563869
107.995002746582,14.002802969207098
-87.0479965209961,-57.266762334885755
-9.66399955749512,-8.99306325859708
-4.19099998474121,-6.626130144863123
38.7799987792969,24.83227629459892
4.73999977111816,30.52356358279421
75.7600021362305,54.704466155864495
21.7094993591309,22.184150512600773
1.70550000667572,-0.11128873270149064
-11.6512002944946,-18.725336487698513
26.0849990844727,18.399263153046697
6.3600001335144,11.55296878438901
4.17000007629395,4.187884550279289
3.15000009536743,5.978237999187967
-9.91800022125244,-16.432756716692495
17.6399993896484,9.022924291064284
5.28000020980835,3.7946700688167017
43.0499992370605,30.684458835969316
-39.6370010375977,-27.77737113644499
-68.1856002807617,-56.590276326513916
0.959999978542328,11.489406036765809
16.9312000274658,17.64816627902298
11.5500001907349,10.837730183653402
12.2399997711182,43.85951349213197
8.27999973297119,4.397336230990338
4.07999992370605,9.845660197190965
134.654006958008,147.83088799065644
2.42880010604858,3.400746934513652
17.8799991607666,19.365070683711714
3.45000004768372,7.912126781795722
19.7999992370605,11.33121139652268
12.8150997161865,7.950774925137415
1.72500002384186,1.695601357993342
14.3135995864868,2.1582477885187696
10.1040000915527,0.695644476991834
31.0499992370605,23.450786714184794
8.10000038146973,5.705021926892234
47.8199996948242,112.96711039130668
113.847999572754,121.28675741761451
24.2695999145508,20.044900475497613
10.5551996231079,5.691092570870911
34.907398223877,25.44504200176734
1.11600005626678,3.617109116159779
3.60179996490479,5.516897343310947
12.1999998092651,20.574822820230565
8.88000011444092,6.595558231729356
70.6259994506836,21.494201329325584
2.94300007820129,9.639236126170978
-407.976013183594,-361.32301024228275
53.0789985656738,34.6583204329313
10.0724000930786,11.783476928134709
-0.531000018119812,6.124646696793225
8.39159965515137,-11.605055538964361
26.1599998474121,27.230897617551413
9.02999973297119,73.2504905936425
1.79999995231628,13.096769586008401
-46.6679992675781,-35.62703329653471
-11.9370002746582,-14.225172187198996
70.7220001220703,55.460159394767864
-5.60400009155273,-4.416707810815403
6.11999988555908,5.195216388107707
176.514999389648,95.59051402398194
-33.4799995422363,-37.91396345051752
7.25759983062744,3.8064293820913306
-22.7999992370605,-18.435100964884057
2.0048999786377,2.1827849200010867
5.44320011138916,3.2891653299646615
14.5740003585815,10.965526052006325
36.4043998718262,32.17480236059426
2.60999989509583,4.225900990838138
14.7600002288818,24.802244155640544
15.0299997329712,11.15243708737766
0.864000022411346,9.323037683295013
2.84999990463257,7.3258148637800256
15.6800003051758,10.05613133920775
3.28679990768433,5.332789419074419
8.3523998260498,2.8184515348274717
19.3500003814697,17.311142609950487
16.3999996185303,12.759512969722179
5.51999998092651,16.051667694808877
0.0,2.8338289381204107
40.0036010742188,25.432238556006347
11.8909997940063,12.770562069061679
3.72359991073608,5.064602300512828
-6.89919996261597,-6.767302397360174
-20.2450008392334,-6.879138915366945
66.7200012207031,53.45066195536451
30.0144004821777,26.919603037887953
-2.28780007362366,-2.970952178221108
35.3345985412598,31.59283174148979
27.8819999694824,25.560902324724836
17.963399887085,16.266882270811152
9.0600004196167,10.786485527113888
5.44320011138916,3.9473255098000366
8.28479957580566,2.809579803176736
6.50579977035522,5.728792892864487
-20.2956008911133,-18.203753206059183
-60.7680015563965,-69.65864800026196
0.885599970817566,1.2306944251077663
6.1230001449585,6.434289058223577
41.5349998474121,29.152918431216037
28.3999996185303,47.723180587888535
14.9130001068115,7.625110350424027
10.3071002960205,10.692878742317061
2.95679998397827,4.0831279906339795
8.5649995803833,27.539202080196766
25.0919990539551,38.27908843973139
17.0981006622314,23.99276397859466
-34.8245010375977,-97.274080360887
-125.910003662109,-69.95464967391172
23.5499992370605,25.069499767733262
31.9500007629395,15.600871792494678
4.48000001907349,-47.69959098784083
10.9799995422363,13.878310447276466
228.600006103516,126.90564302716791
20.6399993896484,13.91541271685999
-11.8439998626709,-19.927040981611988
-53.8548011779785,-32.434410506160994
0.180000007152557,5.443355883532137
2.71659994125366,3.850408663980914
31.9500007629395,40.12485747630275
4.30800008773804,-12.598119761362673
-0.76800000667572,-4.088176636921144
-36.8880004882813,-25.873268530641766
-30.3645000457764,2.0039801479111
-8.86400032043457,-12.719345690326724
-5.38000011444092,-14.653563295991914
15.75,13.335195658773163
19.3185005187988,22.335753415165684
-20.8775997161865,-10.220353629863213
-36.7200012207031,-140.88982507917865
-67.0199966430664,-103.11241923627497
-3.78399991989136,-7.077861995782034
38.0250015258789,20.306487366356514
7.92000007629395,21.51609483418963
-5.76000022888184,-41.27629099984656
85.1760025024414,43.97603241036367
-19.1058006286621,12.322286131642649
1.82070004940033,0.33168212260136753
2.0357999801635698,2.0247213482992343
-21.1319999694824,-12.1947644730059
-5.69430017471313,1.9077770816946629
3.53999996185303,4.999301845859773
21.7514991760254,33.46701102801509
13.3479995727539,11.958500182403746
55.5,69.7227352325143
25.2000007629395,37.665166209956176
89.4000015258789,60.67457497069733
31.9500007629395,40.13625610460448
-131.95100402832,-71.2011284838272
-10.2720003128052,-10.901859896327283
5.60500001907349,1.5016852816826067
58.6399993896484,30.492877573917504
11.8800001144409,15.541235493143155
12.0900001525879,18.804987362037117
3.57999992370605,7.244905228642381
-74.3249969482422,-65.59038247529297
11.9700002670288,8.068357019966747
-1.91400003433228,-4.695096042513238
-22.1280002593994,-12.323922137919464
27.5631999969482,20.223175542227978
-97.5599975585938,-109.88153148912863
7.19999980926514,26.290385339898506
10.8000001907349,7.208799617744509
-6.26399993896484,-7.412106236703488
-40.3839988708496,2.9791921214069967
-14.5979995727539,-11.427690494030394
6.21519994735718,7.036141900716218
28.0799999237061,19.66937590285694
4.27199983596802,-10.189000621943784
-25.7880001068115,-28.293539975830875
-6.89400005340576,-9.697690975080294
-7.2960000038147,-5.251410767517501
0.0,4.1487302244535975
-450.216003417969,-479.908023849237
26.3099994659424,18.00975282180118
9.84000015258789,8.266636212671035
-81.5759963989258,-77.07041764862511
15.960000038147,11.376858626359349
-0.216000005602837,2.552630954845153
-20.1599998474121,-13.35684375419373
-9.10400009155273,-6.526891257415955
6.46000003814697,-44.074250108440715
-11.3760004043579,-10.471871636917124
-71.447998046875,-69.29851167127856
6.29099988937378,3.208178624056938
37.9175987243652,24.202250733597467
-76.6800003051758,-44.73838223524374
-8.31599998474121,-6.4525658561025985
29.0849990844727,26.377690406426147
7.61999988555908,10.506942610270757
-1.09500002861023,12.392891440782362
81.7440032958984,31.322036400015797
35.9850006103516,23.78322697496155
9.40799999237061,8.019074595471462
29.5200004577637,22.36031061724232
-10.1920003890991,-4.963279822568696
29.3640003204346,17.019277646657727
34.9964981079102,33.644047847224726
6.55690002441406,4.898414759669986
11.3249998092651,7.782295037265981
13.6199998855591,8.77644360083378
90.8292007446289,58.305028668178096
5.44000005722046,71.16154364033711
4.53179979324341,3.473165570734281
-23.7821998596191,-14.76637542894289
15.0719995498657,-32.53120224364356
43.6500015258789,49.822115208093436
20.3999996185303,24.535312380527444
95.6999969482422,60.51851846248745
7.55999994277954,12.552363996997746
104.099998474121,125.37983298682197
9.81639957427979,8.360370602439597
13.0950002670288,7.3983149975647695
-31.2000007629395,-81.64663175353375
-55.2560005187988,6.956576908640114
76.2720031738281,80.16832926518441
16.1700000762939,18.808332600681204
133.440002441406,88.6590700573051
-10.0679998397827,-17.413369586238247
39.2400016784668,23.528680745957047
10.5600004196167,9.382435240103742
-316.019989013672,-430.326489830865
-25.253999710083,-20.247377749999558
-15.3360004425049,-39.52739626235783
9.23999977111816,31.333825002486364
22.7999992370605,36.062543689634154
72.5999984741211,46.86354142136245
-27.738000869751,-25.409523316667823
-15.6960000991821,-14.53116825893851
10.3599996566772,9.971517543084301
108.360000610352,150.33023387611047
2.40590000152588,2.775197110651856
-21.4608001708984,32.24251964443211
-142.20100402832,-73.93955998694942
6.48000001907349,4.087909644303282
22.8827991485596,26.68808848542551
9.18000030517578,12.713863915101545
5.84999990463257,38.20058507687648
-0.41100001335144,2.4544589025341637
-1.86000001430511,-28.17140589555565
-83.0879974365234,-119.7196689660575
3.66000008583069,3.030238025532801
14.3850002288818,11.248867186350305
111.360000610352,123.78813529628347
-123.525001525879,-82.75068173616312
1.25999999046326,4.8752478342475785
38.5800018310547,15.420119609508646
-43.2120018005371,-27.407488270901936
-55.007999420166,-43.4871741869361
-16.6499996185303,-30.65358680383875
-21.6900005340576,-13.405284902396863
-14.5649995803833,-15.59810697570536
2.8199999332428,3.3475766512702463
9.75,9.471620990890743
54.234001159668,19.01015666197278
-295.320007324219,-243.14584923114768
18.375,39.57510664834658
4.38000011444092,4.050918771435072
0.437999993562698,5.07679101227411
27.7910995483398,12.694773025925741
4.96000003814697,8.382909727323371
3.29439997673035,2.836722541681933
4.73999977111816,23.378517424288425
14.1300001144409,13.000038145124762
2.62800002098083,3.8328249161700363
5.86959981918335,6.6516801596848145
-8.18400001525879,-6.753384874384806
-6.44000005722046,-4.790457062143764
4.3523998260498,4.727510708499735
56.4000015258789,39.11846323289612
22.7639999389648,28.49698043488371
131.986999511719,82.48079793088581
-35.9280014038086,-37.997009991296146
26.6303997039795,23.846545649864368
23.7684001922607,10.64122160985182
2.03399991989136,10.443311190371672
233.520004272461,163.99237698586822
-36.1115989685059,-58.547764323445634
11.1599998474121,11.325852689812907
41.6699981689453,31.133650479299867
15.6331996917725,24.515080334788728
9.33119964599609,9.213020441418763
18.44700050354,20.943442607462792
-56.2560005187988,-47.08817846948035
12.9128999710083,17.202214956743326
-2.18959999084473,0.04484212560588363
21.8969993591309,3.490010197840143
60.4080009460449,22.76068787686075
23.507999420166,8.868411239183676
97.879997253418,71.70970009063478
9.35999965667725,6.084986580707786
8.71199989318848,30.828094485317955
10.4875001907349,16.177617582731727
-2.69400000572205,6.614235715147394
3.99300003051758,9.237944419872429
79.7939987182617,87.98018307527143
5.44000005722046,11.172058052312096
114.938003540039,85.54184809348004
3.96000003814697,8.42401256695094
30.7800006866455,50.53776165424876
4.55999994277954,6.333208073144065
17.4599990844727,11.814444086286374
3.91799998283386,18.557793973477978
13.3380002975464,12.114719934484745
66.5459976196289,37.63610713787492
36.9599990844727,36.530633414269374
47.439998626709,29.746496597202317
18.8532009124756,2.068476167450446
71.2295989990234,71.39980881751852
-34.2515983581543,123.50305467460575
18.4799995422363,10.923949328613327
15.7583999633789,20.727009164453207
26.7299995422363,59.881749860056665
45.0900001525879,36.44417929987354
4.73999977111816,14.600989875691605
30.75,71.8521697448289
11.7600002288818,8.116820094655793
25.3799991607666,25.582550086101044
12.6000003814697,11.24587677508265
192.690002441406,108.63998223134445
3.35999989509583,5.068337062147179
21.1200008392334,4.738888684841593
9.0,4.317391069279471
35.5499992370605,33.57037253522308
69.4349975585938,35.56869011438684
6.44399976730347,20.943306995712014
0.959999978542328,10.481813437596315
38.2080001831055,-73.49079712234523
-3.52800011634827,-2.8313237413543204
3.24000000953674,15.68117742837293
28.7999992370605,36.42818828422824
39.3569984436035,10.750650107106596
32.2919998168945,19.87840231198772
-10.6680002212524,-6.9712031563749
-9.90999984741211,-11.202969632287974
11.6099996566772,14.593728464029752
251.399993896484,141.93792555841426
38.6399993896484,37.98594237780861
-0.0299999993294477,-110.27740219698605
15.75,11.760104738084134
23.9400005340576,38.77603027366466
10.4250001907349,14.168913430627075
-10.5600004196167,-25.117199564306453
1.88999998569489,14.162454370615336
25.5,20.053223546994076
-40.007999420166,-62.39228422474166
-5.9520001411438,-15.735921806039855
-7.99200010299683,-5.436261414935483
93.5999984741211,64.20979804687505
26.5499992370605,16.7828215619635
0.720000028610229,4.8140395857428215
10.8000001907349,3.9585785371711673
152.022994995117,149.7995117934687
37.7999992370605,28.00393839661148
72.2399978637695,87.0182132140451
19.7712001800537,17.848605750456564
37.7639999389648,14.70077112637652
59.4000015258789,36.28915551308156
-5.13600015640259,-7.052458852656355
22.0799999237061,11.706282968511177
92.2368011474609,67.71507299018117
41.8499984741211,29.99434150813589
7.26000022888184,5.205461587184919
7.25759983062744,4.52508027931617
27.2952003479004,14.800432056532932
82.0800018310547,87.5516291807142
8.72999954223633,13.87416427185779
89.9970016479492,91.31502174590896
12.2465000152588,48.63670538413454
21.7199993133545,17.140756430796934
5.25600004196167,7.073592345225968
72.7200012207031,91.76823677527092
16.7490005493164,2.3864246872979624
-23.8920001983643,-27.394841746208435
11.6850004196167,12.299366510404948
8.90999984741211,11.082638724102392
-126.071998596191,-85.80028449991508
72.2399978637695,57.52829279716488
51.2999992370605,38.162595022060536
59.3730010986328,59.38241207610292
21.9300003051758,35.87448237331061
44.8199996948242,102.35868628219909
10.7136001586914,9.53868035033034
34.2900009155273,21.097691711046956
70.9020004272461,14.421142926572726
3.21000003814697,2.9901302038537043
8.34000015258789,19.693156605141297
-8.23680019378662,-12.98942661783397
-4.91400003433228,-18.425270385561113
-10.4399995803833,-10.406064109480933
-16.5599994659424,-40.972961588154924
4.92000007629395,7.287894719927694
3.24000000953674,6.171878994629663
-77.6159973144531,-47.14688708426264
25.8129005432129,-0.7928482080319451
51.7999992370605,40.66529808644727
-4.17000007629395,-6.324179100894768
14.5799999237061,10.972096996304202
5.55000019073486,4.2771022314453555
14.1300001144409,40.21692868337289
35.5200004577637,81.22077646690036
30.9599990844727,20.355638813783514
-34.757999420166,-6.170024780484123
5.76000022888184,9.235009229619385
-153.201995849609,-98.43027598832691
4.17479991912842,4.983887662970974
32.6699981689453,92.80017647985376
4.68179988861084,6.160426185259051
15.1157999038696,19.98620969883767
-41.8979988098145,-51.66124149901296
-7.20599985122681,-10.023901353998571
4.5,15.898519120403371
5.09999990463257,4.739574495716447
24.1959991455078,65.17569562940172
33.7319984436035,14.71265448654633
3.85199999809265,6.146942189451315
28.1420993804932,35.34569080121774
30.7199993133545,29.68864759483835
13.9200000762939,57.44947058735543
-58.7820014953613,-43.8365501898331
98.8499984741211,66.61068832097122
73.379997253418,67.61217032073579
18.9701995849609,17.718074238703267
-5.58400011062622,-8.531700755845053
61.3889999389648,81.35468065608143
-122.807998657227,-88.1018999280059
-21.6000003814697,-22.103902859667983
122.386001586914,91.89498813491755
-14.6700000762939,-11.363221176569288
-14.9759998321533,-26.334574056052382
8.27999973297119,28.47894920244464
26.2350006103516,30.106315705294
4.56120014190674,7.700190963313267
-34.2299995422363,-13.209417602205141
-13.6979999542236,-12.180831606612719
-0.857999980449677,7.245938198826326
5.44320011138916,2.926390697299392
7.19999980926514,8.88368048260187
9.49499988555908,15.902763943158785
28.7670001983643,50.95966666409007
8.26159954071045,8.337989454488177
52.5320014953613,40.08624653088484
18.6000003814697,35.78742844779397
9.33119964599609,9.248400519181637
1.52999997138977,4.859007549438
14.5799999237061,14.292680170539159
-3.90319991111755,-7.142884852645477
4.39020013809204,-5.154230372409665
4.40999984741211,56.71181155638568
4.65000009536743,31.301676544582925
-12.8699998855591,-9.926442777248678
-16.7759990692139,-51.36263944108656
-5.46000003814697,-11.970198993429268
-15.0299997329712,-49.33737976843619
0.0,-19.942553626501713
182.354995727539,137.45966149100636
111.959999084473,78.66608044553873
10.7399997711182,14.496424719020952
37.2360000610352,14.286031404657098
-12.1199998855591,-8.325407888473253
-3.49799990653992,-6.627118446760274
10.7399997711182,13.852099520266323
16.7999992370605,35.555735945604
101.639999389648,86.07084583229378
8.27999973297119,105.22915599550593
11.9700002670288,8.732685429519035
85.9800033569336,48.88715494503799
33.9599990844727,89.73134236718171
5.98799991607666,1.926801841034024
70.9199981689453,50.748465794701836
95.7119979858398,-0.3186237280623494
-38.7071990966797,-21.44523644020672
-8.32499980926514,-18.082557385354114
-17.4899997711182,-8.224843389962503
4.28999996185303,9.742769518633205
7.8899998664856,9.027135905476262
83.3399963378906,51.36288951550529
178.740005493164,87.78127993498175
21.0,33.18689068349351
1.2474000453949,-7.955801902229556
-14.8590002059937,-28.94517292561337
-87.901496887207,-42.38785576226733
-66.9540023803711,-11.574063506521838
8.60999965667725,9.768489064781535
40.439998626709,41.00087452364628
17.2800006866455,7.512162835898028
-79.2900009155273,-343.7729755293908
7.1399998664856,11.34557332108657
1.10000002384186,22.45582093695957
6.09000015258789,4.372823406484885
6.09000015258789,14.079742806821255
3.11999988555908,4.595755995090672
15.0299997329712,30.133301340973752
2.8199999332428,5.23178700705876
3.77999997138977,21.390287757774615
160.020004272461,88.53704506213808
9.84000015258789,4.161392172196122
35.8199996948242,21.92222542715892
21.4500007629395,16.69025496573522
3.99060010910034,5.201138567146343
38.0400009155273,18.31901763606566
-72.9960021972656,-43.90701012385388
70.7399978637695,33.77119386239825
-13.2152996063232,-29.229590395091947
47.8800010681152,37.45315820307263
-170.016006469727,-104.54426841800874
6.78000020980835,6.0761900795923065
0.839999973773956,6.081831825671098
14.3400001525879,28.971315099910974
3.67199993133545,-15.93191306988268
0.317999988794327,-9.229937935105061
74.2799987792969,47.1324477648281
10.4399995803833,14.32587259660468
58.5,68.03869146811829
7.23000001907349,5.250470431261332
11.1599998474121,3.467540686793736
-7.92899990081787,49.359846277510805
4.26599979400635,0.9150704982584525
114.480003356934,144.13280135734595
-8.71199989318848,-13.556579213869833
-319.247985839844,-278.9950691321375
-801.528015136719,-501.97650518373734
7.5991997718811,7.9818336024956515
6.22499990463257,15.332026334233825
0.40200001001358,8.289462609939589
106.019996643066,74.53314021786386
-217.583999633789,-120.19719277877732
16.2863998413086,9.146801732032676
-112.716003417969,-79.88520548585204
-1.45799994468689,-32.74609783687667
-75.1679992675781,-166.02195561421536
-190.139999389648,-118.5478813372905
-26.2439994812012,-20.394223262258976
-41.0400009155273,-41.94673796307996
-12.8760004043579,-25.03216235935068
-75.2220001220703,-88.15982543990815
5.88000011444092,-23.914504400760407
-16.3169994354248,-15.589863984095057
4.43520021438599,3.295437741990196
17.8439998626709,-35.78410764011318
-89.7539978027344,-65.86694672549486
-20.9729995727539,-14.66193103670992
6.63000011444092,8.078556379743144
-47.1660003662109,-30.684585696302925
2.69359993934631,2.450914808261658
-11.7840003967285,-10.574278844768825
18.4799995422363,23.661506659675815
22.6800003051758,34.4151655644024
-20.3190002441406,-16.937945718441348
4.23000001907349,4.55408432191746
16.7399997711182,12.171389677691039
16.5900001525879,15.588600821328765
64.8000030517578,39.23149042756067
31.3199996948242,17.674198483894116
6.37440013885498,5.719600939145279
13.6499996185303,14.388186649294441
11.2799997329712,7.606653201664943
-159.889999389648,-50.38713886539475
-43.8479995727539,-56.65534094912097
22.757999420166,11.886061623446958
7.01999998092651,5.197576624478011
-0.689999997615814,6.646590453677105
-54.8279991149902,-36.68877211501925
15.0,11.366655850892352
20.3999996185303,16.041141402764616
15.1157999038696,21.49586680160389
2.70000004768372,31.7504235741236
13.9672002792358,14.398071569794762
8.39999961853027,9.737656456877467
-4.40399980545044,-3.514738733938353
86.4899978637695,101.61667309162982
51.75,35.440739687919596
-26.8080005645752,-8.818217725203974
27.7560005187988,43.375734463016116
55.8899993896484,38.13640339646923
44.3699989318848,45.51824024877408
2.19000005722046,2.993277243260717
28.7856006622314,16.685494473466434
6.20639991760254,2.119828696896062
1.67620003223419,0.6467816149081057
-10.9479999542236,2.8848796810156685
60.255298614502,45.92546324992998
8.30399990081787,6.983921265361954
20.1599998474121,57.555171565381826
36.693000793457,35.5347053880855
1.14660000801086,0.37095125163607834
9.63000011444092,46.86359995764941
1.06200003623962,0.747222754922272
5.25600004196167,6.973970685708152
2.60999989509583,29.19972453495769
-36.0,-23.731562586006056
4.28999996185303,15.62900330536113
47.4000015258789,49.34980065105546
13.9200000762939,13.90941486785113
195.389999389648,139.69355203087312
3.34080004692078,2.089515669020546
21.7800006866455,57.429568484913894
13.5,13.165616342700753
27.9720001220703,16.418363932205203
20.9669990539551,-44.93447629707357
-9.67679977416992,-5.662551874652094
36.023998260498,31.07122179609749
15.6599998474121,11.506282408749264
5.03999996185303,4.334179788930438
10.0799999237061,85.91526352241247
23.7299995422363,12.085010164691965
69.4499969482422,77.89848550511415
48.2999992370605,70.64655606192677
11.4519996643066,34.59391994062717
20.7600002288818,109.0902186469627
6.92999982833862,10.151448873176719
35.4000015258789,55.84119676803212
4.32000017166138,20.88353245450049
6.98999977111816,7.762665912953795
8.55000019073486,10.054380840796487
0.533999979496002,10.947337241125487
-14.8319997787476,-20.215719316089036
7.5,4.4036177557054375
21.0,39.994361587590525
-129.52799987793,-93.94472306537962
-3.09599995613098,-5.537479611615072
19.1100006103516,20.92462608748643
-42.4799995422363,-29.662612475130025
-97.7399978637695,-87.8467257189495
-31.7520008087158,-30.2975582460057
-96.5279998779297,-50.59741990209412
-5.85599994659424,-6.009974772396767
4.1100001335144,3.8919793844309045
2.19000005722046,5.840807628780913
35.6346015930176,40.49560896570004
-89.0879974365234,-52.600569351752156
-28.8659992218018,-24.96994397627757
-0.568000018596649,-2.29872327884019
-9.30599975585938,-8.23417759605857
46.439998626709,90.42975571675979
7.67999982833862,10.236482479271181
2.64000010490417,3.215464032528924
26.8199996948242,99.18249858792655
63.2400016784668,28.01932955377702
33.7211990356445,20.869321246252646
5.03999996185303,140.957627098342
0.292499989271164,0.6924264553621153
0.0,10.881057477825449
-13.5959997177124,-16.391235567243676
18.9899997711182,17.812074272664127
2.75999999046326,4.890015541975637
14.2200002670288,11.772150329212419
5.76719999313354,6.37133295733285
4.05000019073486,13.613800932393596
18.7812004089355,15.812041634289303
9.0,7.7587660403589345
8.72999954223633,11.176813180822231
24.8400001525879,21.279737402256238
26.5979995727539,37.93529820912764
18.2700004577637,91.66568724728407
47.2799987792969,52.848370077663816
24.5699996948242,24.942277177306735
-161.875,-126.41533744215134
-4.06799983978271,41.549936198589315
0.360000014305115,12.192903560096543
53.0699996948242,42.9411911154479
23.3400001525879,8.38661789710567
141.257995605469,52.715847712942995
18.503999710083,30.335607747447852
56.8950004577637,29.427394109398648
22.4778003692627,-6.090069909214429
-2.18700003623962,3.2943510336120627
84.120002746582,40.55936736970671
-9.00780010223389,-5.3481735945326765
40.8600006103516,27.24664924882105
4.38149976730347,9.645346329924687
15.4799995422363,13.47094989669377
-1218.38000488281,-492.54846161288117
0.0,22.703582435894972
-81.7679977416992,-49.44854506980799
14.8199996948242,64.8973963113542
23.2800006866455,34.11725023828818
-2.73359990119934,-3.95299247925783
14.2200002670288,81.43208154331406
27.75,17.201521238256497
0.899999976158142,10.443913665933877
146.850006103516,81.52227106208717
6.76200008392334,4.283563713960867
57.1259994506836,72.50877405420874
48.1199989318848,45.83683970867261
3.49499988555908,11.728130830869663
-0.972000002861023,-4.433387435970026
-126.720001220703,-97.26554225917269
-20.2080001831055,-16.72328033992364
-5.96999979019165,-83.26170566586384
-14.039999961853,-13.242450991018236
1.39199995994568,-6.000204916897607
-1.62000000476837,-9.437289547463225
111.843002319336,70.74054299291808
66.5999984741211,55.77257442889161
243.419998168945,146.6832481386652
68.2799987792969,45.84677821143221
17.2800006866455,10.925522098944631
63.1619987487793,48.70035653152677
18.1439990997314,9.043984023833854
12.0600004196167,9.331271854020695
15.0299997329712,7.636285081967845
-55.8419990539551,58.803685380645824
60.4224014282227,46.260168704626366
12.6000003814697,105.13750660905683
147.680999755859,42.31139613935367
84.629997253418,54.78951412198617
29.5186004638672,24.917568964203944
6.32959985733032,6.7188136619328445
7.55280017852783,-3.300571048538161
13.1999998092651,26.308240766402328
5.40000009536743,21.944309767085876
-27.6900005340576,-32.62424399191228
6.3899998664856,12.216517479655678
13.5,5.61280504213694
-4.32000017166138,6.999584520472177
12.1800003051758,7.479241866513149
12.4499998092651,17.853974306076452
18.4771995544434,11.780275457522423
-21.5340003967285,-29.46983036395838
23.3999996185303,24.799409023586975
40.3199996948242,22.2678823265134
2.84999990463257,15.617182549402102
-4.16400003433228,-5.883794560116771
27.1200008392334,25.659194265400707
-18.6119995117188,-0.6652740097282643
81.1800003051758,41.82958248765324
22.5,14.29062463564258
2.07599997520447,3.985533575678035
9.0,4.215205587187107
14.7799997329712,-1.980047447852154
2.83590006828308,-6.60605414643762
3.66449999809265,-3.3123504285762384
12.2399997711182,29.888504544281858
18.3600006103516,14.568919024647593
25.744499206543,1.0007459839935975
11.8800001144409,48.983811433273445
-1.78799998760223,-8.499992168681416
-3.00149989128113,-14.142750670189866
-42.4169998168945,-32.532740226772454
6.11999988555908,6.457680583114211
5.88000011444092,4.436599407552246
6.53999996185303,9.615867173333866
15.7194004058838,18.053332833124266
-3.34200000762939,-8.146848237705143
2.97000002861023,4.114334675390609
26.7029991149902,20.972997938184015
16.5599994659424,104.08995743995233
33.3135986328125,26.332616819490042
-0.00749999983236194,-5.3410500973511805
6.11999988555908,3.593868946861631
32.4000015258789,20.85813672685829
28.9799995422363,47.33981549641562
1.23000001907349,4.441624537698962
1.88999998569489,11.431097454376362
-4.90799999237061,-15.207016935176302
2.73000001907349,2.439761757480304
1.98000001907349,10.921032682943265
10.3498001098633,130.057851130838
3.45000004768372,4.676872834633128
11.8979997634888,12.08239809424282
28.7964000701904,22.155606507016692
2.23020005226135,2.1792896268141306
33.0368003845215,36.87866458427985
10.8587999343872,11.803310136857252
7.1399998664856,4.6567861205690155
22.1399993896484,14.370182739509843
4.92000007629395,146.4601635679705
14.8199996948242,77.61371593590256
84.5999984741211,63.760876523117496
24.0,13.176609460762423
10.4399995803833,52.628656577885
66.7200012207031,31.143963338521047
13.5055999755859,11.701020952436028
6.22079992294312,6.273597282992944
19.5237998962402,15.957035508794068
2.6496000289917,3.5959860843194202
8.81999969482422,15.690533656004247
-9.97049999237061,-13.626531128460698
0.0,16.7146832434642
0.605599999427795,4.582446041084133
9.02999973297119,58.53642225030287
7.02180004119873,7.154694667246935
2.78999996185303,4.889724060283525
5.76000022888184,12.046844578605269
15.6977996826172,15.9706040957156
152.669998168945,62.417331488861365
7.1399998664856,3.5070591174457837
26.9009990692139,20.805351143585632
-15.9840002059937,-56.83076763943694
-5.82480001449585,-8.844033343600339
-115.064002990723,0.28549106148047704
-7.93200016021729,-6.136176040853674
31.0200004577637,30.390772123615193
-197.639999389648,-155.8778658000847
5.09600019454956,6.3925367726158795
15.3870000839233,14.484660679470432
-1.93439996242523,-3.9089024219854798
68.0400009155273,64.40728719446231
2.57999992370605,3.289936424168704
-7.44159984588623,1.2993970349772561
19.7549991607666,22.015618075923534
-7.41599988937378,-9.103108118387135
12.4919996261597,12.063768866525635
48.328498840332,40.64556552519488
62.3209991455078,63.87381757692693
15.5111999511719,13.781038897082828
146.789993286133,84.00458708600833
-83.4359970092773,-49.626360187154845
1.04999995231628,5.0032626176311235
8.76000022888184,12.8396184752175
41.9519996643066,32.178295206435514
5.03999996185303,29.52921713460018
-20.5499992370605,-62.423697518393126
-8.13119983673096,-12.947976729020096
4.99499988555908,3.1194793236249976
21.5909996032715,9.023715183533517
2.73000001907349,13.274859721609776
1.51999998092651,6.542689655543293
48.551399230957,27.25045526268118
44.4767990112305,26.24894396136613
5.82000017166138,3.905297766969711
0.426400005817413,-0.2160508065330332
-8.84799957275391,-19.176505544875873
63.117000579834,17.552532260890914
10.5600004196167,10.78022389460934
31.3199996948242,29.017437309333772
7.48239994049072,7.717385808002387
2.72399997711182,0.39594976473921606
18.8999996185303,30.949879081851222
-2.13000011444092,-6.858153015364939
38.2200012207031,26.028405751170183
36.9287986755371,34.74496363872013
8.5024995803833,14.96004980205901
55.7639999389648,44.627956451197804
16.5200004577637,21.03033519961705
12.2849998474121,12.064437585148678
9.60000038146973,11.233091303472317
-74.7720031738281,-67.81280193052172
22.8689994812012,20.377109709030975
8.71380043029785,8.230213079515012
45.5200004577637,43.27971577270961
19.8360004425049,2.6306247988850067
19.6200008392334,15.017248630526794
26.1800003051758,29.66494510940538
183.419998168945,116.01618189473196
3.11039996147156,3.709601298913269
-5.99399995803833,-4.480908300936496
-34.0200004577637,-24.64559251309639
26.4780006408691,16.136996286115497
86.9550018310547,35.16865260594178
29.5254001617432,28.97771609971138
-8.45160007476807,-11.988427069331657
162.863998413086,108.77229891756383
14.5080003738403,10.669616930155938
2.48000001907349,2.7038377509688507
22.5624008178711,21.392545449371717
21.0,32.33015091448992
-4.5,-31.54756255886054
51.8237991333008,20.240591696088714
28.1371994018555,14.71749706181482
123.291000366211,44.488113820866005
93.6987991333008,90.69974402387871
8.86240005493164,4.098090128561745
90.9000015258789,120.4808880809492
4.30000019073486,9.81816018833567
-72.4800033569336,-50.57319925594712
3.61560010910034,4.058725197088927
98.2799987792969,52.39009593659454
16.7399997711182,13.096939323639528
21.6450004577637,44.81537043504164
16.3980007171631,15.807904865145717
7.44960021972656,7.931014446414121
0.596700012683868,1.5726846538086934
8.59200000762939,7.996871234586629
5.12400007247925,24.573562640022203
137.339996337891,63.98990202298439
15.8760004043579,14.840124714038009
0.515200018882751,13.044486256964605
2.21939992904663,4.696365466142468
34.8927993774414,16.9893237342796
48.939998626709,37.04226592975524
6.43079996109009,1.0325626600543552
39.060001373291,59.14531656177056
-8.01000022888184,-15.652897971988164
1.45799994468689,-3.9665271937101068
0.479999989271164,7.220116353720176
42.8935012817383,16.40860175131707
-8.22399997711182,-33.01014636816986
-21.5160007476807,-17.650454823919226
132.720001220703,126.79305458765741
-13.8959999084473,-13.305665060235954
11.6099996566772,16.910544611652035
19.2600002288818,12.049075675230954
2.79999995231628,61.46939949337991
149.759994506836,51.89388407166857
106.650001525879,75.37050705586624
-1.64699995517731,18.27636027540867
0.295199990272522,-0.23138126055311364
-40.9770011901855,18.308665647271276
1.06200003623962,-14.32098783601928
-8.67679977416992,-12.00016436435008
-10.7298002243042,-16.156106746473974
21.0300006866455,8.024956450663291
0.470600008964539,0.05267237739346853
-2.18849992752075,1.5382322601531764
3.1800000667572,5.474722762757775
45.2099990844727,19.356773485890486
13.9728002548218,10.854854517351054
-52.336498260498,-53.14966935642473
10.8599996566772,6.9332840488551515
63.8699989318848,31.3715896081602
3.0,10.877856181730067
5.18400001525879,6.562212083886065
10.4300003051758,6.0201577160633635
18.7199993133545,17.932937930292468
8.6855001449585,11.760530911790633
7.58400011062622,7.9215009267475995
7.94500017166138,37.19240308224755
19.0919990539551,22.327248956486322
-81.8684997558594,-40.02441369835108
23.7000007629395,19.21130809986618
45.5880012512207,52.79442163358685
-5.72700023651123,-3.6684719664075702
12.6822004318237,-6.845579155475254
2.24399995803833,1.8157409795804054
31.4895000457764,42.24923176242401
8.9399995803833,14.58314567512848
-10.3634996414185,-21.290746990605477
6.41279983520508,6.7727415138342435
0.0,5.376201897283069
-25.007999420166,-25.844989143730935
6.07399988174438,5.158943259225938
22.2000007629395,18.8047797860009
2.94000005722046,2.1005020324189223
16.6499996185303,10.646752409220115
9.17640018463135,3.9441443360701727
-29.2679996490479,-35.089743280877805
-53.9700012207031,-58.19596010696478
-54.4889984130859,-54.103009018258554
8.20800018310547,5.428591297702416
-5.73000001907349,-8.208206153590664
1.37999999523163,8.368266410244933
38.4599990844727,27.398032395430228
44.6357002258301,25.536240355005376
28.5599994659424,27.813921438674768
39.9599990844727,46.87678401140997
2.91556000709534,40.13105617811377
-6.21000003814697,9.430649863672548
-98.4960021972656,-84.6156190240011
18.1439990997314,10.369782472521058
9.39599990844727,-8.419464380655468
19.3999996185303,25.52926445473866
-91.5599975585938,-47.72377039437167
49.1399993896484,131.49215523419025
12.3999996185303,13.614014610982293
5.95599985122681,-3.6881891115365715
26.8199996948242,23.65415721090394
6.71999979019165,4.649945041510056
7.92000007629395,7.335886875647304
29.7600002288818,24.19291233013068
7.51999998092651,20.721327408700148
13.0284004211426,12.741546126976555
3.85290002822876,1.8255747225552623
31.2000007629395,21.10783621549627
4.38360023498535,2.187766156379318
9.84000015258789,32.80205114757984
54.1500015258789,25.35136557040172
0.0,26.472223643215905
-1.0349999666214,-6.43613916097546
-22.8299999237061,-22.802286922153954
-89.1999969482422,-104.76211683509982
30.7800006866455,84.24087175073885
40.5900001525879,20.86499083543176
-10.1280002593994,-5.24650203335628
-41.3040008544922,-19.384634312973432
69.4499969482422,53.30244709059866
104.309997558594,112.64109211790512
91.8000030517578,54.143959850692966
2.97000002861023,2.716142738778709
45.5999984741211,62.82852727185169
-72.120002746582,-62.12983411988524
29.8799991607666,27.395875818831932
0.20160000026226,4.122120894746272
7.77279996871948,-0.27619480333641416
56.9771995544434,44.009236669037705
-57.5040016174316,-35.915152744351424
6.15999984741211,-22.953612485876917
59.4160003662109,-145.3085063799063
13.8578996658325,9.432526200139515
16.4699993133545,6.964934781904251
2.50559997558594,2.945399847333618
67.5,90.36399408126988
4.77899980545044,1.3127437812831133
165.981994628906,84.15437335497587
21.2399997711182,24.224354614349487
6.48000001907349,3.6927281845675854
3.30879998207092,4.034101654475825
-104.71199798584,-62.34076276438415
14.6510000228882,14.76228913797223
0.444000005722046,1.036479339791382
7.98000001907349,10.409204649617065
-192.095993041992,-120.99313428955986
22.6200008392334,11.087683837403711
19.5930004119873,13.20619571954148
156.059997558594,97.14212168626085
-44.189998626709,-88.58848229314897
29.1000003814697,54.33849246629675
-19.6200008392334,-31.123677632209308
0.0,26.381231511161474
0.0,19.14466687476949
9.09000015258789,15.326501554018437
18.9599990844727,32.436291650674576
7.9488000869751,11.18126362301359
35.7599983215332,30.78953964397546
21.4799995422363,25.5513684547281
8.25,8.648449750890475
-14.5920000076294,-18.3432236999004
8.81999969482422,9.026565553073043
15.0,29.615474178467785
0.0,12.110979696217614
13.3199996948242,9.190527468959868
37.0999984741211,15.273244903809369
13.1400003433228,4.711924466640162
3.90000009536743,9.104887909557972
9.88560009002686,9.737271888906042
25.9200000762939,22.360438282763695
-63.060001373291,-120.8331548023337
31.2000007629395,21.548944665330794
63.7536010742188,29.72380956741108
-22.7399997711182,-23.65818926164149
-6.58500003814697,-22.39217927684731
-44.3400001525879,-23.530861516971854
20.3999996185303,20.315763787874403
85.9817962646484,55.56882023770971
1.07309997081757,2.0041841939266725
-54.5880012512207,6.280709687311159
5.93120002746582,6.548445136845045
-0.858299970626831,-5.47367690869288
14.7184000015259,81.02310178772701
17.3712005615234,15.081775318657128
0.0,9.167473116903581
4.19999980926514,5.065544149551551
5.21999979019165,6.833917222156131
20.6816005706787,16.593611004245886
41.7599983215332,51.52094569325212
91.6800003051758,105.07181831480136
-74.7455978393555,-53.02281312227451
148.490997314453,125.1560702168911
19.2329998016357,15.384587468910643
19.0848007202148,3.021244971984831
10.3936004638672,7.308366956799426
38.2094993591309,49.875812383503906
3.29999995231628,3.7354965579664925
38.4599990844727,30.522920958550216
-22.1439990997314,-18.63908568571486
6.57000017166138,12.263181295506618
8.36999988555908,4.030253515860808
-20.4468002319336,-23.49548037125649
17.7600002288818,52.908664569709984
26.6399993896484,13.580416976239007
13.6199998855591,10.27018801420531
14.460000038147,31.093995099188106
-17.1149997711182,-13.45399608052017
16.0319995880127,14.530920584325656
95.4400024414063,56.250053375272216
11.3400001525879,10.412868376023022
18.7199993133545,7.223759527457636
6.90000009536743,7.1346081345227805
13.8240003585815,8.383303448986124
11.1000003814697,40.29508576648751
3.83999991416931,33.38039897499185
2.65199995040894,-6.290109669392993
3.69000005722046,3.0620165847195824
17.2800006866455,16.16474758023455
16.7399997711182,29.8903013387836
26.3999996185303,15.871199437865414
-18.0400009155273,-40.66806976249453
-7.33199977874756,-22.467916995861422
53.4519004821777,55.02960259345891
1.86000001430511,22.258953655035207
30.0599994659424,14.330701784463658
23.7000007629395,19.13991057096196
18.6872005462646,16.52144493044087
18.4631996154785,19.919475226567357
76.7040023803711,16.702614118915008
6.0,35.65680634415643
7.46000003814697,6.487061669554568
76.9199981689453,66.47224121620603
30.4200000762939,38.10656358000482
-57.2820014953613,-57.82964909358941
5.84999990463257,19.41684684884582
85.5599975585938,45.797499651049684
18.4860000610352,11.292927070493171
59.6399993896484,65.56721387074501
9.8100004196167,6.374289146760656
157.440002441406,128.72113542408337
35.6399993896484,20.700361775819594
-18.1956005096436,-7.438057350545983
7.81199979782104,5.467038604074205
-90.3761978149414,-36.053578345382704
18.2399997711182,25.478569386368413
26.6399993896484,24.64947600048165
10.0500001907349,27.979349525720174
-47.5919990539551,-28.39338378956711
2.42400002479553,-10.780530121444304
-6.69600009918213,-6.525572596705658
-0.662999987602234,1.8139842987015513
7.0,6.148105671962479
99.940803527832,80.5277647081813
25.0349998474121,18.58173092683741
31.9799995422363,22.547490172313914
-0.747900009155273,-5.687035171275606
84.120002746582,47.60965499362911
10.4340000152588,11.009790859875812
7.59999990463257,29.36692264260506
25.6000003814697,29.438158830362063
-24.9389991760254,-40.63811379409119
5.94899988174438,9.456643254208764
-8.98799991607666,10.912872757062543
-15.4764003753662,-20.470769651605032
-9.49199962615967,-16.90808106237909
20.7900009155273,8.283222836671019
5.82000017166138,3.422714095027471
202.235992431641,63.47687356892731
29.6700000762939,18.483850680532825
17.7000007629395,41.52843961813177
109.800003051758,59.80351021416433
10.710000038147,9.745895395001115
13.2600002288818,22.675730945836918
81.7109985351563,23.355309192848985
-58.3919982910156,-32.876560168704096
-149.003997802734,-99.53677100688559
9.32999992370605,5.553176471706165
-78.9400024414063,-43.06298117274441
-91.8030014038086,-53.99916632040098
-376.799987792969,-184.6055642018345
4.91699981689453,2.6534295409584563
89.9100036621094,141.13829198543857
13.298999786377,17.73045024090134
-17.1149997711182,-13.61014889430023
66.627197265625,52.331746591081576
23.7600002288818,15.178360533778202
8.67440032958984,9.186064433659816
16.9799995422363,19.62182829993268
0.0,58.34754901306391
78.9599990844727,48.87143785352412
-184.203002929688,-96.59687305420219
3.15840005874634,3.8901599890031395
-19.0799999237061,-21.86010754912217
0.0,15.512640662871767
22.5732002258301,10.823443330503945
-14.3400001525879,4.7095394329382385
-12.2040004730225,20.134948452983785
4.96159982681274,3.0184197342656525
22.2516002655029,23.35950720547666
1.37999999523163,7.542630945382724
5.21999979019165,7.485351776141333
0.174400001764297,3.612936319470098
-9.87600040435791,-9.962763680549953
5.32140016555786,5.831805290677149
-7.99840021133423,2.8690661973205236
27.0599994659424,18.56276378664967
-25.1979999542236,-33.67004597901695
-363.528015136719,-231.19232670302634
5.03999996185303,6.995788641980061
19.1331005096436,-95.2058184218447
-34.9020004272461,-20.44320747697504
5.01000022888184,3.8089576369881444
27.4799995422363,35.10172076491242
2.12800002098083,0.9923385682546965
10.3950004577637,10.37799295836282
4.01100015640259,5.488646524267301
53.8608016967773,43.11195437199659
3.85199999809265,4.986747542391848
67.9199981689453,58.34130817802486
2.45819997787476,1.5518780735937694
1.72619998455048,5.773712315291434
-33.484001159668,-40.51250284523666
22.6499996185303,17.71174219525708
9.35999965667725,33.236175794849395
12.8573999404907,10.29473523304523
44.9749984741211,50.33058133253071
-2.0699999332428,14.901740663094454
-16.8959999084473,-34.15709304207825
89.7750015258789,28.046100595693517
-11.9340000152588,-20.880650955082757
-8.36999988555908,-11.78454789229178
-146.309997558594,-106.41639496013116
30.1499996185303,9.780311967328917
3.50999999046326,3.108248015010899
1.25999999046326,2.0087436806602126
-45.2400016784668,-56.522636511751855
4.19649982452393,4.679521747894802
-24.4160003662109,-32.89498454672172
-4.46400022506714,-2.4559642695128585
8.25,8.333823779657912
4.51879978179932,2.3645790034846175
6.47499990463257,3.3510664603769285
24.75,17.481055564414312
92.879997253418,67.06390457733033
56.5110015869141,65.4772081738958
105.0,68.3406906592946
153.089996337891,85.02392733284972
4.32000017166138,13.375343902879493
17.2800006866455,9.700571909787225
6.65999984741211,8.546734797735072
90.6600036621094,63.25900546799133
166.440002441406,89.46920398357817
-0.60479998588562,1.0568613222289787
0.660000026226044,6.278201061804399
17.5799999237061,41.847184070381545
6.84000015258789,44.59275608433079
-14.2356004714966,-7.76497137149379
2.72790002822876,29.086608555865197
68.1192016601563,-5.677975062853124
19.7910003662109,8.374787214758012
25.3799991607666,26.683060657358347
12.117600440979,15.841736172013263
12.960000038147,61.78747185697382
-117.360000610352,-161.97196660661666
-25.2779998779297,-26.417181005830095
84.0599975585938,82.30930848478603
20.1599998474121,40.36542789481884
75.1500015258789,56.334370519609664
-2.94600009918213,6.847831356825228
5.02199983596802,16.951313173733197
8.09459972381592,8.64482768510078
5.91839981079102,11.903929885991825
6.71759986877441,0.03195215253751493
14.8500003814697,19.703211356615164
74.6274032592773,-4.762263782001633
51.4739990234375,36.280909064792404
-12.0979995727539,19.29374170712927
84.0512008666992,68.6730807905291
34.7999992370605,57.87499355104468
-540.090026855469,-313.0093620950017
4.8899998664856,20.59077063164053
2.57999992370605,5.201049632293798
32.5800018310547,28.802048243144398
93.768798828125,1.6440814013992024
52.3800010681152,74.7015326355386
-153.345993041992,-140.3327894870284
-14.5536003112793,-17.19058858597527
20.3400001525879,11.113439989876369
-143.981994628906,-155.85897385976628
52.0800018310547,47.45300244056036
-18.0,-18.30142111285842
10.08899974823,9.354893349975784
7.30800008773804,12.886529252886726
41.7599983215332,25.690252441269216
32.939998626709,53.19379228055268
13.6199998855591,9.41803227186773
6.30000019073486,13.39257786964222
5.69999980926514,27.757955701612687
3.0239999294281,4.084344665907592
-18.5400009155273,-15.49846506824383
81.7799987792969,91.29085606643216
12.8058004379272,28.02838869899852
4.50400018692017,3.928121818099683
14.671799659729,13.503781026705747
11.1132001876831,9.740147814715474
78.4349975585938,37.57770937319252
10.2600002288818,21.37009664864324
66.2399978637695,99.89799565139526
7.09999990463257,6.325726245456278
37.1699981689453,40.495030185477056
10.9602003097534,3.129803798013
35.3400001525879,31.80431300986067
12.2399997711182,11.286843376769324
30.8999996185303,47.536654816590634
0.773999989032745,-20.585377282236173
17.5499992370605,12.468501042938506
131.820007324219,137.25360295741112
118.620002746582,68.41681107197168
6.0479998588562,7.5906944397039835
57.5400009155273,60.691290011467466
0.599799990653992,4.302325427292068
2.09999990463257,12.82415474822123
44.1599998474121,34.13882321806817
7.01999998092651,6.16995002118848
4.43120002746582,1.4845909313912873
79.0800018310547,43.563037523532074
76.4000015258789,54.809602302298536
0.0,21.136229351171615
2.2260000705719,3.6419598879984663
4.79400014877319,2.4530450862282414
-19.982400894165,-21.05094881378298
-13.3559999465942,-6.540459300917148
2.8199999332428,4.386552371781577
14.8800001144409,3.7424323150753454
2.41919994354248,4.618395712620695
-9.63000011444092,-11.769202396153359
212.009994506836,88.67384846841773
103.680000305176,100.81370870048093
-780.642028808594,-407.19101125762114
70.0335998535156,59.77510737373597
34.2000007629395,40.99159722268875
48.5391998291016,37.04102750388092
2.54999995231628,16.904708096805706
19.1100006103516,13.562526888616546
0.0,52.566895498320065
1.98000001907349,7.02324526798208
-2.86560010910034,-3.601075673596319
1.86000001430511,31.583761266128228
59.939998626709,35.83218751638682
54.0,42.27384858250215
24.4799995422363,11.536754012359511
7.875,7.487062030952919
-3.68919992446899,-4.464488092230243
4.98000001907349,2.644654561870748
7.73430013656616,6.004247571876949
-45.434398651123,-21.108479402560867
9.93599987030029,9.457138213918435
2.60999989509583,2.6491461504706386
8.90999984741211,12.41719314265798
-14.7779998779297,28.648206285524218
21.2040004730225,8.18959269619834
2.22000002861023,4.552171333487232
8.28600025177002,31.797403821517115
1.57500004768372,2.0573407360155955
7.76789999008179,6.909944505222387
6.42000007629395,7.195279204108929
73.5839996337891,72.30684013734617
39.3600006103516,30.11424973881543
-14.8199996948242,-39.75050303095185
-14.9778003692627,-0.20821131716240626
101.639999389648,107.23396739784197
-46.2560005187988,-22.102870686128774
73.4100036621094,53.0318127153293
9.56999969482422,6.006411407416145
9.53999996185303,10.573504726969388
11.9399995803833,12.481267165674394
46.439998626709,154.54626085910817
2.64000010490417,7.977515818648918
10.8000001907349,7.632325315377287
64.7855987548828,36.979432955160355
157.018005371094,152.5860880950236
-10.4099998474121,-6.559525452091214
13.0375003814697,7.802716411585553
4.17600011825562,4.0392113564696555
-35.0559997558594,-36.459051252101226
-19.0919990539551,-16.440703335449783
5.21999979019165,10.383324331286046
6.41279983520508,6.531230774721808
18.5400009155273,12.359640686143589
9.33119964599609,8.751955538279695
3.59999990463257,9.558989888038003
14.039999961853,23.88684504941324
21.6599998474121,11.837314506818709
23.1299991607666,16.211459526543422
0.0,6.080142586963199
26.5904998779297,40.6709164365177
38.8740005493164,37.7113334497504
58.6380004882813,74.61382155985544
15.831000328064,65.84103560689572
58.5,36.066145385902274
8.72999954223633,13.009781939419216
50.6100006103516,31.1582630209515
7.20900011062622,4.414000730935121
4.81180000305176,5.681525222976444
10.4984998703003,12.113518183126299
-27.5879993438721,-38.638231761254154
25.4610004425049,17.4890092452996
90.8399963378906,120.2108742548999
23.7600002288818,20.444544228522673
13.5,6.465801247476132
0.566999971866608,7.0730467348657236
-68.6447982788086,-34.79577158268885
-5.49599981307983,-8.459211227707472
47.097900390625,31.397448003606762
25.6800003051758,31.07555025042528
-4.01999998092651,-5.310628842381204
8.9399995803833,4.349703465185001
-109.936996459961,-19.064803857340955
0.540000021457672,13.452043407546858
7.92000007629395,3.809193521965611
43.0139999389648,25.75337774966811
8.26200008392334,34.77670638691408
-47.5236015319824,-30.15070480543565
-26.3376007080078,-9.771230891927171
112.319999694824,127.91135680289811
23.2560005187988,1.4411030912181761
-7.93499994277954,-5.448418009442501
42.4500007629395,22.305185809074317
12.7200002670288,27.143173100020505
-0.0149999996647239,-49.24852276606573
17.7299995422363,10.733975419066233
18.0419998168945,3.0094851110381984
19.7700004577637,13.632675676175541
5.5673999786377,3.2776177568084597
2.46000003814697,2.603949426606724
7.05000019073486,22.53714150146881
-11.0579996109009,19.225245728058702
4.94999980926514,5.337356871501699
27.5699996948242,26.352419844980226
11.5920000076294,22.256795091659896
47.0069999694824,18.436682979304507
3.77099990844727,1.7317957273852358
36.5400009155273,12.267295376159618
31.3560009002686,7.995169382761966
16.1100006103516,31.349419022963104
12.0,17.220742544173802
0.899999976158142,14.693496302069219
20.6336002349854,24.149347096622236
-31.9680004119873,-48.30243900321695
1.15799999237061,2.4049395749627536
92.1900024414063,48.96512860872216
39.0,26.662792753953255
9.33119964599609,9.688163537131029
0.0,-13.010928113881727
-60.4080009460449,-38.55524577770465
-28.0559997558594,5.077559271949347
-29.4300003051758,-44.022516982403964
5.40000009536743,19.146975346881206
5.7979998588562,10.786272283743592
26.7600002288818,20.171902651143526
5.84999990463257,7.330458609616329
-22.1382007598877,9.486545683917669
-24.4799995422363,-20.38056711933183
-2.12400007247925,24.704525827302547
-3.03959989547729,-7.485198845971863
-2.41199994087219,6.0070556442492
0.0,33.45468700852781
58.5999984741211,33.433970182638774
36.4500007629395,20.064753695089138
-12.6000003814697,-8.438802287373536
-10.1759996414185,21.433329042451263
48.0,37.99266992192786
28.4099998474121,22.264930291163736
131.130004882813,102.65789100217069
17.2800006866455,9.676308661038869
11.6814002990723,-3.783081419665804
-6.88159990310669,-15.666167862567073
1.55999994277954,2.5929343253711874
33.2820014953613,35.39685486836011
53.1599998474121,29.91326657243515
9.21599960327148,10.538116034200156
36.7709999084473,38.23874327809828
17.1000003814697,21.156620894603854
27.2099990844727,31.578605261127706
-0.800999999046326,7.544938586845859
14.1599998474121,19.55136630862014
16.4400005340576,21.04331758570288
15.8999996185303,20.187864802915563
69.7799987792969,55.29131828510704
49.5551986694336,49.79345080065709
9.53999996185303,23.01921252717161
56.6459999084473,14.431604157215236
14.2799997329712,10.167085278689306
14.1599998474121,14.704900276127562
1.19879996776581,1.6920560060029604
6.32999992370605,3.914724200985847
-20.7845993041992,10.998752232191505
27.0111999511719,21.47684688723473
14.2799997329712,62.94197662168732
17.2199993133545,19.00359148949962
14.7600002288818,11.301083004371506
8.49419975280762,11.658078703808433
2.60999989509583,3.133874786442617
16.7759990692139,9.583014403449344
-3.53399991989136,5.6323608340452935
125.160003662109,101.02481466760395
3.66000008583069,16.559126999598973
0.990000009536743,4.252036207958578
15.6599998474121,21.780051668759924
25.0380001068115,120.57311744937482
82.9800033569336,61.40551750409329
9.65999984741211,7.991947028029613
2.78999996185303,2.5117532221314818
18.7199993133545,20.666146259524346
40.9500007629395,21.912995290173484
2.24399995803833,23.102460855495693
2.09999990463257,30.778549991553717
45.2400016784668,30.68680332513373
7.98000001907349,3.794188105786709
-18.1807994842529,3.8291382408590824
1.80110001564026,2.9022755322082703
46.6199989318848,34.0670196594081
1.95000004768372,8.15252798712061
17.2800006866455,15.900683302359848
-26.9955005645752,-23.291694022151873
4.29300022125244,5.005749624500498
1.72800004482269,2.78325522890697
5.53280019760132,6.1409479313831135
17.7299995422363,26.517481662983457
14.6700000762939,95.70281350812608
24.0599994659424,23.63253979845303
4.76999998092651,12.899939965968631
22.6259994506836,17.451765115107364
-11.835000038147,-11.294211623532648
-205.5,-120.54982724455739
-2.66400003433228,3.655188561404538
-304.223999023438,-273.5939627419859
-20.7900009155273,-15.504947586418167
4.8600001335144,14.818794415611418
1.63800001144409,2.7194203947953084
22.9680004119873,-50.88273725243532
-43.1370010375977,22.67498742675189
0.0,8.097017294186557
3.57119989395142,4.0093779178958915
8.72999954223633,13.313819962676865
8.2180004119873,5.136006089113775
-35.2151985168457,2.2583267432879968
22.6781997680664,18.051953893358174
20.3400001525879,5.3249299833711685
53.9216995239258,21.028483100007
4.92000007629395,4.568014594170787
13.4315996170044,5.635542192959013
6.51000022888184,0.7701599888071425
2.09999990463257,5.515735213462872
13.4099998474121,38.05815109277278
-3.56399989128113,-5.601761359864758
36.2999992370605,29.35314050267462
-51.4799995422363,-49.83212595663184
1.08000004291534,6.348985415183189
-18.6299991607666,-16.578346643982172
-10.1280002593994,-5.6475188407405925
-48.1679992675781,-43.0469095931447
-165.072006225586,-112.43059127207442
48.75,65.01711230598441
-6.15000009536743,-11.354712435709857
-10.326000213623,-9.350512322518178
-21.6480007171631,-18.971037708764186
20.8799991607666,141.83138999459527
3.08139991760254,5.61318482613472
69.5999984741211,66.56340299684076
178.199996948242,120.10403349909008
6.17999982833862,5.137937563246516
-26.6490001678467,-26.248534269755304
-6.48299980163574,-7.576157989954568
68.6484985351563,86.63122768909193
-22.4580001831055,-24.497619940167716
-28.5179996490479,-23.51112870778016
165.360000610352,71.05420357550483
62.4300003051758,76.68888244358037
8.5319995880127,7.855014269987688
19.875,27.987897865466387
0.10080000013113,2.1466148099084097
6.99900007247925,6.87669239871242
69.7050018310547,54.46220712472655
6.64680004119873,2.584826020428815
5.25279998779297,6.1064443302305165
5.55660009384155,5.948656256746546
12.7007999420166,8.206229212866738
17.5240001678467,17.653617022998986
-10.2419996261597,-14.177386660832406
-1.83920001983643,-5.684615280260047
0.239999994635582,9.96731983692996
9.53999996185303,11.364138692653652
-4.5770001411438,-9.823129933354021
1.35599994659424,19.307424163440395
2.54520010948181,5.405232680884129
70.3119964599609,46.35894449018231
57.1199989318848,88.46722365465925
-13.3199996948242,-17.7858020968676
33.4199981689453,14.4736604873262
-2.84999990463257,-8.891402902064279
14.754599571228,2.3703488385353118
-14.7931003570557,5.9829263782904425
67.620002746582,71.86695577212429
1.11000001430511,5.047961666130688
0.693000018596649,1.5461984459105245
93.5999984741211,64.30043302968512
28.0799999237061,54.101669453030176
7.33860015869141,4.2681211241891654
9.96000003814697,38.04506267752174
-0.0120000001043081,-35.32302729648805
4.22240018844604,2.5882461791740776
5.30999994277954,6.468209046187477
33.2400016784668,49.41682246515033
71.2799987792969,77.71483536535625
51.9000015258789,4.0062813414718095
74.3399963378906,88.95344649349346
11.7741003036499,26.178283139254837
2.90700006484985,8.651862930881977
67.6500015258789,33.86066033410792
61.6199989318848,106.82013312179265
2.27999997138977,0.8605872439587474
20.5499992370605,16.41050435104963
4.87799978256226,25.20340636900454
-6.61499977111816,-12.689776701740145
14.5139999389648,10.861307764373228
32.5950012207031,13.071733124537452
15.8400001525879,21.495431461377628
50.4599990844727,40.736363889037456
30.4500007629395,80.65658297635811
-12.4440002441406,-16.45117317646296
27.3600006103516,36.673502780963844
-2.40000009536743,-16.93080805042488
-23.507999420166,-20.103456778258227
-123.947998046875,-213.74101692372648
-50.5559997558594,-79.032562133388
-86.0640029907227,-147.93259591160557
116.550003051758,60.909891972581256
9.0600004196167,12.067884239886052
4.59600019454956,-21.987100268743482
110.339996337891,70.62191985504514
3.53999996185303,8.340439480507259
7.92000007629395,-22.90924933807444
6.48640012741089,0.14355523283921529
5.69999980926514,3.9972645340278565
21.2399997711182,12.319519813442955
54.7200012207031,38.387116112444154
58.1399993896484,39.93107003280999
51.8400001525879,12.517089114809467
8.88000011444092,9.602368429012637
25.8600006103516,19.633556021706532
36.9000015258789,49.24086909876868
54.1800003051758,43.43138818145619
38.2667999267578,48.095572622097826
12.960000038147,14.838376414721235
84.9599990844727,87.9715415697338
20.3999996185303,67.48567268286767
11.5200004577637,8.546397937356927
67.2742004394531,58.27979990598221
-82.2239990234375,-96.87033853357359
-4.56799983978271,-3.5665378948970288
62.2379989624023,9.216351243717304
-4.3439998626709,-49.93610668828274
1.04999995231628,4.799741459509824
30.4682006835938,6.205807303218359
0.839999973773956,1.9721745631685437
36.3600006103516,24.63427040295865
7.05600023269653,7.968038899861134
86.3855972290039,50.57177796303315
9.71759986877441,57.42742610247841
20.3400001525879,51.36683844334702
-150.429992675781,-267.7890202830768
17.9099998474121,13.47811250969192
5.17500019073486,4.2692029635392315
114.611999511719,42.82276055379169
37.6391983032227,25.441139651470735
42.0744018554688,32.671693427448986
1.32000005245209,7.74540346393887
-28.6271991729736,-34.37101590325258
152.087997436523,61.95379244044068
8.64000034332275,-36.6484810051761
4.59000015258789,27.762869543177935
16.2000007629395,27.90283116507353
99.6984024047852,56.470616095707456
5.40000009536743,48.57337423241966
-70.5120010375977,-57.38418469143022
49.4970016479492,54.236513016178776
-34.627498626709,-24.47583047805913
4.32000017166138,15.891373988671402
-55.0919990539551,0.11036683423445232
18.6956005096436,26.00046645104927
6.55200004577637,4.06241233927391
9.42840003967285,4.6940968414595226
33.6473999023438,13.367526879442096
16.9200000762939,22.343376830505747
1.01999998092651,3.0938560783266036
84.5999984741211,61.4300767748391
90.644401550293,31.40881797452989
0.0,11.953344172208702
1.32000005245209,8.033881154578598
6.65999984741211,4.459823055805458
42.9914016723633,29.712366838904046
2.73359990119934,7.1153168600022045
43.2000007629395,110.28505601879705
-309.600006103516,-225.48146109224368
15.539999961853,23.008756676597436
15.8400001525879,15.072231370784007
21.596399307251,23.909219177890748
35.5379981994629,10.790995699702346
0.824999988079071,8.963436130191514
10.5299997329712,64.72346515435687
133.440002441406,82.22256464918621
4.08300018310547,12.539228147570448
11.8500003814697,30.994860460595994
29.9400005340576,17.231686639756525
27.3600006103516,21.911195859216207
97.0500030517578,65.36884628729733
65.0999984741211,113.01960535437354
21.2399997711182,34.138482610891955
7.92000007629395,8.769423928923919
25.3799991607666,28.10784244017338
10.0799999237061,10.011518266259674
54.5999984741211,82.26360898017661
18.4500007629395,22.0290695319341
5.48999977111816,4.4046705708090155
20.0400009155273,14.699467030182436
143.910003662109,52.903883450360276
31.1490001678467,36.91549875756739
157.468994140625,129.91320210100704
7.19999980926514,8.926333507855249
47.939998626709,55.34088250155307
11.039999961853,18.517590359470766
12.831600189209,13.866217801346638
9.89999961853027,9.257134849005958
6.75,4.646276915986429
46.2299995422363,66.9944198315845
-2.40300011634827,3.7634513856531613
26.3966999053955,68.21447518164202
-8.10000038146973,-4.901082078285097
-24.9839992523193,-18.692939530526672
8.22599983215332,-21.61693596365049
2.36999988555908,3.702437881512348
137.151000976563,99.577599825846
80.5199966430664,56.56143325947501
0.0,2.6194144964838006
4.55999994277954,17.701738007717914
78.7200012207031,63.57399919111538
6.90000009536743,2.6459380300663558
148.994995117188,71.58595850168643
-3.90400004386902,-6.842886640750952
52.8227996826172,28.1422861305254
-53.25,77.46388322053826
-116.620002746582,-132.8990890495817
-2.67840003967285,-7.262814111103264
17.7744007110596,7.746695095014745
5.89139986038208,2.8847514752584313
12.2246999740601,15.641190959341966
76.2525024414063,65.29264130435544
41.4000015258789,4.987234313330103
-22.7280006408691,32.177999944118454
7.77279996871948,14.921197987171112
58.3380012512207,35.253097025363616
-3.22399997711182,-4.890828129512091
56.8800010681152,39.66227730422602
1.86000001430511,2.708106967194466
15.5232000350952,13.512269489372601
-7.07100009918213,-12.921754218329317
10.8000001907349,25.204892942719113
6.0,8.824481540513089
-20.5046997070313,-19.078624792899582
41.2799987792969,51.69237558031528
11.1599998474121,5.954128492399285
-98.4240036010742,-76.61053460930401
19.9500007629395,16.894619678405284
109.237998962402,128.5456713497497
3.11999988555908,10.209861663703057
69.1992034912109,66.11792276074644
4.27169990539551,2.3720349489141834
-5.48699998855591,-8.584936548821958
-64.7748031616211,1.3292001002885767
0.610199987888336,16.0950815193176
30.3199996948242,18.717736765142824
6.3600001335144,5.14452277473848
6.55999994277954,34.9691483826971
11.1599998474121,9.623766618002854
-1.96560001373291,-6.7722066169527615
3.55049991607666,3.5071853391856638
31.9319000244141,32.64911482725374
44.5961990356445,40.82281493705123
33.5999984741211,22.38797170048398
17.6399993896484,16.526817151820126
0.479999989271164,4.072383332031069
0.720000028610229,4.847955241102829
32.5800018310547,21.412040005512246
21.6599998474121,15.380680425924409
12.3599996566772,20.926048257694468
83.9700012207031,25.13942395493958
4.28000020980835,4.576679399415832
-36.2924995422363,10.87221289317218
13.6440000534058,16.26155133148746
0.75,2.853079721032647
118.983001708984,94.56131546037788
3.79200005531311,1.9694305703234458
110.339996337891,52.444384880332514
12.6400003433228,26.329051556078987
141.723007202148,22.94149648914501
-6.97499990463257,-6.372321159030798
14.8752002716064,48.95934027191293
37.8629989624023,75.35057921474707
72.5344009399414,63.32668508122303
15.0,38.227753468446856
83.6999969482422,45.12853450389801
12.7799997329712,17.15936943495796
16.9799995422363,10.638242447554678
23.4720001220703,37.35796876179801
81.3539962768555,82.20467949926163
88.1999969482422,128.68698203258631
0.569999992847443,2.5347124394569316
0.833999991416931,3.3392641222945043
-12.2159996032715,-11.831665527518075
-4.7519998550415,-6.5168163867420175
34.5,19.111748457727735
172.259994506836,70.90208431815611
6.84000015258789,5.205590974257867
34.4231986999512,15.283445246745371
13.486499786377,13.622080274339925
3.48480010032654,5.585144989637713
-37.1124000549316,-31.25783317041656
60.5950012207031,70.51907628290415
103.898002624512,77.75714692822334
15.0299997329712,11.988675626377093
7.40999984741211,4.714186084009724
-2.00160002708435,-3.0143327173122345
-28.1040000915527,-37.473130479303855
12.9119997024536,-1.9004363123468808
59.6399993896484,104.01851057571729
-53.7319984436035,-89.63691459417811
-10.6319999694824,-0.0034966781032769734
137.759994506836,108.25879142862338
65.6039962768555,36.6201504673619
199.699996948242,103.59846138944796
-50.568000793457,-64.10125732828475
-73.1760025024414,-20.079823738605953
30.9120006561279,4.357303538983645
4.1399998664856,9.610120256768628
4.39020013809204,0.5255022364685011
2.22000002861023,4.668095894209541
1.38399994373322,0.35971821959630074
0.0,40.41297809108012
14.0699996948242,27.12885996933087
103.599998474121,64.17610890636601
6.03999996185303,21.785609226081064
1.20000004768372,5.823710925098867
-1.08000004291534,0.7539935201446778
5.82000017166138,3.3262030416194537
3.60179996490479,5.466214992834139
92.879997253418,63.11541407226472
8.79899978637695,12.620815949655341
1.90240001678467,3.3905628354943382
139.559997558594,128.0783750604814
50.3832015991211,50.51317654509446
25.9200000762939,18.88871947922577
12.3599996566772,18.439533298985253
4.39039993286133,4.978423276092181
16.5240001678467,54.428838166038595
3.43199992179871,-27.95555198427749
0.449999988079071,3.300713168436166
2.64000010490417,9.47256354552794
34.2599983215332,38.11187288590171
-41.1660003662109,-22.019433643246458
16.8209991455078,12.410441245897282
6.22079992294312,5.934014795022314
14.3999996185303,12.837674888509854
97.379997253418,75.37267576957342
109.919998168945,51.03797563782032
-48.7839012145996,-43.59782262273562
6.71999979019165,9.059159966214244
13.0094995498657,11.53080878736272
2.14199995994568,4.6788125343779
1.52999997138977,4.628555145957149
4.67999982833862,8.20969208657897
39.5400009155273,22.286770728826646
-13.6319999694824,-15.812395477359205
-10.2419996261597,-6.586226921045465
5.57999992370605,7.694361925866519
41.9199981689453,33.298039479202565
0.730000019073486,1.9883092581425692
-3.82080006599426,-8.190017383418304
6.25500011444092,3.6532048522282787
-35.3279991149902,-38.49333854575881
3.72239995002747,-0.07779452159162786
4.80000019073486,12.216363254065067
28.8575992584229,25.708002814332367
-247.091995239258,-205.97307589453152
15.3999996185303,24.06830848173577
-28.7964000701904,-31.702685341224978
18.235200881958,21.360014611589527
11.0860004425049,10.685597095012675
9.19999980926514,31.453409407705855
3.16540002822876,3.5972092934769906
4.79400014877319,5.80027780609158
5.57999992370605,4.258901997532013
1.20640003681183,1.6141621068644332
-68.3280029296875,-53.553409698004714
16.5599994659424,10.074592198371471
25.3199996948242,65.80819019583423
27.5400009155273,29.939164383913663
71.8199996948242,33.65651833293703
36.7173004150391,32.37976691694218
1.61280000209808,3.273961762336597
2.14019989967346,3.0221841849005413
-4.19999980926514,6.121271091199643
35.2620010375977,15.479842360709277
12.4415998458862,11.60023273993816
62.3699989318848,50.79482284475083
60.8639984130859,-15.00571783654084
-10.2480001449585,-12.594511790188344
26.7600002288818,13.840070136235724
14.039999961853,30.585193320138536
38.8800010681152,40.27564280251976
13.3176002502441,102.09981005150198
-37.9360008239746,-33.888179633554415
6.68800020217896,-0.360880339604854
9.11999988555908,8.150866942195215
13.1400003433228,15.169236639019188
78.1953964233398,73.8661956234359
6.59999990463257,14.661018692491469
29.3400001525879,35.87537324482615
11.5799999237061,29.148978584612003
44.2799987792969,63.67665755126328
10.2399997711182,9.796939810412974
3.80480003356934,6.393253722085166
50.3279991149902,46.95825599994043
5.40000009536743,4.045631683292372
52.6500015258789,40.71944185281938
30.2777996063232,11.665791692630417
38.5722007751465,2.8433276307094224
60.2999992370605,22.082645534091093
-21.5249996185303,-11.358232370154587
-21.8880004882813,-22.785433040935764
-14.2290000915527,-16.6120273824723
10.0799999237061,9.733170890799137
51.5999984741211,34.366856972403745
12.7019996643066,4.748476020061018
35.4000015258789,21.636414356712933
160.623001098633,119.42991665538885
10.7300996780396,10.996925067788435
67.8600006103516,48.02659249709787
15.0984001159668,12.742128512054977
15.4871997833252,14.359096971560254
3.15520000457764,2.377470789878806
-22.7880001068115,-20.431015329971792
5.86040019989014,6.247622950270471
-5.19680023193359,2.450794995426082
9.7608003616333,10.027749255524903
-11.7840003967285,19.868970959739194
-75.1920013427734,-58.43674521516258
14.0859003067017,9.565351540731761
13.5539999008179,5.375126999682315
10.8000001907349,5.1806270659912785
147.251998901367,60.14799631945582
78.0719985961914,75.32162800798287
3.32999992370605,2.3480482740025037
1.79999995231628,3.554069889864729
-111.499000549316,-118.42233078768331
96.1500015258789,68.99848209937637
1.00080001354218,1.0093297781686474
-8.31599998474121,-11.607150683665973
11.5136003494263,5.124762342678859
9.60000038146973,9.413400657103374
-18.8363990783691,-19.29772054153912
15.3929996490479,11.115767726932487
6.51639986038208,-0.561481858306194
81.7020034790039,42.99445230292902
1.81439995765686,0.9584984947745632
0.333600014448166,-0.03055841379245261
7.98000001907349,5.962859125134818
2.64120006561279,2.5111601243788653
218.399993896484,134.51117037639835
38.5800018310547,15.42514396045815
14.9399995803833,11.743159074141806
11.7840003967285,10.0715394874517
-5.07000017166138,-9.472523368183648
-28.1700000762939,-38.25095871681258
23.5200004577637,70.11107527316875
-32.8800010681152,-29.201343270398283
73.4789962768555,50.185486536397484
12.9840002059937,4.850216293898117
19.3500003814697,13.407108766102331
-60.5849990844727,-88.35709499111698
-12.2849998474121,-15.129981103962917
49.2299995422363,32.4556098172116
-106.680000305176,-97.63400358240082
6.22079992294312,6.738501734244829
-28.4099998474121,-16.941269893630718
0.470999985933304,4.831480958702564
-18.4624004364014,-22.905821263340748
39.4438018798828,90.30574610978796
4.76999998092651,9.213799764462063
7.02899980545044,-1.3939258092806706
6.96000003814697,9.927307352372251
7.80959987640381,6.8913672946705224
-73.2666015625,-38.42880386912151
113.462997436523,58.72224344668597
1.67999994754791,7.272938102205833
32.2322006225586,31.56096410352729
0.0,69.04698157535344
41.5518989562988,92.28567428756722
4.38000011444092,2.3566332051154366
6.32000017166138,14.479737707060524
10.6199998855591,12.40499063740228
20.0,21.916955463705875
8.15999984741211,8.255075307835643
79.1399993896484,116.50439724356325
-75.1679992675781,-162.42381969328594
19.7399997711182,16.19266259716862
31.6399993896484,17.66439895710424
-26.8199996948242,36.23222558426911
10.6199998855591,63.18322861763328
14.5151996612549,8.735737878026637
-3.80399990081787,-8.50818924784573
-534.744018554688,-388.0569071285339
-68.2379989624023,-56.44576984459854
-27.9599990844727,-70.2570109445735
-21.3120002746582,-17.947517097637636
76.5599975585938,38.63939668900061
-57.2820014953613,-58.266873118592635
48.1199989318848,61.2165563471841
4.80000019073486,6.798053290441173
-8.26200008392334,-8.711796295793517
3.15700006484985,3.2278890305360544
39.0,21.13968684909119
4.32000017166138,20.963980101017377
-17.7719993591309,-31.069788463340494
19.5184001922607,6.469967924843282
35.6399993896484,24.447817988978585
12.960000038147,50.6106905070634
10.4399995803833,9.095814194458772
-26.2019996643066,-20.872366388992006
6.53399991989136,0.15211259197604915
15.5989999771118,6.6477600550946825
0.0,93.68019899953231
11.8800001144409,20.125152735458293
4.80000019073486,5.972855808985648
21.8700008392334,33.589702375777264
0.744000017642975,-3.4722276562313166
11.7741003036499,26.40602454826339
74.3399963378906,55.07872892468694
34.0800018310547,26.049397138426784
25.5111999511719,31.908371463666576
23.2800006866455,14.281409779205193
75.2399978637695,78.12551417029704
22.2444000244141,25.266254358725043
1.375,2.6890201551510353
0.382200002670288,1.1167648423114254
7.98000001907349,11.660596121651157
77.3610000610352,32.671532409056965
72.6408004760742,78.35962004022021
16.4051990509033,13.119063012155198
0.470600008964539,0.01613908954056556
2.51999998092651,14.692307961368453
60.5527992248535,43.74455789340257
133.970993041992,121.54232861269206
15.7799997329712,18.69125371127103
0.0,40.52806720190572
53.25,31.898615308970356
3.12120008468628,1.8991861583340959
-47.1660003662109,-33.598907320324116
40.1040000915527,-2.584721008194549
7.73999977111816,10.60233994088544
32.7599983215332,22.6347453535965
-13.8959999084473,-16.23746940600209
24.6599998474121,17.52818558811544
8.34000015258789,11.027404523029219
-2.52600002288818,8.871423061553111
27.2700004577637,103.77372464735575
15.8400001525879,8.146985394200371
13.1400003433228,87.75752766064424
20.3999996185303,23.504950652859016
4.48920011520386,6.774344429700864
7.42560005187988,4.348718116191108
21.9689998626709,12.733816099402206
5.69999980926514,6.450841445415457
7.26300001144409,4.0312777131483255
3.32399988174438,4.2227310368151665
69.9000015258789,48.37621420163928
78.4395980834961,116.68127802207945
9.65999984741211,6.569703470489851
-1.51199996471405,-35.658602367982965
158.759994506836,113.07147086902434
19.9799995422363,23.441859210451263
-90.2040023803711,-62.34201811803679
174.996994018555,32.878457716699806
-10.6800003051758,-14.700957416928652
41.2200012207031,24.466951078560726
31.4099998474121,3.7062363667176466
8.57999992370605,7.775238085261663
2.64000010490417,9.498090230185877
46.560001373291,24.64839364673348
218.160003662109,122.79663533070988
6.20160007476807,7.3559036895885415
4.14720010757446,5.02420976739402
1.52999997138977,9.51417205195395
-22.2000007629395,-21.327076354729037
-0.0839999988675117,20.184599537612748
-1.51999998092651,-2.2778673793663247
75.0,36.33077323479798
5.87440013885498,27.280821156715774
0.0,3.9331361782471768
11.5431995391846,10.388775004482648
4.91039991378784,8.06888556642485
30.2315998077393,11.859510229263268
29.3309993743896,-51.68750191516121
12.3479995727539,5.192423941391488
1.5900000333786,9.696267874605555
-38.5620002746582,-25.456986909049185
-8.22399997711182,-11.918502285998022
-13.6979999542236,-9.972595332087536
62.7369995117188,44.96777898394577
-48.1679992675781,-44.56437554098414
1.32000005245209,4.566366098817566
8.1899995803833,104.94074587151738
7.81920003890991,3.479218613450817
4.32959985733032,6.731810941079546
9.19540023803711,11.962407320275052
-98.4120025634766,-105.51687367652815
3.09960007667542,4.522313625383496
5.25,58.832341187700756
24.2695999145508,21.24024401597326
2.70000004768372,20.241612893565488
8.67300033569336,13.723760483727002
35.3345985412598,31.882323862122206
45.4869995117188,51.61716208413634
9.60000038146973,15.383485394645163
58.1790008544922,43.031960633318896
10.5,15.056901764710789
10.8000001907349,8.277088656761826
-13.8030004501343,-11.654931437248981
99.2300033569336,49.35313552206823
83.8679962158203,84.61827354203176
8.27999973297119,39.00580842346545
12.3760004043579,10.333589486375406
-18.4799995422363,-13.603223890796915
-106.416000366211,-90.54541916607077
31.6000003814697,22.34873518851896
6.84000015258789,6.409070766218504
109.040000915527,49.61102478259615
35.8800010681152,34.58079948414668
4.32000017166138,2.5244455904807506
23.9400005340576,20.041570217046974
41.6800003051758,44.44167242219855
6.74399995803833,-20.103542177569103
9.10200023651123,11.996185169163239
66.5087966918945,49.153227798381636
9.89999961853027,14.828584564599849
-10.6440000534058,-6.114142938638791
209.789993286133,102.68199270977449
23.2399997711182,95.68396629854104
35.1890983581543,-5.20982132855159
-11.9280004501343,-15.40295101535335
12.4415998458862,11.729780873305314
20.9207992553711,18.077194019977753
5.88000011444092,5.617597443673698
25.9200000762939,20.262220062265058
-0.293999999761581,3.8783085155035004
57.6990013122559,33.00204003203608
4.19999980926514,6.481211176615897
-5.08199977874756,-8.611290122636472
12.6899995803833,12.089280563313526
4.75600004196167,8.016174321835937
150.621002197266,108.2254130666002
9.47999954223633,24.886088671014456
9.72000026702881,4.830465973556861
86.25,53.84003048343865
-18.7740001678467,-18.195385340193873
12.1499996185303,7.569974267271702
13.1639995574951,6.1054673214042365
-41.6730003356934,-78.37125666766258
32.0400009155273,51.02569893786813
7.76789999008179,5.213219273175862
11.1599998474121,36.0436997864621
7.32000017166138,41.239834111187356
-4.95599985122681,-15.915278427159445
54.3331985473633,38.902060727241945
11.8800001144409,16.40580977761929
-12.7440004348755,47.8121056427051
-4.88399982452393,-4.743761476437146
138.960006713867,78.37372102174534
134.820007324219,112.59831322570015
3.89499998092651,5.216192680184267
15.0120000839233,10.801244071367234
75.8399963378906,82.52710809846693
-6.53999996185303,-66.82162133634671
26.4599990844727,57.05566059156509
4.11600017547607,9.11732202262978
48.4199981689453,30.498742713231657
17.5499992370605,95.74193580021075
2.07999992370605,6.331001092598637
36.5400009155273,19.05017898540619
0.706499993801117,6.839144967818237
69.786003112793,46.20322953933812
-2.98799991607666,8.902997129138036
-80.3519973754883,-80.21101467785556
5.43319988250732,7.264081521826749
-175.962005615234,-94.25521519752104
17.4974994659424,6.52178921911568
-9.14400005340576,-28.972318978662088
14.8000001907349,13.207324643166363
2.85599994659424,14.616106188700286
2.70000004768372,17.59047417091128
25.6800003051758,33.04907665972811
19.5599994659424,11.40001668482692
8.01000022888184,5.914121061346701
-8.66699981689453,21.241801408614187
24.4500007629395,15.23165481422996
-12.6750001907349,-35.90529396645346
-2.15039992332458,-7.9465727873936665
39.9599990844727,19.025948448116132
-9.09440040588379,-13.033169165767422
-3.66269993782043,-3.1847179794546427
24.7199993133545,28.683172067674086
3.38459992408752,-7.0408332981761115
47.2589988708496,23.98252082471479
6.87139987945557,7.221504157330762
19.1399993896484,13.265337004980793
25.0200004577637,47.23922251968621
-0.855000019073486,-9.54510155002199
17.6399993896484,21.888819493385903
3.1800000667572,5.540695068373428
59.2200012207031,40.398956552810425
-13.6487998962402,-15.767826297919484
-23.5979995727539,-73.64704567382907
143.550003051758,67.59061614109199
1.55999994277954,5.401545650943499
-20.9249992370605,-21.809392528997442
43.6800003051758,29.005759224643676
106.5,68.2122257634122
17.5447998046875,12.633064146357594
73.0199966430664,41.821911388083784
13.582200050354,-4.3581764939631835
8.06400012969971,6.729870193563814
-140.309997558594,-185.68894704313328
-84.056999206543,-48.654338449548696
132.589996337891,108.76243918305967
-4.19999980926514,-6.360498793762576
14.9555997848511,20.946008592465162
6.93839979171753,9.763154541949532
15.960000038147,21.483245675773468
31.6000003814697,33.865820737248114
9.53999996185303,13.16108114660434
41.8499984741211,18.164798040882822
13.7340002059937,5.874260685634891
64.1399993896484,77.68137242918986
4.52400016784668,6.010579280717237
-11.5799999237061,-17.146129629360786
0.299600005149841,1.2694689371673593
13.4280004501343,12.143445073047726
3.66000008583069,4.1050528129933905
3.11039996147156,3.3623946692645656
30.6599998474121,45.57923750305416
14.7600002288818,11.429892440655268
24.3299999237061,16.201635939431974
-41.4000015258789,-140.50624453823474
3.88220000267029,4.789197308503449
-1.01400005817413,2.384206731194087
-36.4560012817383,-26.356662931232947
-64.995002746582,-47.91316324665585
8.80440044403076,8.157102631902712
-11.9099998474121,-18.637350858017733
15.5520000457764,13.411957038923797
151.031005859375,115.45882580837362
-3.48659992218018,-25.31354651015525
17.1000003814697,12.48134411778122
-1.86119997501373,13.412043663313193
-11.6099996566772,-8.567576511491975
-73.8000030517578,-49.52839300665423
3.48000001907349,5.204830848893554
-88.9560012817383,-41.5806631886861
-14.5656003952026,-15.35673647677898
6.40000009536743,24.698674336784848
-74.4960021972656,-27.299477779962544
-18.5562000274658,-19.769985649453155
-61.4654998779297,20.246036636663092
11.8767995834351,9.219314120244462
0.0,16.296218337364728
4.44000005722046,5.463311583367699
7.1100001335144,8.873861483537079
55.439998626709,42.05922718301352
-13.6140003204346,-51.74966004517265
32.7285003662109,47.51055184812918
0.479999989271164,6.011852129703302
-13.6000003814697,-30.222428983586127
46.5750007629395,43.95073383759637
104.061996459961,13.367075930650493
1.88999998569489,2.6141335636700296
1.35000002384186,17.498793763726873
238.440002441406,146.24391748662086
4.06869983673096,4.690026952958296
16.3799991607666,12.081734486105416
21.4799995422363,13.371886763517855
41.5800018310547,20.692168011164163
-35.568000793457,-14.72266436803565
11.8500003814697,29.61109250955228
44.4000015258789,58.70869794381972
-3.57119989395142,-5.9887470309128386
12.6599998474121,18.7874412442236
-16.3799991607666,-14.405438069698572
35.880298614502,11.67488284578895
-213.494995117188,-84.88863623046802
8.64000034332275,9.028154873537245
-3.27600002288818,-13.448707900128237
-36.2560005187988,-25.380184758041345
-13.5719995498657,30.101283356583806
9.35999965667725,26.463171044144424
-14.9840002059937,-25.49917104971704
2.40000009536743,7.299227617715566
35.8199996948242,29.508653353075907
2.95499992370605,12.507111797425148
17.9591999053955,7.263866107583854
9.86699962615967,-65.09158821234506
2.2590000629425,10.419519739054605
40.1399993896484,28.054318100847034
-93.5879974365234,-63.56770123589603
5.40000009536743,40.84124438135555
-131.397994995117,-98.68129837262877
2.59800004959106,4.153443635902244
5.90399980545044,36.09103977077507
127.100997924805,40.37233790147113
-0.953999996185303,3.7798991167573432
9.92000007629395,23.04787304433414
6.3899998664856,3.608583137851691
-32.92919921875,1.8750229530539162
5.01000022888184,3.7119085621476793
1.74000000953674,7.150259925506578
4.43120002746582,3.0241598638379372
0.0,12.414206351189458
82.9292984008789,72.80771615438688
-8.0939998626709,-8.304301540270114
-1.97599995136261,-16.789580313036517
-6.06599998474121,16.674458047673767
11.8500003814697,13.261196178510604
22.5,20.36060683882088
8.10719966888428,30.05668077938089
0.0,32.22645999891793
-1.46399998664856,-6.6018876313061785
-151.080001831055,-85.96351122480651
32.7089996337891,8.47688391836775
9.44999980926514,21.162638729494546
10.0530004501343,5.034213973911611
9.77999973297119,4.544219255886263
11.8500003814697,15.313875298460255
0.509999990463257,2.0071087677661956
26.9699993133545,12.862852043691753
5.51999998092651,7.4473800130196555
9.89999961853027,9.78889816360203
-46.9440002441406,-27.02795717927348
44.6940002441406,30.769999951590762
1.91999995708466,13.504525639710316
18.6450004577637,8.100677407422065
2.47979998588562,-24.926124381648037
2.14000010490417,2.6356968650948014
-3.85500001907349,-4.174533539327101
27.6000003814697,34.82020698857002
60.3899993896484,38.05360856046454
152.669998168945,79.68024420786207
7.55999994277954,5.654339873670456
10.6199998855591,5.565459657916081
26.9023990631104,19.5767391983876
11.0880002975464,7.365553330904868
57.8880004882813,32.65716551659248
-60.5279998779297,-105.61416958563406
90.7200012207031,1.2441324557614208
-2.69099998474121,6.2644075382156466
64.4400024414063,36.06399650661245
19.6800003051758,8.320957916811263
-55.7130012512207,-32.74661113144694
10.8599996566772,23.24353625764843
47.2410011291504,8.95648337591756
15.7430000305176,7.164087826754233
100.480003356934,73.18847077249325
10.5299997329712,5.928845821848008
4.59000015258789,38.835621188949006
18.0,32.580578727725154
-146.850006103516,-68.21509470142875
-2.71600008010864,-5.20618550688294
66.0419998168945,24.607786148170213
39.492000579834,-3.5271673662102323
91.9953994750977,26.04651793312283
8.90999984741211,10.337340946668979
57.2400016784668,44.877693836219095
6.17999982833862,12.437002282828166
30.7800006866455,27.92796312545549
12.7799997329712,13.481655127634573
6.51000022888184,4.3203742712392295
203.039993286133,136.70085008044137
78.4395980834961,117.33778000510638
9.29004001617432,53.42020824231544
-1.48800003528595,-6.25778127084782
56.5662002563477,7.856736390275918
0.600000023841858,11.205901884562886
48.689998626709,37.2296765275956
-15.1766996383667,-18.521841040303123
69.8130035400391,33.38112079126184
0.0,122.65000331382373
25.6319999694824,68.48534524243424
110.910003662109,61.23238011319509
-4.85879993438721,-11.920701703208477
-16.007999420166,34.11753090877829
8.48999977111816,9.758189615866227
9.71640014648438,39.16423943202135
168.240005493164,93.23300447110397
96.3899993896484,82.34979964074654
23.3999996185303,18.033139220786495
24.4799995422363,32.74533940111151
4.94999980926514,13.545920591355818
2.88000011444092,6.09003809908426
78.7200012207031,65.39483096166664
-6.03240013122559,-7.268030695258647
7.1399998664856,6.65271163916173
58.6710014343262,17.97485603054306
-70.6559982299805,-123.38790110047086
80.4599990844727,82.71004841427467
-320.239990234375,-210.69665826613254
37.4000015258789,32.977181400051954
153.929992675781,89.53442136072574
6.79500007629395,5.474259032013356
18.4799995422363,24.136157145602212
0.0,25.69450495577096
32.6332015991211,27.140955723009974
-12.5880002975464,-15.335681187923061
-6.98999977111816,-16.698869595716978
5.51999998092651,63.128175520520166
-5.46719980239868,-9.915979893661715
5.46000003814697,7.051044764474858
49.80419921875,75.41024529255081
25.8983993530273,30.897986680162987
1.353600025177,1.9326493764159969
15.75,15.915259115888446
9.0,5.76167425777315
111.823997497559,105.70532318261853
55.7400016784668,73.27576841910437
-51.8235015869141,-24.187063323095366
63.8880004882813,22.5744955578772
18.6000003814697,21.088451334112776
-36.0719985961914,-59.2207091559784
-12.496000289917,-1.2227280538408407
39.5730018615723,8.185452966329532
215.865005493164,73.39491545655488
-12.2639999389648,-7.046029677707513
-6.78599977493286,-12.46563614265181
48.3771018981934,36.73408301250525
0.912000000476837,5.243899011425128
-8.98200035095215,-6.197037230734434
11.8205995559692,16.145505118333684
12.3599996566772,23.92424278330315
0.0,12.216601965826095
3.21000003814697,1.6335889183121468
79.875,28.958280948784036
-20.4360008239746,-61.02366322554036
17.7299995422363,25.92919721322763
4.80000019073486,124.56329934222258
12.6599998474121,24.558202327529926
-36.492000579834,-26.313321035480392
0.720000028610229,4.747500495760304
37.7999992370605,49.47134548703518
13.8900003433228,98.55465431779707
18.8400001525879,23.46227213146274
-6.59999990463257,-7.266958540843676
-149.100006103516,-135.5857749576016
17.8400001525879,11.746603791715913
-6.06400012969971,-12.727141751299394
-4.83599996566772,-5.427225960146138
-26.1695995330811,-27.916480710399426
121.092002868652,51.98952097070857
7.90000009536743,12.190209512086968
88.6800003051758,63.80640847952539
8.4689998626709,-22.61988490848193
71.4599990844727,100.33239687450303
5.44000005722046,10.187563065158614
27.0,20.51168670236156
16.2000007629395,11.245688408268274
49.6800003051758,30.748001147560927
130.139999389648,99.85376722359146
3.1800000667572,6.632801791227812
17.0268001556396,19.151990156342002
16.3199996948242,15.099239764071834
-27.9312000274658,-30.894079690426352
-50.8703994750977,8.004175343915154
146.699996948242,92.32186219319475
-6.08900022506714,-9.34935586514602
-18.0881996154785,-26.487522965510934
5.09999990463257,4.635747508671022
29.9699993133545,18.175332581677267
10.5600004196167,20.24634725030017
11.1599998474121,41.305860194320175
44.9580001831055,9.124093010333862
82.3379974365234,33.38341330855863
34.2480010986328,10.131493079983988
6.59999990463257,6.823621193101286
-1.50300002098083,8.223178133571029
183.149993896484,107.37762312186634
174.014999389648,89.70817196548352
101.958000183105,42.445392671857455
-6.48799991607666,-8.79376744774716
3.68549990653992,6.1481765559544455
14.7600002288818,19.032681013942195
9.98999977111816,11.615543230764514
2.75999999046326,8.061943592477842
68.4000015258789,100.33311863718124
30.7199993133545,16.621855604832135
22.9500007629395,35.02234344284236
-3.91499996185303,10.107567602894926
27.5400009155273,30.498646452364376
4.87200021743774,2.986272526813464
-1.91999995708466,4.656538426239946
-31.5240001678467,66.61683022925861
144.0,143.3933573522158
0.0,8.585434173407032
-55.8400001525879,-57.326686389875796
8.5024995803833,14.973567718403372
-4.1399998664856,7.614734738547267
-12.9720001220703,-32.44467283797744
36.1836013793945,27.769833406978982
116.699996948242,58.98056094236874
-3.55800008773804,-3.467793629616892
-7.73999977111816,-6.521766103478797
13.1999998092651,16.95908881369872
-7.36199998855591,20.189814748107523
9.67119979858398,4.645342356737021
-6.13800001144409,16.95496729956359
17.5139999389648,16.42567761950125
52.3800010681152,57.96490515044092
-76.4800033569336,-59.073470453660214
1.83539998531342,0.3295225030238882
-13.5539999008179,-53.57937117773775
5.45039987564087,34.12115579225197
73.8720016479492,28.918202281140296
-23.2600002288818,-47.12377056619452
0.584999978542328,-0.44672790175896016
11.6999998092651,7.859865481255413
5.40000009536743,25.67523294286284
22.2264003753662,19.080373417234227
-2.57489991188049,19.487505479359534
5.44320011138916,3.157918991401384
5.38199996948242,6.161528241535366
-115.430000305176,-125.61338368890468
-8.67599964141846,-5.631340776510044
1.271399974823,0.6777515599680706
-4.80000019073486,-6.730691411574466
-3.49140000343323,-8.20898725671529
50.3959999084473,32.90102552918463
-40.7685012817383,-60.70823499538494
50.3400001525879,58.39098486195469
-149.255996704102,-117.90971361818123
-14.2080001831055,-16.55098051145223
-1.86600005626678,-3.4443638566391184
96.7799987792969,63.781793193343525
35.6636009216309,29.802455175708772
5.12939977645874,2.730538173456379
20.7807998657227,19.69312486593646
24.6000003814697,37.82273722463972
7.02180004119873,7.61601544736867
98.879997253418,73.63908393354681
-4.67519998550415,-10.114096217677734
-2.83080005645752,-3.0319503910265277
22.8999996185303,18.143911889651292
1.24000000953674,21.05402208770075
25.0200004577637,33.40715245867621
10.4399995803833,117.62822846208506
39.1199989318848,25.2677243046857
1.20379996299744,0.7668943778720604
3.29999995231628,3.1263684254050594
3.0,3.258091866865753
1.63999998569489,14.202055361620287
34.9799995422363,31.769224320949974
23.5799999237061,60.837785440377345
9.39599990844727,5.426735475988599
10.5600004196167,8.871976192969294
218.160003662109,102.38008411638488
33.7799987792969,25.884162760753235
2.22000002861023,5.951820731987146
21.9599990844727,39.49258064841
11.1943998336792,1.2624781353392132
13.0799999237061,12.251026166752721
3.24000000953674,8.619960960028806
7.03999996185303,11.989157083472344
19.9200000762939,16.67858026970584
5.11999988555908,10.505132404841676
76.6999969482422,90.81545458777511
-120.513000488281,-108.16914341137058
39.0,114.15805105984622
4.5,31.941338975301782
49.560001373291,39.515281878395065
10.0200004577637,7.864913266966532
-356.727996826172,-348.0020643035868
8.03999996185303,15.83867006655687
36.2400016784668,107.9585343045232
18.8400001525879,9.773060978420608
8.39999961853027,21.234418464626458
24.7800006866455,15.094447686826914
-44.3279991149902,-55.57512068685732
9.0600004196167,4.3119049978717925
8.10000038146973,15.22984956618015
5.36999988555908,4.9716716531207705
0.100000001490116,2.060972840659197
6.71999979019165,4.882575273256019
2.32200002670288,3.1601504246823593
35.2799987792969,21.86893816625799
7.07999992370605,7.069414172048568
-12.4949998855591,-18.233184704651023
-14.7239999771118,-0.9642080197909473
0.0,-31.49530827717664
25.6800003051758,10.14716991691713
10.6470003128052,9.138608980351416
73.1940002441406,29.90474476987343
-11.6319999694824,-9.01714799492385
-49.3800010681152,-64.95421922734297
5.82000017166138,5.033866737643703
3.64000010490417,-87.07686821578888
114.360000610352,86.28227037967167
-6.31500005722046,-11.675386178683674
8.47799968719482,8.053809313131545
6.71999979019165,7.003600981190111
4.1399998664856,3.4079611868727295
12.1199998855591,10.694984347104866
35.4000015258789,20.01232270556369
12.4200000762939,21.574790861316657
51.2400016784668,14.88878624546214
24.2880001068115,-5.378615219709294
0.0,49.344913980776994
8.57999992370605,23.592622181101397
2.75999999046326,0.8363863854789086
0.959999978542328,7.717696931341845
24.913200378418,20.921149708346164
4.1100001335144,3.390241050144783
18.9599990844727,11.635200517500532
2.25,1.5066013687673103
-1.3860000371933,-3.9080681795775263
-5.92799997329712,-5.181653144413863
78.7799987792969,101.05786975361671
33.4199981689453,26.455819292215452
17.2800006866455,71.31597372567677
51.8400001525879,39.18524302192839
-4.01999998092651,-10.720854427903909
5.03999996185303,10.69330346118444
-22.8799991607666,-16.288115493118767
14.9250001907349,13.237637393974639
-18.2159996032715,-0.6353793723244154
-149.561996459961,-96.47343007105765
81.0,76.68730104614883
38.5200004577637,113.42966186102852
23.2800006866455,25.334597633907677
11.4029998779297,7.464003328796122
11.756799697876,6.63937805167935
-24.1380004882813,-24.21501832438568
-3.05100011825562,4.864757402584619
0.0,12.714213074748216
6.51000022888184,6.884026622240798
-1.16999995708466,-5.85371075430135
82.3199996948242,57.17550922295566
-29.4720001220703,-22.635600303990145
3.59999990463257,5.2531945010390615
-28.8320007324219,-20.238925283244107
40.273998260498,44.833815576246
23.3999996185303,22.188292983169575
6.84000015258789,3.8475918201014294
2.51999998092651,38.322254699356336
6.22079992294312,5.972707946947714
8.99100017547607,8.917463502872387
20.7900009155273,12.292076561096785
-20.7240009307861,-19.480644874851812
-12.539999961853,-19.358840965632048
15.3599996566772,17.610460623552626
-50.8440017700195,-47.77194864616383
25.7999992370605,83.82716902272885
-7.33199977874756,-11.76841703129682
12.6000003814697,13.163455875316583
14.9743995666504,11.90518722608007
13.4963998794556,11.392578623962846
2.25,3.9474114988718316
-203.796005249023,-129.18635904629818
9.33119964599609,9.142386264245367
49.2299995422363,26.897741207259635
7.5991997718811,9.403002257401694
6.32000017166138,14.956158098934635
3.05999994277954,24.51234697702281
21.0,10.450050632088137
42.1800003051758,77.09907093719156
4.5,10.40284558117019
13.8000001907349,18.40129527890891
5.78000020980835,13.984588452252485
-160.434005737305,-101.69579993882833
0.360000014305115,12.34826800255011
-3.70799994468689,5.917753687980209
50.7599983215332,49.976586920403435
9.96000003814697,14.725394743896882
-3.45600008964539,-5.329464522937945
26.3493995666504,29.91680910982158
-0.063000001013279,14.562446357353318
62.685001373291,55.09681817862275
42.2400016784668,30.153726327291132
14.3999996185303,66.0475724481601
-7.39200019836426,-9.901087744188647
6.55380010604858,1.3862325905297463
-320.239990234375,-212.4502831601126
4.52010011672974,1.1080705272185565
16.4699993133545,12.551713750668453
21.2520008087158,14.992943763437388
-123.744003295898,-74.11565459275516
8.69999980926514,13.525403742206818
-9.47999954223633,6.3067975170485004
9.3120002746582,9.472685209097452
3.75300002098083,7.484588919146268
-41.2620010375977,-72.29058580822428
47.035099029541,18.995173930170353
9.84239959716797,2.3095815015938985
31.4820003509521,35.90380273971873
5.33920001983643,5.423084131179935
1.07000005245209,0.6893335870131122
32.1300010681152,14.164407649747604
16.4640007019043,18.10421366300944
17.4720001220703,16.76959542048899
4.52400016784668,6.1786675267441655
52.6500015258789,58.41754702671801
-4.40999984741211,-10.018336669766795
-91.3112030029297,-68.64113201409644
-87.0240020751953,-57.430204187608005
-98.8018035888672,-69.96791922672891
-11.0520000457764,-22.09061926685976
14.2799997329712,41.007115691984914
6.90880012512207,10.356286318283786
-20.7240009307861,-27.058951025043
6.89079999923706,3.7950558620096952
2.0699999332428,2.619270655877519
96.0232009887695,61.90076608938949
0.629999995231628,3.757757442648184
23.3400001525879,5.018058067564382
79.8450012207031,45.815394117425505
-1.35000002384186,6.628361772196973
-10.4160003662109,-7.466135314479257
46.1549987792969,30.398919134489525
9.23999977111816,6.235400476756158
65.0970001220703,36.64213121611619
41.4000015258789,54.14682487213059
-19.7040004730225,-20.064151094185355
36.060001373291,12.769743217471081
88.2900009155273,36.411497870457275
-9.84630012512207,-13.900840649627467
104.295997619629,-7.802087756399067
85.9039993286133,82.525992123722
3.22140002250671,2.6613187628562613
9.36900043487549,6.70362550910889
1.53900003433228,1.2910585730559199
17.4827995300293,5.21335055756002
19.8341999053955,39.67070111314444
7.67999982833862,66.08915931228981
1.86899995803833,35.554711752499436
42.2400016784668,26.88164370963117
26.4146995544434,25.808137565654633
87.5502014160156,45.928790781262435
-25.6368007659912,-13.478209499966468
62.7480010986328,22.127892992528835
-3.45000004768372,7.915749202195045
4.48559999465942,11.559878446554816
19.1511001586914,-1.3152325933018916
134.820007324219,99.18919946342098
40.5867004394531,92.54037431714718
47.0376014709473,19.424702758051104
45.7704010009766,53.712357218950515
9.0,38.41417340235172
5.46000003814697,70.44611609149533
1.01999998092651,7.7225100220676435
7.07999992370605,5.133350174901611
15.8375997543335,11.854064317464237
6.92999982833862,7.641837477861391
-14.543999671936,22.156871117875703
13.6800003051758,7.665720437034205
1.32000005245209,5.026343223559174
40.7999992370605,93.3419097270815
14.5584001541138,23.33481285718085
2.14000010490417,1.9423727039195033
2.9835000038147,7.1592923870652525
114.480003356934,111.28030005703147
19.7999992370605,18.021944588619
-5.74200010299683,-8.196717758802917
0.0,-282.7308286161738
18.3980007171631,107.28213477977191
5.91849994659424,1.0095606214505248
5.53800010681152,4.025858566983567
8.22000026702881,8.969893355031012
8.27999973297119,6.8431642344879835
1.20000004768372,3.812151119504484
-221.832000732422,-119.77003859250257
7.50400018692017,3.6406831864008056
8.64360046386719,9.787671781044576
4.49700021743774,1.880605946780715
-17.9964008331299,5.705573101005497
-7.93800020217896,35.78076717861895
11.2307996749878,9.65261286808553
-87.4469985961914,-70.56419645492703
-37.4490013122559,-31.33301366634408
-2.31419992446899,-8.200470861200817
-1.93799996376038,11.661997787092517
5.44320011138916,4.120867286175571
8.64000034332275,20.767653267759464
1.70039999485016,0.9707738153557636
-105.174003601074,-81.84912021554713
24.9360008239746,53.25979717452145
16.0319995880127,14.899820137339963
113.305000305176,28.945906704581155
69.8099975585938,58.76232510121698
11.5200004577637,12.210912044173977
6.46500015258789,34.152729776834896
-17.6879997253418,-26.555169684485243
-7.39440011978149,-11.077292233911253
-9.0930004119873,-15.411708804243027
17.6399993896484,31.358500836362488
0.0,5.63610607498512
22.2000007629395,18.81063792846475
-12.0979995727539,20.12174487513719
20.8530006408691,17.647128881488705
15.5699996948242,104.0703040923001
2.94000005722046,6.918919495390236
14.2200002670288,82.0914610276086
-1.125,1.4704264807723517
-15.5190000534058,-10.68085547629404
7.92000007629395,5.490661376956988
-77.625,-89.46210537860443
0.862399995326996,1.0339562597681178
10.9799995422363,18.79018854972098
21.8400001525879,47.5617172399661
14.8680000305176,13.832919112605799
113.610000610352,86.9254382926068
97.4400024414063,113.98987402674908
67.8000030517578,78.14171150043602
2.70280003547668,5.608781383283226
32.4683990478516,18.16891787439932
8.29500007629395,13.92108564118976
7.0149998664856,6.601870867118283
0.653999984264374,0.8315270666469238
15.9840002059937,-1.2886626634104763
-0.811999976634979,0.1758213756489717
50.4062995910645,17.360871014689558
92.1900024414063,55.68800599475975
22.5300006866455,18.517833391095046
11.2799997329712,7.656062123605579
16.8090000152588,7.5168513818439795
37.8450012207031,32.9236933677494
52.734001159668,32.40137671675916
26.0459995269775,12.520241400778097
170.511001586914,148.44589293325967
2.78399991989136,-10.351451790006289
-17.6879997253418,-8.732848692507169
-114.444000244141,-71.75757373787263
-0.653999984264374,3.7852807034163463
14.915599822998,12.145530121893426
33.2543983459473,25.19265328196468
-5.84100008010864,5.052410015444595
37.4000015258789,31.753382164657133
178.110000610352,68.65483169954652
20.6399993896484,27.406351040661427
4.82999992370605,3.636792468659426
-1.31400001049042,13.719127719878164
6.05999994277954,3.052826544521883
59.1300010681152,34.90061672348833
0.990000009536743,14.091034902341084
26.6399993896484,6.841832346269659
7.55999994277954,7.631858506802998
6.59999990463257,8.012903799026706
19.3199996948242,13.826814895304064
36.6300010681152,22.137558282158764
20.8799991607666,8.56872334515744
9.63000011444092,5.80680967285963
1.20000004768372,11.337696602473827
-10.1736001968384,-21.905949679304946
-4.88700008392334,13.248523085216064
2.79559993743896,1.5476158603247985
78.4800033569336,40.3671228317646
4.8899998664856,17.09726995812518
5.42999982833862,3.19542571495186
22.3775997161865,7.250197608195526
10.5,19.275999584170215
42.2400016784668,29.665429873222365
53.8440017700195,20.56665392416852
-27.3840007781982,7.290829841785588
11.1000003814697,20.772935080748468
25.9200000762939,18.31826937130929
19.9799995422363,90.35734113391831
9.27000045776367,6.805026194392037
7.76999998092651,11.619324878479931
96.5999984741211,62.554691101519225
-10.5341997146606,-12.143635032171177
13.2639999389648,12.921603629294738
4.44000005722046,21.560837733365332
22.2000007629395,30.07532845355768
7.6153998374939,2.236862385103726
9.69569969177246,12.519528540237113
53.0909996032715,29.526564364104757
6.71400022506714,41.52267903847145
5.67840003967285,3.2901405583696453
7.26399993896484,3.281536251199822
-84.2928009033203,-57.45106150723023
-172.557006835938,-133.46731241900588
6.29949998855591,6.388167929656197
22.5,14.080758229665744
81.431999206543,61.01290546013564
6.73999977111816,1.894250783812034
14.5600004196167,13.330120878116785
0.779999971389771,4.2786358956509245
2.33640003204346,-0.591979004407325
1.25999999046326,7.854387554711734
158.751998901367,158.64203853131505
7.3206000328064,7.017287686535771
95.4611968994141,143.91228402819186
0.0,15.583319133447207
-5.70599985122681,9.419732614326872
71.4000015258789,45.21378087944707
15.0,16.404482340765078
-0.593999981880188,15.466455662943787
4.91400003433228,12.064218419432537
23.8439998626709,13.69686787250595
14.7600002288818,12.64275234768917
1.45200002193451,7.891554396656555
14.1840000152588,22.854592366889683
27.4855995178223,27.028929003384704
-124.430999755859,-27.501115065330858
149.759994506836,109.53221759639182
-7.61199998855591,-11.616964168391823
-100.800003051758,-42.79555121343081
142.559997558594,104.02612853710976
-42.3600006103516,-17.015619153552173
-24.6599998474121,-21.847300140115152
0.417199999094009,0.11336550014153515
4.76999998092651,11.287475689075164
-172.274993896484,-151.67099836435318
4.3600001335144,2.780240415422348
6.51000022888184,-47.886788705602655
-4.1399998664856,-2.644704162365063
-9.82079982757568,-16.917015691238184
8.30280017852783,1.8564616764717348
29.7689990997314,-4.641248869167027
29.8080005645752,14.668140907757476
-9.20400047302246,-0.2322595056477908
32.939998626709,53.91746875617469
36.8639984130859,51.85723572276379
-21.3600006103516,-12.733742718182572
4.5,19.22160768112412
48.701099395752,3.818621245664392
13.4399995803833,8.660359252646892
39.7999992370605,23.369533119468777
10.8864002227783,6.90795528961577
4.32000017166138,-33.99989634855641
-44.1461982727051,-46.660299013897095
4.07999992370605,2.4649327827171303
9.0,11.558493150891982
5.19999980926514,7.063386753372804
5.76000022888184,28.444260435593044
6.98999977111816,4.204747701523372
30.0,26.184688195373404
31.996000289917,10.15010933476675
4.55999994277954,4.995460028550173
4.32000017166138,27.375084449798457
8.76000022888184,4.53204000926102
144.899993896484,72.1620982294234
2.88000011444092,8.3787985819531
19.4400005340576,22.896703039750676
-20.1599998474121,-20.34218947362924
5.77680015563965,5.881677529756196
27.0599994659424,23.045403170483027
3.73079991340637,5.719150764144845
67.4400024414063,81.18053892861879
14.6700000762939,13.283221532927524
39.5424003601074,-1.0558010216010338
-2.41199994087219,6.289534663722173
-106.115997314453,-66.49311496780759
51.4000015258789,38.49517857794541
55.0400009155273,39.16212442830736
31.5,84.09558332522792
1.4442000389099099,1.1565373166139978
1.5,15.647553105890097
-488.772003173828,-175.02538673464664
132.330001831055,114.09133769233522
15.8999996185303,27.36204078091918
0.239999994635582,1.8968354302735273
5.07000017166138,3.8465736444016576
7.1399998664856,3.2032014362048713
12.8999996185303,12.404254117898947
2.98889994621277,1.5816625427570445
4.61999988555908,4.159448049910295
11.0508003234863,5.360881177475017
10.7178001403809,-7.511114161486138
-44.0460014343262,-31.73515824496252
13.8578996658325,5.877656094627641
13.3199996948242,13.504102458567132
7.09499979019165,11.645511063414961
21.0599994659424,21.2698856555243
38.6100006103516,15.673632733121075
38.310001373291,6.760309854616073
43.3800010681152,30.558292040074605
40.5,45.22722206739656
8.10000038146973,7.397784263689085
10.0530004501343,4.99830396240657
-66.6959991455078,-45.72104159618097
-2.4300000667572,-18.519612706115694
19.8143997192383,16.791202256278062
83.3399963378906,54.78103307732495
2.94000005722046,3.061621385242852
15.0,23.11561266188466
27.7199993133545,88.69263258988619
1.08000004291534,20.033952565419455
2.0,5.38813702714029
3.48270010948181,4.37174353069286
35.6237983703613,38.574575228645806
-4.80600023269653,-5.430539305322577
-37.1679992675781,-23.53933681638656
-15.3540000915527,-20.66286033492944
-25.8299999237061,-23.99192814190436
18.8209991455078,21.284746196870515
3.00440001487732,1.4940651317394154
3.3503999710083,3.87403178805829
8.29440021514893,9.864363784726647
-12.4146003723145,4.320137193264039
27.1665992736816,19.598961004834493
21.4799995422363,14.708128631303273
30.996000289917,15.518200224690398
13.3199996948242,9.338209140271166
5.40000009536743,13.412854242069004
1.67999994754791,39.067062218336794
54.8604011535645,41.214487675536624
-3.24060010910034,-7.054190769249943
-5.88689994812012,-10.17807963815525
74.0999984741211,47.683668268557426
31.0499992370605,52.97747853357981
74.3399963378906,80.29106864854533
13.7016000747681,-2.5777160320480945
87.7443008422852,56.89768613262808
-12.7959995269775,-20.175233599846727
31.9500007629395,16.374083409465236
13.5,53.83596905931131
4.98000001907349,46.66705643473705
8.88000011444092,14.046504223429162
-7.98059988021851,-6.667112622457032
19.5858001708984,29.677280288849282
13.8915004730225,13.602501912284975
-1.50600004196167,-9.856455487213992
18.1499996185303,11.27884400209093
13.2600002288818,69.01520633694295
-244.386001586914,-92.10469871285741
-7.09200000762939,21.40199519657004
11.3400001525879,28.554264809298274
0.107100002467632,-0.22239050507253055
9.23999977111816,31.334088095462768
6.72520017623901,6.869475037256627
13.1999998092651,22.744679838427146
13.6800003051758,14.201534016238714
-24.1889991760254,-27.397829622994152
-166.320007324219,-125.20373024274441
19.5,22.708429110554142
57.2700004577637,46.11144254926203
-102.365997314453,-86.97228148692797
4.55999994277954,5.822466128696928
8.64000034332275,7.8990892029900035
138.417007446289,136.73141114984904
18.1800003051758,12.87281149728037
41.25,86.21202544827982
13.3920001983643,51.40581882684574
28.0032005310059,21.416960185194036
22.7999992370605,31.100893665249416
9.81599998474121,29.767975777074028
134.992004394531,137.60517516655332
16.1800003051758,8.221596709210788
7.8600001335144,10.48274313739039
-10.0500001907349,-14.97119650625545
185.580001831055,107.88929432736848
7.07999992370605,5.951125248103693
0.959999978542328,10.368948696172655
14.6999998092651,13.721345469045232
56.4300003051758,39.59742785961258
11.7959995269775,-70.14097329639532
90.9000015258789,113.0855605638331
22.6781997680664,15.191789972506106
9.07199954986572,6.974915423809937
28.628999710083,99.6766518032687
0.339899986982346,1.6511423225685287
15.6599998474121,15.070454011170222
7.38399982452393,4.090086306646494
110.639999389648,117.36054164749417
9.38000011444092,-21.426442198443773
2.56500005722046,2.657287010072342
7.89599990844727,37.892042005960725
-1.20000004768372,-8.628580056070225
107.730003356934,76.03970553052952
-7.36320018768311,6.240654427282772
1.30680000782013,3.5697950565931427
78.6719970703125,76.92029558696274
-14.3520002365112,-10.744352552987111
7.38000011444092,2.84350623360262
-9.47999954223633,-14.565708141351443
25.0599994659424,27.30549053155199
15.3719997406006,16.409203128845782
50.1875991821289,51.23634993954349
19.4349994659424,14.607806837066434
9.77999973297119,13.461245928259967
-12.7200002670288,-17.404052674844344
-8.60999965667725,-4.87098745243604
-24.3920001983643,26.5599464635553
84.0512008666992,65.56688250097716
-167.100006103516,-132.486377215698
9.6540002822876,5.153592729601662
-27.7800006866455,-15.121431038901173
44.8895988464355,45.70411108867428
11.8800001144409,8.033501290584784
80.5410003662109,55.68552720686566
-46.1879997253418,-27.981817490284172
3.86549997329712,33.609031444721325
-32.9819984436035,-20.271902230524567
36.470401763916,42.12104052079226
8.9399995803833,10.520499557922319
8.36999988555908,4.499181865004184
2.57999992370605,22.180407780324842
10.8000001907349,11.86196163529118
21.0599994659424,18.001469693452123
30.2399997711182,18.03341019732497
32.6399993896484,27.84316615864651
4.34999990463257,31.045659812304997
-8.08800029754639,0.026509862475392193
0.641700029373169,0.6846956146797245
1.84679996967316,2.255451461770457
-32.6759986877441,-27.445047823557083
9.88560009002686,8.725853087581864
2.83800005912781,3.38281440726991
19.0344009399414,17.858521608129635
3.89759993553162,11.231685169590065
10.0799999237061,8.708870934039462
17.8799991607666,12.87686669547339
15.2399997711182,12.298430473041497
0.640799999237061,0.34341142426213306
76.6395034790039,14.601869198160015
39.6889991760254,26.240209311448247
-28.2959995269775,-28.7192101154126
38.4300003051758,22.556047320312437
27.4351997375488,17.829667125701278
-2.69400000572205,-5.586501261658209
41.2938003540039,47.24026444183252
29.6000003814697,24.9452396717043
1.04999995231628,2.9852579669295904
1.74000000953674,2.0414725770410986
41.2799987792969,48.50384774477164
14.039999961853,10.68943087146544
1.01999998092651,6.226670000091936
28.6800003051758,38.91695777935823
6.03630018234253,-7.274098380455996
28.7952003479004,10.284299452908984
10.7399997711182,22.543470183847973
-7.03800010681152,-10.951735890838293
-20.6159992218018,-28.442351582552448
-6.26399993896484,-10.15917510875346
18.0377998352051,17.040358115863683
0.660000026226044,2.6615705659459867
32.1150016784668,36.67800912906508
-104.851997375488,-108.37504626241522
-20.9400005340576,-23.59065090656214
19.2000007629395,19.35620620534739
2.64000010490417,3.3377906005233786
2.75999999046326,12.558469345412062
73.2419967651367,38.07754817446228
37.7999992370605,24.62498992547757
9.35999965667725,22.826122955921214
-52.5480995178223,-61.86260432001863
-18.8020000457764,-23.041941747666577
-26.2320003509521,-8.35730053636504
62.2799987792969,77.3706804021778
10.0500001907349,26.063104331271155
9.35999965667725,11.671777691890767
8.78999996185303,13.470824148522729
8.10000038146973,8.477920332550834
59.0351982116699,77.7065994190309
64.4400024414063,32.90997364084242
30.8966007232666,16.30172666157194
10.1999998092651,2.0669165141160617
130.139999389648,90.68831853524786
22.2000007629395,19.210009693348518
5.69999980926514,10.24494415170281
12.0131998062134,-10.96611949866662
63.060001373291,63.56958197309435
21.9599990844727,23.36922057104661
17.5499992370605,30.356337438539995
14.039999961853,15.059439698719661
112.680000305176,113.8122756932484
-17.2992000579834,14.574784694769722
-29.0699996948242,25.476960652751465
12.1199998855591,16.21983234266434
21.994499206543,58.37822945584006
-5.25600004196167,16.405537194029073
0.558000028133392,9.139695521675112
24.6599998474121,14.661395386578883
28.0191993713379,27.66790941634674
32.8800010681152,23.281936840164825
3.05999994277954,30.935496401003697
19.4400005340576,18.206687800987964
21.75,20.26670238208859
17.3999996185303,15.5900581746207
-1.73099994659424,6.835343280162095
17.451000213623,15.38020518698636
46.1220016479492,12.946418375065832
-4.35599994659424,-4.828807321949301
1.13999998569489,4.2850209023309604
41.5349998474121,35.975375057417004
11.4300003051758,8.74869565971972
8.45400047302246,3.5815762778743934
48.75,53.861230474041804
-23.3579998016357,-35.74155250214328
1.2059999704361,1.6972960589477557
10.3859996795654,13.04666962948438
31.6259994506836,12.810358381999446
23.9169006347656,17.79416181860298
6.98400020599365,14.676850719016803
-42.060001373291,-132.31129928006
2.88000011444092,19.07147064759267
104.832000732422,40.07696077680129
1.25999999046326,16.00222991489253
252.600006103516,113.36607678194913
26.1000003814697,28.769029796458177
-4.04099988937378,10.25561773219628
1.90499997138977,1.1911396685582516
3.77999997138977,4.360773374375168
0.0,9.288965633438394
18.3920001983643,-119.25638147058503
9.33119964599609,9.128615421059768
39.5200004577637,17.381482805319138
12.3900003433228,24.51668759412854
8.57279968261719,8.575700494185186
1.44000005722046,44.21179557865204
107.819999694824,93.63723610459539
5.96999979019165,12.872630713064984
19.3199996948242,19.163643199887616
11.7600002288818,8.195026438352286
0.0,81.17902729481388
0.870000004768372,4.176241477646517
4.19999980926514,6.663272098263917
2.83139991760254,4.332555831394464
1.13999998569489,3.4052929061301613
15.8400001525879,21.68084387034665
43.439998626709,27.124332863104087
39.4799995422363,22.428400224903655
0.0,33.18675571322501
17.5200004577637,12.093687647190652
-35.2379989624023,42.534679474037496
54.9900016784668,43.39970440242821
21.5823993682861,16.39334600594816
14.4495000839233,2.699708852270751
20.7900009155273,36.601764065972084
3.62879991531372,2.4629004257036944
-69.7949981689453,-89.16345985977539
-2.09999990463257,-19.040575526613857
-39.1949996948242,-85.54879259631878
56.7900009155273,33.22249660182106
3.39299988746643,3.134110081222891
-0.839999973773956,-5.9900125937352495
36.4500007629395,58.51407799447229
12.3143997192383,3.7349521510797894
62.2000007629395,38.056979723781296
169.199996948242,88.82367637288718
6.53999996185303,11.944850102992831
0.0,12.243010243392918
-83.1750030517578,-38.9913520262418
2.07999992370605,5.562431558813458
38.8800010681152,38.18256348360886
63.117000579834,17.549323893779018
50.9207992553711,55.24508326632925
11.8727998733521,13.876130907844
7.19999980926514,12.5633662775268
39.8400001525879,23.38667103486511
-32.0880012512207,-24.908001650476308
0.810000002384186,3.4318518879039073
8.52000045776367,5.70180507513442
-5.96999979019165,-80.96026480608671
0.569999992847443,6.369817858998026
6.63000011444092,9.402306834164943
-1.73399996757507,3.614236786720391
1.33200001716614,15.227437673892895
19.5540008544922,10.32967986667703
3.35999989509583,8.001183016182079
14.3100004196167,133.92084008880516
-3.34879994392395,-8.838086049157692
-11.7840003967285,-12.275242070391787
23.9400005340576,20.92257862890937
-172.199996948242,-203.9361080256745
6.84000015258789,8.188461787325592
-7.46999979019165,-14.8740431118004
39.1199989318848,33.129803398921474
2.75999999046326,-15.056887682373343
3.32999992370605,2.0985960941086343
-4.59800004959106,-9.63288842180449
18.0900001525879,13.306864005239568
11.3999996185303,17.062455090381086
-1.09599995613098,0.8436986750644951
28.7999992370605,51.08048905190646
10.5503997802734,13.346123415404803
8.99100017547607,8.916864758639466
16.9799995422363,17.50871530480685
8.6899995803833,7.625206354579368
2.51999998092651,19.40682836094836
12.0,39.7582739505562
22.2000007629395,17.3596090804852
-12.4680004119873,-7.238581081722905
-5.71199989318848,-3.3406410517971246
25.4969997406006,6.210826453573002
-6.44399976730347,-12.302836945319926
78.0299987792969,24.411406338854775
-10.0959997177124,2.202399262772578
-8.5319995880127,-20.619119729530553
252.119995117188,143.81522406144435
129.384002685547,95.67127195039335
5.4443998336792,4.95246192470847
33.0288009643555,-1.6012847304158346
1.99899995326996,2.1392518518338743
-23.2800006866455,-27.30385044256297
-9.84000015258789,-7.653990045924895
69.0599975585938,62.10292304872428
-14.6759996414185,-73.85020556738624
55.5,29.4900747214892
13.5900001525879,17.249815678605067
-39.0400009155273,15.448060096379114
-12.8392000198364,-33.886373820056015
5.55660009384155,10.12509547879842
9.0,16.51082594553514
4.23000001907349,4.272248708324032
73.6920013427734,57.59428135025681
30.2399997711182,17.994355483242423
16.6499996185303,16.804232758320488
-86.4300003051758,-58.562824477407176
43.9199981689453,41.893520602297265
-1.19959998130798,4.013078250397913
16.6000003814697,13.104519444349394
32.7599983215332,17.446031213467208
6.42000007629395,6.784106645510745
3.35999989509583,9.926636912141337
2.25600004196167,11.63503196583658
23.9599990844727,17.553157748050168
20.1557998657227,10.906025644777175
2.28900003433228,3.288446610143116
16.9799995422363,11.78944159545341
6.23999977111816,13.887360933471312
35.9248008728027,32.46345649722828
25.5,18.646118666024158
26.6490001678467,23.161923292409575
41.4300003051758,22.757422051926838
0.0,70.47344030259599
29.9939994812012,6.4450968815590715
4.5588002204895,5.330565564953507
-16.5240001678467,0.5036347913666585
5.44000005722046,4.49879477267076
0.0,8.637171316726802
9.38119983673096,8.506475744867368
12.3599996566772,8.338310653069469
6.0,4.543549914566945
-6.61140012741089,-8.131239295619022
14.2687997817993,12.692701733258534
-20.3850002288818,-13.294902525171599
10.0200004577637,8.210562231301203
122.580001831055,67.15713414982727
42.3624992370605,39.78550419301504
36.8245010375977,26.30160250435616
10.958399772644,79.94336836197596
14.2559995651245,14.558346528650825
19.5240001678467,-0.023776020593131553
-20.4449996948242,-16.06838859170496
-17.9927997589111,4.843045150915806
-1.06560003757477,-4.936280785439269
-1.875,-5.278837026898196
-0.0900000035762787,-50.74186269762518
159.839996337891,69.52652363668972
2.40120005607605,3.652183451193116
-27.5849990844727,-70.61913064368738
7.24499988555908,5.53455140991575
133.893005371094,47.29010352356949
15.1000003814697,15.857894461102779
13.2239999771118,8.737798278523657
45.8135986328125,37.394357584154044
7.25759983062744,5.011577038802901
14.5151996612549,9.790099287593158
-2.17499995231628,-10.136213899018957
-25.4771995544434,-16.075249842372976
10.5727996826172,14.549364983181095
48.6319999694824,-4.816226930093594
-47.8320007324219,-49.79118326402154
8.2992000579834,9.849221836462474
24.9804000854492,23.24249385824779
-16.1856002807617,-20.03086247423571
-0.662400007247925,0.9801802638280493
15.5343999862671,10.839174775564741
11.3039999008179,-24.809880127069263
119.592002868652,74.71304610661852
-19.3229999542236,2.872543050144662
-9.10799980163574,-14.770434880068615
2.73539996147156,3.5806307293293895
16.5599994659424,16.016065119752664
13.0799999237061,20.55645826839725
1.47599995136261,-31.80587670456955
-27.4120006561279,-29.879355576485587
12.7200002670288,14.306923767711945
112.080001831055,107.67993369731606
3.46860003471375,4.291564924961604
2.95679998397827,2.232394894179722
-19.8799991607666,-20.090734353507365
20.8439998626709,6.123517687078059
-9.14400005340576,-14.609632754828413
4.5,4.138540094103416
7.77279996871948,6.9920557765948805
1.42079997062683,2.751114806866748
10.6400003433228,10.828359145111163
-19.2900009155273,-15.931042925872704
10.4399995803833,10.02293764956373
6.40000009536743,14.839366403443252
-4.76700019836426,-10.800716685244616
-17.3819999694824,-16.51451025250187
-1.66799998283386,-6.740846635731381
-4.51200008392334,-8.198497811338873
-46.6319999694824,-41.89799792798913
36.7254981994629,22.934904071739062
9.32999992370605,11.770041319912016
9.5939998626709,22.487443626176976
54.3331985473633,35.48001345235151
20.7299995422363,37.178596635623585
10.6199998855591,5.836958029542511
39.3479995727539,-78.79985673064891
-5.31599998474121,-4.40038217767155
11.0640001296997,25.90838527061114
2.14199995994568,3.8735794258524057
0.479999989271164,-10.696331092421746
-45.5519981384277,-93.28265734625899
10.3800001144409,17.5397177989174
8.10000038146973,5.350319462401231
-61.5960006713867,-54.39376065875872
-107.99299621582,-100.97952253995345
-10.0464000701904,-10.165339012512568
-2.94600009918213,7.108970296408475
0.0,59.13719750745781
4.61929988861084,3.5770600203640246
9.96000003814697,25.560050605735704
4.76999998092651,4.251998073101427
4.26000022888184,9.600959573992796
81.5999984741211,45.308782685221885
-13.4694004058838,-17.602924631568186
1.12000000476837,2.5970042531020203
-44.5200004577637,-3.4550553151003487
16.0356006622314,18.642847232650666
232.110000610352,120.98865120097827
12.210000038147,8.177621811326595
9.98999977111816,4.360373490190921
22.1040000915527,22.860571948861512
35.7299995422363,28.200994073228316
0.0,22.143412578497852
13.8599996566772,49.267060637491475
15.0984001159668,12.842420298101745
105.247001647949,90.91469975750914
24.1217994689941,32.272917416958684
3.90000009536743,21.062756999951283
7.76789999008179,2.8617326444778106
5.21820020675659,2.940083338385648
13.6800003051758,9.04162229149543
2.5984001159668,16.65906618908305
45.5400009155273,27.171654065942647
-50.6520004272461,-55.29283467406937
-5.79199981689453,-12.730128249229246
5.01119995117188,9.847453298621424
-22.1879997253418,34.98764350672964
1.59800004959106,10.707531654700622
25.1860008239746,2.8429615881974586
-2.02640008926392,-6.1766156528749425
-70.463996887207,-0.6157950770860836
13.8267002105713,4.7480710645299755
-20.7161998748779,-13.376507382329699
6.00600004196167,1.8880722050245227
15.960000038147,14.048618400766282
3.62879991531372,1.7911419247392377
2.27239990234375,4.169000228456234
-17.2479991912842,-19.112896586264142
18.5219993591309,18.521906180627283
6.42059993743896,3.3663244423587697
175.860000610352,53.77924987293708
133.244995117188,55.79713459648597
4.66440010070801,2.9606088185156043
3.25799989700317,23.204458507631053
7.84800004959106,31.36351412569301
40.1240997314453,21.43338285709676
37.2360000610352,19.728643052166
11.8979997634888,6.221570975045154
16.2900009155273,4.332973822569072
-16.3644008636475,-0.2767296043023791
21.7800006866455,14.042982154938503
185.399993896484,106.15808513736023
20.5849990844727,19.44248584732503
9.84000015258789,8.504275499517108
22.7399997711182,19.851624169859704
21.8880004882813,9.086600230173179
15.9384002685547,21.97666632569662
9.64799976348877,5.64895046056696
-98.6910018920898,-101.66194803571545
8.76000022888184,3.192170753201308
-0.756600022315979,-3.9821529917811613
20.7600002288818,17.649427247995412
3.2039999961853,-2.852022591482557
4.77120018005371,0.27495879613723184
0.321599990129471,-3.7266746556401906
20.7900009155273,18.506390699909467
-1.45899999141693,2.716319694534832
0.734799981117249,-0.06328642834481354
28.4927997589111,-3.0685830956439086
164.996994018555,40.916715710722954
-76.0115966796875,-47.871757158150125
4.91400003433228,6.641430555754132
36.9599990844727,30.0486001807053
5.36899995803833,5.942224831520009
5.42999982833862,2.9208724460299185
22.6529998779297,28.908296447044123
-15.1199998855591,-18.965034382767094
17.1000003814697,21.98511441428142
0.180000007152557,7.602695855783057
0.280000001192093,4.16415725393078
1.60000002384186,10.574989028464953
-24.0435009002686,-22.44699509712556
-5.40000009536743,-14.35422193598558
5.13500022888184,10.668720603229582
3.1800000667572,5.139242963878039
17.6100006103516,14.563782292012535
-1.48800003528595,-4.125780518409062
-28.9799995422363,-11.987905988370583
-13.1669998168945,-16.161176802225974
-67.6169967651367,-45.10977514706529
-2.54399991035461,-6.938700854992078
-3.77150011062622,4.433882241420425
23.1168003082275,9.491246495982248
3.45000004768372,8.70377347942355
-143.639999389648,-114.20278884317737
3.94740009307861,2.6436716741833846
0.959999978542328,4.322983133192927
24.4799995422363,23.10916498659836
-53.7840003967285,-31.71163917218442
41.168399810791,38.67985949717511
-59.3040008544922,-25.02001955644652
-87.1488037109375,-60.2490556122394
-15.8400001525879,-10.52719002485284
-11.0640001296997,-16.19112504536224
8.80200004577637,3.711985376069635
-2.54719996452332,-7.182903316174979
46.9500007629395,47.71644620886981
6.29790019989014,9.447343884973813
11.3999996185303,29.64427579883666
6.44999980926514,13.080700036753393
21.1977005004883,9.54218427191105
7.44000005722046,8.489449114524136
131.910003662109,43.26943945985415
1.13999998569489,1.2951171745377545
1.64999997615814,2.0627394434272492
-4.96799993515015,-8.018732643181165
-6.67799997329712,-8.48465759647244
-5.02799987792969,-7.7997644345771695
-8.37600040435791,-15.901772407005721
79.0,96.39669944813997
-209.376007080078,-239.10817614582268
-35.513599395752,-13.895787698873152
14.3999996185303,21.305660839844663
33.1599998474121,31.599493083003154
1.6632000207901,0.7849320437531889
8.88000011444092,4.962777878926475
6.74819993972778,7.073159428882593
14.7200002670288,17.50225733853417
-12.71399974823,-25.99537503266155
2.0699999332428,4.569533857508292
10.4832000732422,8.853122568893085
81.4194030761719,42.61908850888116
15.3599996566772,16.917682904826144
14.6999998092651,31.172669414290908
21.0400009155273,23.53259886581047
35.939998626709,24.821761299547873
15.3360004425049,15.85197203327738
141.257995605469,52.16144021874277
40.7999992370605,30.82746285554206
-179.776000976563,-115.30644601312709
2.22000002861023,7.89386425591853
-1.28799998760223,-3.703520391562307
2.8296000957489,3.7432755426271465
148.979995727539,81.91189822185395
5.09999990463257,5.204870330300362
1.99199998378754,-7.398962847104885
3.73760008811951,1.248467345938125
38.4000015258789,25.17484656410717
14.6400003433228,24.231742330559868
37.4949989318848,12.355450590224578
5.21999979019165,60.118421273943554
93.7200012207031,121.93479200266613
9.44999980926514,5.988540510421059
10.9799995422363,13.404634116363235
66.3600006103516,52.66572507231857
32.4599990844727,13.543560740423016
51.0299987792969,137.74232585493223
1.81200003623962,-2.9248901909985046
-46.3199996948242,-44.01591429458386
64.5299987792969,33.414156844666444
1.11000001430511,7.617404037153062
-155.003997802734,-185.261747569582
-29.6058006286621,35.97976597637382
-5.09999990463257,-13.38009263144186
-24.2639999389648,-14.492947628758563
18.9599990844727,51.212763489087166
14.25,14.36547259685501
0.0900000035762787,2.761832461454265
24.0599994659424,32.55318357518749
2.97000002861023,2.1023222600381364
5.48999977111816,14.888109221664909
23.9463005065918,21.122208588965094
46.7999992370605,57.27726630462919
3.49650001525879,4.039987731809457
29.6100006103516,43.237905160946795
42.1800003051758,28.632761102446246
7.1100001335144,4.473513210745022
0.0,38.34863538624489
19.2000007629395,14.509026178628181
-25.2959995269775,-73.36783556358226
0.0,48.01020757139118
14.9399995803833,13.722309078589474
8.76000022888184,25.372734636356967
-14.7840003967285,-11.889298391555412
-52.6319999694824,-40.30345749451275
13.2299995422363,13.991698975853437
-44.4799995422363,-40.01335597336802
-32.1599998474121,-17.45557190500245
19.6200008392334,10.083506750119186
-15.3900003433228,-29.958266528016964
17.7000007629395,12.379253295987144
31.2000007629395,51.427831201435225
20.6100006103516,11.740357563499733
-8.3120002746582,-39.72498261671367
7.92000007629395,5.702239050260939
17.5799999237061,74.03287982609383
82.8300018310547,91.9604630452482
1.3415999412536599,3.0715650146688347
2.55920004844666,1.2941532311713375
9.0600004196167,9.44518481040186
45.8400001525879,31.205531658533687
29.6100006103516,40.77915582898045
13.2600002288818,65.66601188101806
16.875,13.526713827032046
14.9925003051758,18.65823746179956
10.407600402832,16.480311549977188
4.24079990386963,1.1131574677650309
6.41279983520508,7.347952450319151
-120.051002502441,-102.41303507286798
34.780200958252,26.371959381865437
19.488000869751,20.03904142989728
5.15999984741211,4.580325615077774
-2.62080001831055,-5.42771917406035
75.8399963378906,35.552199245766666
104.76000213623,68.04607691971592
3.47760009765625,3.949927443471171
-190.055999755859,-109.94565644245166
-182.352005004883,-128.92452052803495
-26.3519992828369,-13.031936938580703
-282.071990966797,-292.08602803549724
15.3951997756958,14.609678327307462
-2.7720000743866,24.268669066629627
117.431999206543,66.44262628364032
0.0,15.084732915448674
9.47999954223633,17.179162417786614
107.76000213623,101.30554341867794
0.564000010490417,0.6684354355849713
64.5179977416992,85.01762592175567
27.9456005096436,21.291562977086265
6.30000019073486,8.28149696563133
29.252799987793,25.046965032602593
9.7790002822876,6.45355798434075
-4.42799997329712,-12.462566605000621
82.1880035400391,24.325548365233608
29.2716007232666,21.96437332912123
17.6280002593994,28.59842272454849
93.3300018310547,73.57350738230775
2.29500007629395,-11.459801636557861
3.59940004348755,6.919685742041736
6.15000009536743,17.90126466642039
-16.6140003204346,7.010360768745398
-6.99300003051758,-11.490768757890539
55.0800018310547,41.4189523557991
21.1499996185303,28.8730093989803
5.32800006866455,8.42645021989839
40.5900001525879,22.36805427152764
1.4190000295639,2.572998700209153
2.57999992370605,6.345762822165236
0.642000019550323,0.68253326895513
11.1899995803833,0.9288207057925182
48.5999984741211,36.859217669485915
23.0400009155273,25.034970534602998
15.5960998535156,7.02399600962033
-32.3838005065918,10.514740536517147
12.2489995956421,8.914392427949274
1.72479999065399,0.8987581467911018
-6.42320013046265,-7.516989370719737
24.6000003814697,10.738102803338975
94.5899963378906,109.06179239286787
-2.3231999874115,-2.9471652877130747
-13.1879997253418,-13.059641469921518
-395.234985351563,-250.62529857673695
7.51200008392334,5.519986456659844
150.251998901367,91.13577721140221
-8.23200035095215,-21.334084645808467
-2.97000002861023,-6.4560834978575885
-4.1399998664856,-5.940531577732615
14.6510000228882,-1.6156920289253447
8.88000011444092,4.729193472218458
-202.343994140625,-165.8208240463454
-126.624000549316,-58.542700100849075
11.5200004577637,11.099139827012852
0.899999976158142,15.855156129354164
-43.7291984558105,9.382964950592177
-306.846008300781,-369.8752920832843
-12.5285997390747,0.13980920483029624
3.26160001754761,1.8358116591527913
2.64000010490417,6.213737490023455
-6.18800020217896,7.58787890035557
13.2600002288818,68.07915030330204
28.1399993896484,50.66718243752878
19.9680004119873,7.83008364751319
-15.9919996261597,-6.790846979488687
-4.6560001373291,-17.60509161353113
9.47999954223633,30.71388442655202
19.7399997711182,26.694800735984913
4.19999980926514,4.345601655031015
-13.4879999160767,-10.023947550838955
9.96520042419434,6.226087977375375
52.7691993713379,128.30337068692813
16.2688007354736,12.920582813680298
24.8400001525879,22.40769170228097
58.9799995422363,28.9942719165522
50.3520011901855,39.30071047047805
18.8936996459961,23.565020132216766
45.1394996643066,8.844915603885307
4.44000005722046,27.303410217038753
179.820007324219,100.91525869600983
71.2295989990234,63.99732422917425
10.8800001144409,9.089779217510623
12.960000038147,22.068997548862605
4.44000005722046,3.8843904016850246
9.82800006866455,5.1521829935394745
51.2000007629395,42.655649372783465
63.2999992370605,45.13833680841903
17.7299995422363,13.1847887185587
77.4837036132813,49.35337749612456
0.300000011920929,5.018815964742701
-20.1408004760742,-19.47069629198576
19.9799995422363,11.649475570363368
-6.23699998855591,-9.359434255953083
14.4899997711182,23.03457151395525
11.9200000762939,12.911516063717377
27.4400005340576,18.036330333789678
2.53500008583069,3.408691691350264
-28.8677997589111,4.802585411966881
4.92000007629395,16.179884345417626
26.8239994049072,15.5714203706386
-84.447998046875,-56.42506838607929
-51.2960014343262,-46.151360857405564
-12.9167995452881,-19.286961014236248
5.31899976730347,1.3718952403736022
19.5,22.26561728017944
-16.9568004608154,1.714128285481673
3.43099999427795,4.475794571666426
16.2000007629395,36.51785042903457
0.523599982261658,14.302771313651684
7.92999982833862,3.7984339596250245
43.736198425293,44.63076044121532
0.990000009536743,16.730158984060594
0.270000010728836,8.989250396219203
33.5895004272461,-73.22015490661188
10.9799995422363,20.69240053123584
8.64000034332275,9.628573036617396
24.9804000854492,24.750215903846048
36.2700004577637,32.06171160001336
64.2600021362305,59.22209398529678
15.3999996185303,23.095876672879093
-191.759994506836,-155.1605619505103
14.1599998474121,8.125069379994311
9.44999980926514,15.73969099590003
21.4776000976563,26.996735159605528
23.0886001586914,11.58737549839585
22.8689994812012,22.27378456071839
10.4784002304077,23.525176701669707
-85.1159973144531,-36.71550822915032
-8.67199993133545,-8.37893788924953
3.40919995307922,80.9898657307265
45.5279998779297,40.29730169757204
28.8190002441406,30.084499166915776
5.76240015029907,6.344758198332361
52.896598815918,-37.5464315460172
-37.018798828125,-17.99580378205166
-5.97119998931885,32.99849025751442
-35.391300201416,-17.70307867670448
-22.6187992095947,-15.072395956031878
-103.21199798584,-27.419625951989538
1.01139998435974,2.412782312827288
-43.4799995422363,-37.714062989274545
12.2760000228882,6.352121906106311
-17.4689998626709,-23.346415516468532
80.7911987304688,60.91389587759815
-24.6149997711182,45.972404570752886
47.9939994812012,48.06090181074363
6.97410011291504,7.651357764222605
2.46000003814697,77.32985057010522
65.6370010375977,27.589826760991556
82.2906036376953,60.67465595124058
-5.47200012207031,-8.81295395492595
106.860000610352,87.76635750205527
31.691499710083,46.210354781015184
2.60999989509583,2.8880653986580658
21.7728004455566,19.741968556001787
14.9040002822876,14.19493122165758
3.59999990463257,7.637365942195882
3.11999988555908,46.170950098448905
23.7600002288818,68.04266090749888
1.00199997425079,0.32705133590735525
-126.648002624512,-96.83654363246595
2.64000010490417,7.280656811667839
56.4000015258789,38.63263726807464
31.7999992370605,20.90432852833164
3.98399996757507,12.106552318623717
0.180000007152557,5.720943328410831
6.20310020446777,6.973740164626322
27.8400001525879,33.15959937044494
13.5,12.434718113927785
1.44000005722046,13.611213179525926
22.3680000305176,12.54850677485472
11.5830001831055,6.037167077265774
-193.817993164063,-95.11906650309608
-91.9199981689453,-76.89909873529672
24.2199993133545,26.929400530948556
45.023998260498,14.729850305799483
-3.56100010871887,-4.358818354920569
4.17199993133545,7.724868287132658
-110.718002319336,-90.99298372139583
1.5,2.0526617448868096
17.0699996948242,7.681166184587293
2.50200009346008,0.6342329391919301
-21.6720008850098,-42.94200539166819
13.6800003051758,18.148341437096406
-261.335998535156,-220.4875359468913
15.2988004684448,14.986482421354888
-42.4637985229492,-41.33148812888476
18.4533996582031,18.76135476582494
-31.8840007781982,-32.94712982009973
-23.5480003356934,-19.173185443607856
1.81200003623962,19.856509111762207
-29.1240005493164,-46.8012205948026
-14.6400003433228,-28.64497807010818
78.120002746582,90.8214593358018
-358.992004394531,-260.72433105994105
11.6999998092651,38.54638409505806
11.25,4.559389580305767
30.4200000762939,23.38053912647591
60.6599998474121,85.34016215525888
3.68939995765686,5.680205975914122
3.26999998092651,2.450580489253
47.2799987792969,48.35436999966053
-16.8719997406006,-15.48618553797443
6.22079992294312,6.322363752419375
14.4354000091553,14.147780377049354
4.32000017166138,10.196798184082256
32.9360008239746,28.708543889457623
21.0128002166748,18.621097018373383
9.87839984893799,11.193405564516764
24.3299999237061,19.558540685154718
-7.19999980926514,-14.45883285525409
5.94000005722046,8.572998315725501
-65.4599990844727,-45.17869824197019
116.480003356934,77.8433492531474
14.2757997512817,13.53502692779634
-39.5999984741211,-66.48903245828564
1.375,2.1269649779941835
3.29999995231628,4.057648347680379
10.4399995803833,14.91674290727479
-126.407997131348,-180.27472425487753
-85.2480010986328,-121.66140514260843
-4.96799993515015,-8.176528182738208
-5.08199977874756,-8.177319200559115
13.0375003814697,6.551680292198824
4.15199995040894,-11.219074797411947
55.9360008239746,44.44361626714272
-5.14799976348877,-13.250034611583862
17.0400009155273,17.59691986494449
46.9799995422363,28.8409628609272
28.8575992584229,26.66736321781395
54.1800003051758,33.80996543125369
32.6045989990234,22.093123676490976
35.8199996948242,28.80745088415963
-20.7000007629395,22.860907479256596
3.48000001907349,10.219064247087525
-42.8819999694824,-29.146171211567967
131.22900390625,70.53769410538243
-6.51000022888184,-16.720873138483988
171.647994995117,69.95680299517275
29.7600002288818,23.947117132209748
3.89400005340576,19.744798858646227
-532.320007324219,-375.1256951813286
-17.6189994812012,18.164783337856967
6.11999988555908,7.314894975642961
-120.744003295898,-106.31649413760798
7.02239990234375,5.535924952961453
68.9630966186523,51.85713464654831
180.449996948242,97.39993206108434
-4.61999988555908,-6.031222425432687
10.5,41.87080640935659
-3.28800010681152,-12.133829678235037
20.0970001220703,14.572545399802207
-63.7680015563965,-32.4306138712571
39.3600006103516,31.29627972115209
-21.0209999084473,-5.3314906331409775
18.4200000762939,35.67751478040129
-25.6000003814697,-16.110455601263446
12.1800003051758,9.664316657204363
-170.207992553711,-72.58350332957144
-26.2560005187988,-13.219865853646304
1.12199997901917,1.162311873811439
181.919998168945,105.377639288095
11.7575998306274,8.011330182184691
6.58559989929199,7.215077660667864
13.8599996566772,25.27720067172087
9.0,10.701601424593656
12.1780004501343,7.858770282203606
5.03359985351563,4.688188778809219
9.18000030517578,14.767444214312905
-81.7679977416992,-39.57742973934695
-36.8279991149902,-2.8402419132488004
-40.5120010375977,-22.122962034062624
4.84000015258789,3.005187511186749
20.8719005584717,4.241501540751267
-18.6599998474121,-32.65002172718308
96.0,56.9272971049962
21.6599998474121,15.078022207416799
10.8809995651245,16.29299075811373
3.02999997138977,3.320775673274241
40.1040000915527,-2.8069047942161576
-10.289999961853,-58.059421252419774
-10.3680000305176,-28.499774334367494
18.8729991912842,26.275177991826958
-30.3719997406006,-18.8998861615349
21.6599998474121,18.21703721726363
9.56879997253418,9.394144490094556
-115.706001281738,-120.01854920627846
-4.64400005340576,-6.944913652024507
-4.48999977111816,-6.7748430966545286
7.32600021362305,6.511993746306914
-5.42999982833862,-16.223276204849178
2.22000002861023,7.29989672918746
1.81439995765686,2.0468539807930144
104.295997619629,-7.106726948725968
34.8199996948242,21.909785061085465
-19.6200008392334,-13.92993078230073
-3.67499995231628,-12.82524051084727
-4.97279977798462,-8.486436895833693
-6.56190013885498,-10.024338255496977
10.5120000839233,10.222686832130956
-16.2000007629395,-19.557572217912075
1.37160003185272,0.8983387201489593
-2.97000002861023,4.256549554038988
16.1567993164063,-2.4173534576546447
5.94000005722046,2.15194119151049
2.60999989509583,2.919823371070856
27.6800003051758,29.834953374605604
39.0299987792969,34.7255593286611
19.4099998474121,16.47173666188553
-66.7200012207031,-112.60015649464181
2.00880002975464,1.689877725606191
3.1800000667572,17.50121847537602
107.940002441406,57.64027326915433
-3.28800010681152,-50.133015082775195
-62.3791999816895,-43.00261309679612
-4.46099996566772,2.5259371354310205
66.2399978637695,43.11053909883772
27.0,22.363142350452506
-9.93000030517578,-10.757873381388443
6.74499988555908,2.4965486105433436
0.5,11.202709931414686
-4.32000017166138,-37.755637122237765
5.14079999923706,1.789017748165317
7.90000009536743,12.189438274147472
19.007999420166,2.862134912993898
58.265998840332,-2.685948490858112
-21.9479999542236,9.501491988681735
44.7000007629395,40.42608607608088
2.40000009536743,20.02368375226621
62.9063987731934,91.86562760165367
22.2000007629395,23.212793272598105
0.959999978542328,-22.263458154463017
40.7999992370605,25.61411657252797
-76.997200012207,-71.12124827797956
26.3279991149902,-3.4393011631563164
83.9400024414063,45.50785504666904
69.5400009155273,61.09655787520846
-27.5100002288818,-16.064777891134455
34.560001373291,32.45881519609789
66.7200012207031,40.25451056349433
123.300003051758,60.939659647958216
7.55999994277954,15.822711079302847
117.360000610352,97.20052411197805
2.25180006027222,4.647895542932107
15.75,9.701174256837103
159.630004882813,156.57918545319646
30.5820007324219,28.85128401149543
56.4000015258789,38.776835334307464
131.669998168945,79.22868815217318
11.1775999069214,13.820620553800042
10.0480003356934,15.353625690000918
0.0,29.49739399858251
3.20639991760254,4.540283290121455
24.8400001525879,10.390026095301025
-221.904006958008,-82.02509401282234
-21.7080001831055,-49.91713676961217
-36.9900016784668,-25.96730295228744
-69.4721984863281,-66.6271958863565
17.2800006866455,17.94966117009784
-26.4720001220703,-22.54343396545532
3.62879991531372,1.9663664216112255
161.820007324219,82.51859819037848
175.5,118.42801896713516
-14.1266002655029,11.89807777422537
-4.99200010299683,-25.044832885829543
27.2399997711182,15.267457076893178
-2.56800007820129,-5.049498661951339
-17.3880004882813,-9.622422682943064
73.9499969482422,79.21288159188596
29.2409992218018,39.343433877072776
39.9000015258789,0.2540911471015584
4.07999992370605,5.693808565450275
6.0,18.502142184219537
22.5900001525879,14.22647358242344
-6.28599977493286,-10.309731489285726
2.97000002861023,2.2808809057816695
69.4499969482422,83.41626782290214
3.11999988555908,32.75760979861331
41.2999992370605,49.25207541368397
73.6800003051758,43.98780220769788
10.7200002670288,13.389004896461
80.1600036621094,48.4054740649101
48.7200012207031,81.93327227533219
11.1000003814697,33.42960480551884
6.42000007629395,5.45878626113295
58.2400016784668,40.38473907642127
-9.60000038146973,1.4603689639678574
81.0899963378906,64.06130691531492
9.72000026702881,75.84133361650933
-4.2947998046875,-11.579309473538718
3.77999997138977,14.119974162281647
1.37999999523163,6.006000288468253
10.0799999237061,6.481533774006348
5.44320011138916,2.919491982967891
-11.625,-14.547474244387734
59.0040016174316,18.18774124375247
2.84400010108948,-3.754301905066132
-11.6099996566772,46.70314801450317
88.6139984130859,39.583115803352996
38.3959999084473,25.411093125660265
-8.25599956512451,-3.4272543953896504
-2.54399991035461,-2.9063478127155165
-63.1800003051758,-21.040001924650937
3.19600009918213,20.896399862454807
15.5903997421265,2.7190948572665885
160.440002441406,92.75919348773768
16.1837997436523,10.804093293694724
1.35899996757507,12.975697774363013
-29.4368000030518,7.015909248598294
-3.2720000743866,1.8328326803923656
23.9899997711182,16.141149840191026
-29.9039993286133,-20.462600845907424
0.606000006198883,3.5772490057902213
9.0,7.144794111642923
-4.01999998092651,-10.600682529912762
0.419999986886978,-5.437109605951158
-74.6640014648438,-249.0580735356311
5.44320011138916,3.614252208823663
63.0299987792969,28.491111666611367
-202.880004882813,-120.49418477259842
-11.1960000991821,-8.06124899182379
-2.70000004768372,1.742787000791829
-13.0620002746582,-8.802060208131818
44.7299995422363,31.88362168503958
49.7639999389648,-181.79865276748797
19.3199996948242,11.18032880183924
38.2229995727539,15.781790390222415
41.3250007629395,22.388458068247182
34.9049987792969,51.9025068636768
40.5,19.467695104771373
35.7599983215332,25.899525031480408
-382.855987548828,-291.74392414509384
3.42000007629395,2.4802836474207517
10.3071002960205,10.69211704235516
-15.6239995956421,-19.51318656224192
0.899999976158142,10.441480415831137
16.3799991607666,13.051826527583465
86.6399993896484,53.79305383131611
56.7299995422363,33.551146229092396
0.216000005602837,-4.621399720603311
26.8397998809814,0.6376588179965545
18.4547996520996,11.955913664366681
-15.6155996322632,-19.64814235139263
-13.8839998245239,20.261679342047195
85.1999969482422,125.72402121185421
79.879997253418,38.807621219636346
-30.9869995117188,65.87791909101405
37.2599983215332,16.095423804507085
-9.89400005340576,-16.533010195312656
12.3999996185303,35.30875159797189
21.0279998779297,-50.67698649327828
21.6599998474121,21.54433702795877
33.3600006103516,32.4547233767876
-22.4489994049072,-24.59240718650981
-2.70000004768372,2.5916179177101926
0.599799990653992,4.698113165869131
40.5,80.74795321551143
-55.2480010986328,-97.73831879415567
1.50080001354218,0.46451516919256264
104.124000549316,50.20409063826442
44.3400001525879,22.85469574015702
6.84000015258789,41.97532288700801
2.55999994277954,5.288334696382844
12.4200000762939,25.054962912462727
15.4200000762939,24.580239308393132
15.1199998855591,7.706496136478778
14.6400003433228,15.502405555904671
20.7719993591309,13.264736456393866
19.5300006866455,14.790267660737966
65.8509979248047,139.02900332547327
7.98000001907349,5.668688406670276
48.7799987792969,20.478546929283503
11.6999998092651,23.11576367909084
-10.1639995574951,-0.10916949580938856
12.3101997375488,93.33522335791933
3.81680011749268,2.9860296311646044
34.0200004577637,37.77641056049159
17.6000003814697,15.170644800145757
-14.8599996566772,5.598387704889199
32.1599998474121,22.640409107782887
65.3000030517578,55.12273755330525
35.6399993896484,36.331248358016076
3.03419995307922,5.814107629748485
0.407400012016296,11.510456874594555
-45.0480003356934,1.0027793631347894
21.2399997711182,29.9012454056574
45.5699996948242,33.36262847558885
4.96000003814697,18.634255930750427
-52.4160003662109,-57.74112323718429
2.27999997138977,5.6407162394072365
18.4599990844727,26.448558405283173
2.8199999332428,13.963860328178518
8.02700042724609,9.174941575773563
3.28320002555847,2.4754786246783302
21.9120006561279,6.430194252106787
1.59599995613098,7.734786353019307
1.25999999046326,3.9369346819832227
7.07999992370605,8.325394410585027
8.01900005340576,8.41681220441289
9.39060020446777,10.398215897908146
32.3400001525879,15.200628629082617
34.1599998474121,19.94828811127755
-7.58400011062622,-21.367144575096475
12.6468000411987,12.450928542141881
9.3125,6.408535591774753
6.71159982681274,9.468795028370277
-0.660000026226044,-7.696030218534417
21.0359992980957,20.08437358608969
9.86999988555908,13.528823872620169
0.722800016403198,2.5508822550458334
13.8599996566772,24.697636653465075
-26.2350006103516,-42.68227671560745
29.3850002288818,18.528296220276445
-10.8760004043579,-6.138851673345559
-5.46000003814697,-14.55995299366795
35.9819984436035,26.391638577171584
128.25,114.89701637334876
196.613006591797,167.1007047426122
0.0,19.65227002913835
12.1800003051758,12.087035261805429
11.4899997711182,2.1538467455125847
40.7999992370605,49.581786831339215
16.9200000762939,20.006454122922037
12.2639999389648,-33.250267293628916
67.9680023193359,32.89742073238533
-3.21600008010864,-6.184504282766231
-14.543999671936,-19.74993198780095
8.63099956512451,7.030109670586609
34.9930000305176,28.866674690714866
103.680000305176,93.32120364495276
-3.9300000667572,15.37240718937685
-33.6360015869141,-46.31027239560578
10.8299999237061,9.242918792826993
-28.967399597168,8.90924895621166
26.9729995727539,7.652733840034902
14.2799997329712,5.582015785019828
92.2799987792969,48.44324328325187
9.54599952697754,33.506348995058204
-14.4784002304077,30.995134890780903
3.05999994277954,10.69569320219467
19.3199996948242,13.164338585768062
59.4599990844727,59.11850916197357
2.22000002861023,10.465737417538307
33.2999992370605,24.630681473891435
14.3100004196167,9.08737498200431
10.3649997711182,4.56213155285471
22.235200881958,22.897104008965186
5.91750001907349,2.6952072481357217
-27.8400001525879,-20.701309879869413
31.8400001525879,97.01282837165678
-6.3600001335144,-11.560880808810875
1.10000002384186,4.482605687665277
-36.1115989685059,-54.52923736046367
16.6788005828857,14.878835403038345
7.46999979019165,4.994217814080382
14.1599998474121,8.36105490147722
20.988000869751,21.764479504997624
-22.5450000762939,-17.621880516149083
137.160003662109,73.15170479450084
20.2985992431641,12.123001302624841
-11.039999961853,-8.218105515463897
-89.1449966430664,-62.49741877702386
-32.3199996948242,-45.43352276933306
27.8819999694824,23.559885750583987
-67.8509979248047,11.879727305912535
21.7199993133545,11.472887530683643
145.800003051758,104.13544675539127
4.53599977493286,57.384105080150334
4.92000007629395,66.80992361235297
11.9099998474121,8.595466577855518
31.7600002288818,33.60106993189103
22.2360000610352,9.38836163112389
21.0300006866455,8.100923373827165
14.6770000457764,14.444268999577938
-5.21500015258789,-5.481773176880664
35.4599990844727,29.260051900060105
1.70239996910095,1.3250229550743804
5.97779989242554,6.67216957215347
28.7639999389648,9.206099116197022
1.57679998874664,-0.0531802253873693
23.9687995910645,24.110566441595587
64.6740036010742,22.99235509791847
-15.2449998855591,14.934216619784493
-3.56399989128113,-4.682479865011563
-1.98720002174377,2.0219078876829375
1.90240001678467,3.321332015057758
4.24079990386963,1.8171842068940542
-197.315994262695,-303.76588593667196
3.44959998130798,1.8393380410473423
-5.57399988174438,-16.819341742641846
62.1375999450684,36.910780691598454
-3.23099994659424,12.492401270834947
0.838199973106384,-0.3613665487782738
11.2751998901367,7.801892551162175
-112.374000549316,-77.44577932536117
12.7799997329712,11.681428775199866
4.32000017166138,11.817472798849789
-15.1440000534058,-0.10508796610094245
-4.73999977111816,-12.038500732769723
4.38000011444092,2.9312537777159755
9.96000003814697,85.38988418452462
-33.2999992370605,-30.778724714949014
22.8096008300781,22.73864982640964
-25.8239994049072,-27.791649622277973
-41.2560005187988,-53.23223191635113
8.21560001373291,6.926855650015107
11.6400003433228,35.385584560514765
28.511999130249,-1.8652584735149031
2.38800001144409,1.70956980123371
-2.17799997329712,-7.305018795675742
-13.7700004577637,-10.272682863432408
-48.470401763916,-12.34964289472584
2.16000008583069,4.315737546614472
17.2548007965088,60.325066565652314
180.960006713867,127.0884877774181
39.3600006103516,31.91302916874872
-58.4459991455078,-61.85118589107915
-2.32760000228882,-5.5914766988162
-3.60240006446838,-6.476754618173719
-22.1280002593994,-20.082032542870763
3.88800001144409,4.3043347616392005
-14.6040000915527,-11.375645885704271
45.7200012207031,57.814565461714615
-9.09039974212646,0.21715996980189695
2.88000011444092,46.0853822243587
89.9548034667969,42.35386455250915
6.23999977111816,14.075414164060806
12.0,32.76365436548679
27.5799999237061,49.19775185090788
15.75,30.330224457766427
9.4399995803833,-33.28864584653005
50.0519981384277,24.737490883660243
-0.819000005722046,10.180092680775362
6.75780010223389,-1.780844132958704
17.7000007629395,20.691835933542613
8.44499969482422,6.350474474296856
7.10099983215332,29.44663763447423
95.7389984130859,44.648083782285994
30.6900005340576,12.602639842895625
1.28400003910065,4.715584083442742
3.07739996910095,3.812501867512544
8.92199993133545,15.642085344634303
10.1999998092651,3.6282148614751795
9.30000019073486,18.513256423150807
2.2260000705719,4.752067728238085
9.65999984741211,8.51356783831847
4.45499992370605,2.7385258136899964
13.8683996200562,6.118869117194481
40.1702003479004,31.96002647403376
-34.3919982910156,-54.740795984810084
3.46860003471375,4.525951474088849
129.059997558594,77.66335811318498
26.3999996185303,16.1349169520242
34.3800010681152,18.757376909241174
-20.5020008087158,62.821187071690524
8.57219982147217,7.396680741518216
0.582799971103668,1.3462321085400395
12.7746000289917,9.58893773092842
2.46000003814697,3.978612678917753
112.463996887207,25.77072698085187
-15.8280000686646,-21.11348571184336
-25.4519996643066,-21.482976152407858
14.7600002288818,6.190034694246968
6.23999977111816,7.14473111698906
59.9980010986328,33.62969975106025
10.0080003738403,-25.675695936854794
29.5739994049072,8.955268025797768
3.05579996109009,4.063626241288857
4.23920011520386,25.78458194439211
9.93599987030029,9.447485087342017
6.0479998588562,7.917122567366611
47.7000007629395,28.609687201084384
-2.16000008583069,-5.867245419695522
-47.5439987182617,-38.479570114498884
-27.6959991455078,69.28114677673292
-10.5600004196167,-21.57800114123075
14.16100025177,14.142968986187306
16.0200004577637,65.02253388312548
13.8800001144409,7.044882511167197
-7.97399997711182,-17.258376839838824
10.8039999008179,-6.487378661674365
11.0279998779297,-27.480965309883878
-12.2639999389648,-7.123251572245058
-10.9200000762939,-17.621515376959152
-69.0899963378906,-39.770761750223045
-10.3500003814697,-21.28256093182941
3.43680000305176,3.8340171631067417
-73.8000030517578,-46.086363844224095
-131.119995117188,-88.67552961273412
19.7600002288818,1.9271138659467653
10.5600004196167,8.293774672514031
1.29999995231628,1.061303701983925
5.09219980239868,5.8860654713704985
-9.58800029754639,-15.407341705018595
8.98299980163574,107.17040064405884
-6.72300004959106,-8.814595537334885
21.0653991699219,21.89934975699496
31.4916000366211,24.415177780594036
2.14000010490417,2.032583710377069
-1.36080002784729,1.5777854114879795
3.77430009841919,2.5356363183378843
107.599998474121,63.452665944610246
-13.6831998825073,-11.654440900765502
66.1800003051758,34.12505292042864
18.8999996185303,56.35193347828579
-3.26399993896484,-16.103114141678624
13.6499996185303,54.70713464496462
52.6879997253418,41.720999001303454
0.0,36.12399353100184
80.6315994262695,73.28747982672368
15.960000038147,52.504278051952966
5.40000009536743,14.243534418533962
1.91999995708466,42.08811744553205
6.55200004577637,4.099306499058743
8.27999973297119,6.6006150942613795
30.8400001525879,22.045333425325033
4.41739988327026,5.330974648148334
6.59999990463257,18.11967749005167
-2.75519990921021,-3.3069497634941523
6.36840009689331,2.4051522692087066
3.42000007629395,2.441555856545005
12.9359998703003,18.056362528663662
21.1499996185303,12.419072505035336
4.76000022888184,8.689236486187463
1.55480003356934,2.769301514201073
2.88000011444092,-26.145945533019585
-6.88000011444092,-9.565200383691716
89.4599990844727,81.97886819099631
16.7360000610352,18.68643217620422
0.839999973773956,19.992337641951337
34.0499992370605,80.06358884623506
108.599998474121,73.8190508742195
-156.257995605469,-75.36246862065873
2.84400010108948,-31.210155270689945
64.6500015258789,47.53653255465391
4.38000011444092,14.538820615797993
3.42000007629395,3.8919647210255093
-30.6539993286133,3.92209812954484
-33.3359985351563,-17.246187923555425
5.5991997718811,4.094199624881066
24.4979991912842,23.638845405097044
66.5640029907227,41.47030137218757
0.360000014305115,11.926330877606432
8.77099990844727,9.308993522502588
-0.921000003814697,-3.0813635388655105
6.42000007629395,7.631062940808179
40.7999992370605,41.69751794205634
19.793399810791,4.151950517746882
-10.0349998474121,-10.778991185207742
2.25119996070862,2.8910867298923937
91.1999969482422,61.97659906481681
14.3951997756958,2.379302085522874
4.05719995498657,4.78235190155508
17.6399993896484,14.346239953421664
73.6999969482422,106.67682043136698
5.69999980926514,12.52245600706515
3.24000000953674,6.39449874204838
6.71999979019165,30.79053170907911
19.3199996948242,14.219678541627335
93.4400024414063,63.32730628792848
37.560001373291,29.225256152131116
7.25759983062744,5.6416929494798165
5.91359996795654,7.664652699146929
12.6000003814697,39.63844082992973
0.0,60.501081301066144
9.19999980926514,7.340853501436856
38.2799987792969,35.74899135921859
8.16600036621094,6.413328419145884
8.27820014953613,4.240666539817033
10.0920000076294,4.370233554200064
88.1100006103516,58.97857233031698
131.354995727539,112.29671238127868
33.9388008117676,27.45736026271929
15.2901000976563,9.571032101961176
3.11039996147156,3.7153707724862786
61.3824005126953,52.29461465597099
-10.3599996566772,-19.3542342053929
7.91879987716675,6.283435255529185
8.9399995803833,5.0532617659642165
-5.30399990081787,-7.7110269335573
2.25,8.27394991493859
34.6800003051758,24.119880999861813
5.01599979400635,-53.99428861000514
56.9244995117188,46.16892978903233
6.22440004348755,8.005895956674832
6.63299989700317,7.603781758366034
129.119995117188,77.0643368079678
78.4349975585938,34.36097699171777
-7.39964008331299,-31.832769063842797
14.5,15.663237703307106
15.0,10.246154022862656
9.96520042419434,5.054533757587602
23.1299991607666,28.886789107755675
2.16000008583069,3.3734385818247823
12.3579998016357,11.772932309971054
94.5599975585938,118.85085278586969
-3.50699996948242,20.791943092998793
1.62000000476837,12.567712772188637
19.4687995910645,19.138468980118084
-6.42000007629395,-27.963323601061013
13.9799995422363,7.279627611283406
11.2503995895386,10.413751647352433
4.01999998092651,8.487478482400823
23.2259998321533,18.64186017981526
2.18400001525879,6.23842373493384
4.33720016479492,17.45438696344202
134.332992553711,85.90718939129047
140.910003662109,98.85188732783406
16.3199996948242,11.551596358024952
5.48999977111816,8.004984976289498
17.1678009033203,20.237300734204247
4.65000009536743,20.407740257282875
7.52839994430542,10.475787664619068
36.8245010375977,26.150176385129406
7.31319999694824,6.683977081008181
15.4751996994019,17.7789141555891
9.48149967193604,9.27895887730231
15.0299997329712,7.347225439018471
3.11039996147156,3.907036092120557
10.8809995651245,13.747503091310875
8.64000034332275,6.383414614165387
7.02269983291626,8.515774566678552
17.3339996337891,19.33885585233616
-71.1360015869141,-55.82564687813932
-17.7600002288818,-18.818787193618185
4.11509990692139,3.786517027349126
-35.9039993286133,-110.93868067985872
1.44000005722046,1.8061665005786665
18.7199993133545,11.290913798020968
-5.03700017929077,-6.392571114733721
-7.47599983215332,-7.983873201660019
24.5400009155273,28.44620339978426
23.9983997344971,16.18559222291036
27.7182006835938,21.2792005870875
6.78000020980835,4.018258878999672
-9.09000015258789,-7.789010916687247
55.6800003051758,59.778191902772136
6.23999977111816,4.8156598735264975
-7.87200021743774,-12.814438609703247
7.25759983062744,3.7553676542021304
-8.99639987945557,1.1916917162935219
23.9200000762939,13.70415667474885
2.19600009918213,-12.153526282294639
-338.940002441406,-164.8946830509768
-161.111999511719,-122.43364191925917
8.48880004882813,9.814508121572944
2.32200002670288,2.363730908579564
-10.3920001983643,-24.689022972421206
-23.8740005493164,-18.96418831966549
3.35240006446838,2.7247526547860983
30.5400009155273,43.29226425941665
105.300003051758,122.21104175120043
3.66599988937378,2.2476103797608573
23.7119998931885,10.226303535297387
9.0383996963501,5.264112236746246
0.800000011920929,5.049572660786008
-8.39599990844727,-9.917538124969242
88.0739974975586,48.786030659732376
48.2879981994629,47.09678073024682
-197.574996948242,-124.97993201049489
102.185997009277,82.89205189423151
10.0530004501343,5.228455175989249
-240.783996582031,-179.97024642024834
-145.679992675781,-103.90451929902065
-419.652008056641,-435.0095894276552
97.0783996582031,74.14050704896847
129.960006713867,85.21880855727267
106.004997253418,27.131505520740177
63.984001159668,54.63076316485673
18.9899997711182,32.5442717362722
2.27999997138977,5.155873346102045
3.85199999809265,2.6433958223246408
30.6000003814697,73.68205632533244
0.599799990653992,3.1234733112515993
12.539999961853,13.867345060753923
13.6440000534058,10.877533192551121
6.22079992294312,6.714501805213431
33.5887985229492,39.167865850093555
29.9640007019043,14.807622254853502
5.20260000228882,2.9780193478991825
-30.3419990539551,28.71567268093458
0.0,8.19085197395173
9.02999973297119,8.542793004530862
34.2000007629395,25.78222444052645
21.7514991760254,36.85640560886947
-6.53999996185303,-66.3781918405799
4.30000019073486,17.178919275227678
27.0599994659424,11.753268308241992
36.810001373291,100.82885197423239
36.0,22.9072596711207
8.39999961853027,74.40792762847418
2.93720006942749,11.35483505383861
-55.6080017089844,-44.025598279000086
-13.3176002502441,-13.751260318562386
8.86200046539307,10.105914781158686
11.7360000610352,19.066585768943334
-13.6440000534058,-37.391165942989396
17.7000007629395,12.760532822229594
6.11999988555908,54.852851201310266
71.25,56.037115489806666
3.42000007629395,4.579737398067713
14.3999996185303,14.723547764714693
51.984001159668,23.783549107252114
-1.23199999332428,-4.928756927116127
6.15000009536743,16.106568609479844
20.8500003814697,18.247160905050137
23.3840007781982,21.008124097991107
2.93479990959167,3.4088452743129984
7.50400018692017,1.2976625340812773
45.689998626709,118.60589946378637
-95.822998046875,-0.4136790651946153
143.302993774414,90.4110468166902
2.04800009727478,2.250639753703178
10.5600004196167,7.950845187514342
24.0599994659424,19.951992070279765
70.1999969482422,43.81625674717218
3.11039996147156,3.6454790695698596
6.42000007629395,7.037619266195132
-75.5640029907227,-66.91524503727358
19.9200000762939,37.45775699965223
-100.919998168945,-87.8533237694739
-86.3664016723633,8.666005361406285
23.0965003967285,15.553656238408726
-1.49880003929138,2.9647776880131045
17.3600006103516,9.443691484058096
-53.7919998168945,-98.68657833709554
14.4096002578735,-0.8700649430925849
-3.43199992179871,-6.144054898653165
31.2735996246338,18.041367101485633
16.1868000030518,12.827388291545766
-135.936004638672,-111.17435302930102
70.0800018310547,40.39377250067475
-9.17879962921143,-12.100659162890937
10.8864002227783,7.8327202899546045
47.9599990844727,17.95231580070279
47.8440017700195,28.65689356657097
8.0600004196167,2.6115822162165454
-59.0570983886719,-64.60829816400965
63.2799987792969,33.41739672458085
-0.0299999993294477,-9.44863655838948
-48.3919982910156,-58.12507513068626
28.6578006744385,15.869996937276158
18.6093006134033,16.69094794644115
31.3799991607666,27.701233979711027
39.4000015258789,41.846652574727244
58.4962005615234,42.14670731794362
12.0,14.425242879229533
131.100006103516,70.12182657636549
0.688000023365021,-21.233701297587345
8.03999996185303,7.841921887290938
74.2799987792969,42.5139597626817
7.61999988555908,8.931528568528604
3.74079990386963,2.1244572206323267
41.0400009155273,49.15732700500929
11.9399995803833,11.290742747705853
4.94999980926514,4.999470737432972
2.33999991416931,4.3672709605587645
16.4699993133545,8.386394446477622
16.8544006347656,9.018104887717033
12.4902000427246,12.617326743266984
1.79999995231628,25.64741301069089
-111.624000549316,-77.51004012842786
31.2831993103027,20.352269203826175
11.7600002288818,10.936691943603075
35.2799987792969,27.177939894404318
8.92080020904541,7.43689348904169
162.839004516602,83.48759615285701
2.21399998664856,3.940491555607113
10.6590003967285,7.622262052947517
226.800003051758,152.206051431169
81.0474014282227,97.43408931545464
57.4113006591797,51.97780878533282
-35.5211982727051,-35.60134574968313
73.4100036621094,53.05073833660942
1.77390003204346,4.1800198872894505
-93.3262023925781,-92.02002125816881
40.312801361084,45.108268471513064
-44.2350006103516,-0.2646682136751077
-7.11899995803833,1.9231318598541327
5.59999990463257,1.944501783124832
2.51999998092651,7.656192954338287
11.206000328064,15.917971930757933
-44.1749992370605,-18.834029146174217
7.7039999961853,9.376049687616485
1.47000002861023,19.966404892331646
37.5624008178711,31.28350888325629
217.64599609375,111.5637500429252
132.990005493164,138.88690416651133
1.3400000333786,3.880604626777886
2.83400011062622,3.202387706145712
6.55200004577637,4.067893283342675
1.55999994277954,18.629378387791625
-2.95659995079041,0.9741597946875632
18.3299999237061,10.006979426678338
0.660000026226044,3.8650133168752134
83.6880035400391,39.68786163486849
4.24200010299683,4.938028529369759
2.13000011444092,3.7444175637792867
2.24000000953674,10.098908906360563
3.44000005722046,5.08364480319003
1.5,4.629306102237074
4.59999990463257,19.756230550337484
3.76419997215271,4.377898359432153
45.060001373291,36.595203396580004
6.07999992370605,4.650302074484488
4.11479997634888,3.487949576995709
3.46199989318848,5.886285105938828
12.4799995422363,10.936622628386106
38.0800018310547,64.10603519277302
48.3600006103516,38.1510721655022
0.879999995231628,5.174443222347605
46.2249984741211,20.31336579351953
-207.011993408203,-218.7484020044705
37.0,30.56679224679693
-38.0999984741211,-32.64797315021551
18.1599998474121,8.624035774357216
4.14480018615723,2.7563010496008564
6.46799993515015,7.507177123084841
12.5989999771118,12.459613287102105
2.7260000705719,6.41353140949597
9.07199954986572,11.813242179513155
6.42000007629395,4.907057494618076
54.1199989318848,58.36417859997531
-27.3419990539551,-54.36319746406879
-0.828000009059906,-9.780698859066
21.2999992370605,73.10434812171718
18.6000003814697,12.859877506831591
50.0999984741211,73.04833507048832
-2.69970011711121,6.9140521007938105
31.7999992370605,18.953915489882462
3.94740009307861,3.5765425477572883
38.1599998474121,20.23176189459256
-15.0875997543335,-14.173151510723377
204.899993896484,132.89805298935713
-32.226001739502,-26.15287559702871
4.28039979934692,6.462816913179592
-80.4660034179688,-66.5163017769102
-23.8950004577637,-18.02709931261736
-24.4139995574951,-19.42092256723697
-6.82200002670288,-10.3022375352883
5.86959981918335,6.095802615349671
-8.78400039672852,-20.88565452290966
-356.664001464844,-291.3830209736243
-18.1919994354248,-29.07306307284899
13.4799995422363,10.958002694154025
-9.3120002746582,-32.4703350939942
4.44000005722046,12.635133532802351
-63.5850982666016,-113.16300603269043
9.0600004196167,4.772708368002232
4.51200008392334,-0.5427203463551586
-15.4160003662109,-15.634369624763817
3.77999997138977,14.804970187178009
27.4855995178223,28.26605186902365
31.0445995330811,93.029239908079
122.940002441406,61.21979832117511
-46.7970008850098,-69.61585775871939
-14.9736003875732,-15.627478412532154
41.021598815918,32.04672263202582
0.0,-30.616239569525078
11.2229995727539,8.890354998630805
14.1700000762939,14.495158745316019
22.153600692749,22.264891313689347
-7.82250022888184,-10.864267629978578
-25.2185001373291,-26.000261459751357
6.25500011444092,7.8283863284950925
17.3148002624512,14.598870759752813
33.3899993896484,23.72712447755972
12.2327995300293,21.85838614189219
12.5459995269775,19.270488795642954
-20.6963996887207,30.128368600978746
10.3500003814697,15.131963427096274
-79.4879989624023,-97.18403565707948
-14.6879997253418,5.201851888193142
-4.83920001983643,41.91095771682951
18.4200000762939,13.592966115958518
68.7600021362305,69.2368676324661
3.42000007629395,3.8433614769617432
9.70380020141602,5.812233656534846
-81.7950973510742,-84.8575131431784
0.300000011920929,7.0374621305751885
2.28600001335144,2.3642937122579077
33.8400001525879,38.83019480064196
-8.67199993133545,-8.39339417708466
4.32000017166138,33.62221837021983
1.91999995708466,13.412795644129782
2.95679998397827,4.2890115635795825
20.8799991607666,17.09225495434969
-9.30000019073486,-9.825425495954205
20.1207008361816,17.206847048246267
3.59999990463257,16.371385256196945
6.22079992294312,6.392031080282914
5.75939989089966,6.275787072275354
7.38719987869263,11.05165505137484
3.55290007591248,1.4052330475085166
45.3488006591797,43.78376602716944
-2.91799998283386,1.7072194045247837
15.3887996673584,13.301910252596834
14.7581996917725,8.04932994727277
4.31759977340698,-8.332561377096571
31.4699993133545,12.819326018024412
-559.356018066406,-304.6355830744117
28.3094997406006,31.697037751563336
23.6529006958008,18.557036039426826
4.11250019073486,1.8867011436141683
-22.9479999542236,-34.99976942025733
-4.81799983978271,-5.279548468732601
-4.2480001449585,-6.0418352369676915
109.611000061035,96.63945578366847
-14.539999961853,-13.041751321074464
-533.731994628906,-354.4370691989533
-14.5763998031616,2.6068096076571736
-6.50759983062744,-10.221112314601713
8.47360038757324,1.0488428134169245
15.6000003814697,11.09085774672496
5.77799987792969,29.68020208578959
9.66320037841797,8.868511379681074
9.96000003814697,4.39190468644693
1.24800002574921,5.320567596933182
64.0,92.06175857108418
111.774002075195,114.49978290708196
