y_true,y_predict
8.90999984741211,11.467116
0.449999988079071,4.8015537
2.54999995231628,2.0712454
-38.8139991760254,-34.557068
0.0,21.87886
39.2999992370605,23.01111
5.21640014648438,4.614379
6.56879997253418,8.337219
38.023998260498,22.090563
22.7999992370605,12.342056
41.2620010375977,18.533573
13.7861995697021,6.851511
41.6399993896484,24.464212
6.17999982833862,24.8233
16.6200008392334,15.838848
26.0568008422852,20.59157
0.0,9.824336
0.990000009536743,11.757708
-14.378999710083,11.678849
27.3167991638184,23.439207
17.3376007080078,14.227736
-10.2600002288818,-10.377131
-57.9599990844727,-66.34087
-14.0928001403809,-14.237715
-26.7329998016357,-33.20376
142.080001831055,107.36899
-0.675000011920929,4.090801
78.9599990844727,98.10294
15.2639999389648,7.2893577
85.1999969482422,127.17457
164.996994018555,48.78557
30.7859992980957,12.935734
41.2019996643066,23.834162
12.0600004196167,9.959484
28.0799999237061,19.522135
61.6199989318848,78.559425
39.9599990844727,23.388985
2.30999994277954,-20.143877
74.9749984741211,79.42381
-45.9953994750977,-46.057926
128.160003662109,56.766117
0.239999994635582,3.8858545
3.67840003967285,2.71438
53.0438995361328,53.019215
-3.97199988365173,-3.2938921
6.09999990463257,13.804659
5.46000003814697,6.6815333
-75.5719985961914,-48.24061
-35.6720008850098,-25.836895
1.66799998283386,13.120103
-87.7360000610352,-98.15997
31.085599899292,18.906572
24.9599990844727,15.062243
-4.36800003051758,-8.578317
-33.1040000915527,-67.92956
13.7427997589111,10.98297
6.79150009155273,5.910637
25.1200008392334,61.88945
-132.52799987793,-165.17282
73.3679962158203,33.377182
4.92000007629395,13.748208
146.339996337891,72.421326
-266.183990478516,-226.8566
131.580001831055,24.444029
35.7000007629395,20.948559
-27.5400009155273,-16.028912
11.6999998092651,9.412525
4.38000011444092,3.435178
-2.03999996185303,-5.6836395
1.5,3.1858354
16.3799991607666,67.91585
7.66800022125244,9.431729
2.66400003433228,8.772812
-19.6650009155273,31.952534
19.4220008850098,12.646758
33.9000015258789,84.66457
-17.7119998931885,-8.54708
32.6627998352051,-7.0631914
8.85599994659424,63.856686
20.0851001739502,19.801407
1.86880004405975,2.1359355
2.93720006942749,12.365532
68.9759979248047,53.890766
1.19700002670288,4.042294
3.24000000953674,13.827126
18.2112007141113,17.311663
24.8199996948242,-84.502205
-306.600006103516,-261.9328
49.5,23.548416
29.9699993133545,16.905085
3.11039996147156,6.7465653
115.185997009277,78.33477
10.3472995758057,52.62422
66.073600769043,59.47326
11.8800001144409,16.05314
7.67999982833862,25.754665
3.18400001525879,-6.831906
-139.608001708984,-68.06243
73.3499984741211,98.62444
38.2200012207031,23.548416
0.449999988079071,3.75202
1.20000004768372,32.70831
73.4400024414063,64.62844
126.120002746582,62.231518
1.08000004291534,2.4613438
31.0200004577637,40.327034
0.933600008487701,28.616642
5.06879997253418,7.7031
1.72479999065399,2.6475892
-176.544006347656,-77.73721
10.0200004577637,15.533333
-229.195999145508,-68.91868
7.60500001907349,11.273782
8.86079978942871,9.372523
3.96000003814697,5.7359376
4.13880014419556,-3.227209
53.9819984436035,50.266953
4.32000017166138,6.632793
65.1284027099609,55.314236
35.0973014831543,87.56955
0.0,75.53052
17.1000003814697,27.8253
8.45639991760254,9.529015
-18.3600006103516,-9.820357
4.1399998664856,17.663872
27.2411994934082,21.690834
-6.80000019073486,-10.604198
8.27999973297119,134.17023
26.7199993133545,16.914413
3.69000005722046,8.012961
56.742000579834,25.352404
-1.31040000915527,-1.5184944
83.450798034668,33.849407
-8.59739971160889,-5.4663825
10.7639999389648,11.871926
7.47520017623901,9.318031
-15.2639999389648,-7.28849
13.1999998092651,7.292378
5.22720003128052,8.434449
8.32680034637451,3.1672454
0.360000014305115,13.04835
5.88000011444092,7.542604
3.45000004768372,2.4516277
2.09999990463257,6.421449
8.82750034332275,10.007624
-12.0064001083374,-11.426184
36.3600006103516,38.1912
17.2199993133545,8.609758
19.5300006866455,10.1461525
17.7299995422363,11.166807
-45.0419998168945,-72.2006
136.080001831055,108.14427
5.48400020599365,8.055898
18.6840000152588,15.533096
55.0800018310547,74.87163
19.7999992370605,43.408512
6.21736001968384,-73.006714
42.8400001525879,127.78736
19.5300006866455,13.230056
6.59999990463257,9.011699
3.21000003814697,1.2752393
-20.2800006866455,-15.52206
17.5200004577637,22.248606
10.1999998092651,33.775093
8.81999969482422,10.659749
-24.0319995880127,-10.652165
32.6399993896484,27.016602
-3.28800010681152,-5.1585503
0.540000021457672,7.5321198
3.92479991912842,2.5710547
71.4599990844727,35.68332
-24.1919994354248,-12.89721
43.6800003051758,26.089745
11.4079999923706,18.67663
33.1199989318848,47.09432
29.9808006286621,32.805416
48.9000015258789,23.587702
0.479999989271164,7.2329254
18.4799995422363,10.183331
96.4160003662109,61.359303
4.00400018692017,2.4658048
30.5400009155273,37.788456
-24.9683990478516,-44.00545
35.8800010681152,22.004608
128.729995727539,90.15772
6.11999988555908,3.6937864
19.6919994354248,43.723186
79.7580032348633,73.95518
6.79659986495972,7.671799
1.57599997520447,4.9538336
31.7000007629395,21.95561
48.9645004272461,56.215347
18.6623992919922,16.669056
50.5632019042969,57.34974
14.2200002670288,9.53072
74.3399963378906,42.356197
4.23360013961792,4.1031246
14.9040002822876,11.28496
12.4680004119873,5.129217
14.2200002670288,34.47495
3.05999994277954,10.669462
1.28519999980927,-8.307222
-12.4320001602173,-14.666406
37.3499984741211,33.777996
-9.71759986877441,-49.68852
3.96000003814697,15.563702
4.61999988555908,15.116721
-82.2959976196289,-51.96188
2.67899990081787,3.2720106
2.19000005722046,2.7659867
75.9924011230469,54.468666
20.0599994659424,35.78082
9.74380016326904,8.846675
2.48000001907349,6.7301035
8.5600004196167,5.153557
22.6800003051758,15.954797
5.3600001335144,3.4572368
1.47420001029968,3.1179223
13.5200004577637,54.519745
-69.75,-52.53177
-1.01999998092651,-2.3507667
-83.879997253418,-52.557888
-7.19999980926514,-4.714666
24.6240005493164,21.660906
-0.330000013113022,0.509935
0.360000014305115,5.304215
29.8199996948242,16.953508
3.77999997138977,6.9682045
-2.00160002708435,-1.4103944
60.8832015991211,39.944546
5.53410005569458,4.3184257
24.4699993133545,21.3036
5.44320011138916,6.41909
4.01999998092651,7.1501513
53.5499992370605,36.605118
-22.9799995422363,-23.85147
-308.496002197266,-186.18336
2.29500007629395,2.8953948
5.95499992370605,4.083636
-2.91599988937378,-37.799397
-20.8619995117188,-15.8908615
18.9599990844727,15.559106
6.51200008392334,6.7781897
194.399993896484,41.110943
28.7099990844727,15.914848
102.944000244141,105.959595
20.5799999237061,36.887226
105.980003356934,132.84245
-19.6319999694824,-31.434982
-2.68799996376038,-5.6645746
2.75999999046326,32.367554
41.7060012817383,30.550442
57.2400016784668,54.26022
2.8199999332428,3.3373117
30.5088005065918,31.898983
59.4355010986328,32.341297
0.0,10.50241
8.57999992370605,25.872694
25.2000007629395,26.517712
3.24000000953674,6.9767976
10.7964000701904,19.327074
-27.0960006713867,-51.16092
3.26999998092651,7.2860036
10.8135995864868,5.711372
15.2399997711182,25.672178
11.2839002609253,15.0696125
11.5536003112793,11.617825
18.0900001525879,25.595644
14.1479997634888,13.042232
8.33279991149902,6.308367
20.2485008239746,27.969732
2.40000009536743,3.3089802
12.0903997421265,13.153216
5.21640014648438,4.608803
-47.7779998779297,-50.798836
23.0100002288818,23.58219
11.5971002578735,12.408399
-180.167999267578,-267.4276
-52.8300018310547,-38.941845
-12.2849998474121,-8.952162
0.0,11.961347
6.16499996185303,22.804585
-7.03200006484985,-9.459057
-57.7799987792969,-38.433743
0.839999973773956,5.301426
-11.3400001525879,-7.485048
-11.9250001907349,-18.862232
-24.2399997711182,-6.398075
-20.7845993041992,4.9098945
24.1200008392334,14.776365
116.389999389648,77.54959
32.3350982666016,52.749065
42.0,52.12778
-9.56999969482422,-8.982609
6.3503999710083,7.9305367
-3.83400011062622,8.563857
3.53999996185303,7.330211
9.09000015258789,5.0290294
-44.5519981384277,-31.106665
39.3899993896484,58.852314
70.1999969482422,42.974182
18.6720008850098,12.905874
3.86999988555908,94.51902
-1.84200000762939,7.862737
4.55999994277954,27.49048
-5.55000019073486,-71.62992
30.4449996948242,33.05053
46.7999992370605,25.415876
23.8500003814697,16.540432
-12.878399848938,18.071817
107.040000915527,73.826485
-5.7960000038147,-11.390678
64.8450012207031,33.85375
2.33999991416931,4.694835
33.3899993896484,25.687838
181.979995727539,97.35766
-32.4480018615723,-41.11583
104.48999786377,155.64288
6.15000009536743,16.94023
-69.0,-101.260635
20.5200004577637,12.417361
26.0400009155273,20.380518
4.5447998046875,6.1583486
25.2000007629395,26.170496
164.699996948242,100.495834
0.695999979972839,-6.4268346
31.8892002105713,25.228224
2.19000005722046,2.8000095
8.9399995803833,3.8774786
8.87839984893799,67.527306
7.67999982833862,6.448226
13.6800003051758,7.4409294
-68.7600021362305,-44.551453
14.1599998474121,26.481716
2.66000008583069,2.033491
-6.94799995422363,-9.976427
7.97240018844604,6.660422
3.48000001907349,9.854091
9.63000011444092,5.089512
12.1199998855591,9.710699
0.75,2.7058744
1.25999999046326,3.15696
0.899999976158142,4.2670684
13.8599996566772,14.803797
1.64999997615814,2.7150054
10.0109996795654,23.952532
9.30000019073486,14.610437
7.1399998664856,3.60309
4.34999990463257,7.300979
-184.731002807617,-171.03265
-2.06800007820129,-2.6579776
8.71380043029785,10.899316
-7.63199996948242,-6.6690493
78.752799987793,69.3713
5.48960018157959,4.675085
-24.3360004425049,-63.05478
10.2480001449585,7.635154
9.7608003616333,10.460452
5.07000017166138,6.1503816
6.71999979019165,17.21537
-6.31199979782104,-9.316107
21.7800006866455,35.812927
39.0660018920898,31.667952
6.79659986495972,7.2957683
32.3400001525879,18.550184
-23.3880004882813,-37.006973
134.529998779297,132.84688
36.6599998474121,28.191463
22.2000007629395,12.115532
-8.73600006103516,-7.131921
161.160003662109,126.16653
-7.82399988174438,-7.2338414
0.180000007152557,3.3089802
13.7600002288818,7.251981
-498.347991943359,-269.41815
24.3269996643066,20.250187
2.95619988441467,3.908191
3.59400010108948,3.7726228
45.3695983886719,73.08331
4.80000019073486,4.3120155
2.97000002861023,10.163025
103.818000793457,72.38267
-3.35999989509583,-5.6436214
-39.4679985046387,-50.68774
8.02200031280518,7.9381204
-72.9960021972656,-48.67028
50.9081993103027,48.71101
62.9700012207031,57.935402
4.65000009536743,3.761451
-0.540000021457672,4.715564
24.1200008392334,58.93971
11.4300003051758,9.077508
56.5200004577637,53.685543
4.58160018920898,5.688583
0.0,5.120956
6.75600004196167,18.414618
154.320007324219,143.90674
3.85199999809265,6.5137005
54.7200012207031,29.26417
41.4000015258789,26.268766
3.47499990463257,1.931972
63.3600006103516,49.95883
26.3911991119385,19.287056
36.2939987182617,92.32536
10.6428003311157,11.746846
35.3345985412598,22.153778
46.5299987792969,74.062065
11.9399995803833,11.503162
107.879997253418,68.27014
17.9549999237061,12.856876
8.05480003356934,10.886455
6.57539987564087,8.369097
11.8584003448486,14.010993
0.985599994659424,1.4542981
9.53999996185303,10.693771
6.45839977264404,6.27594
15.5288000106812,15.429757
4.19999980926514,15.780381
32.5859985351563,13.462354
13.9200000762939,12.930274
27.0799999237061,17.996675
20.5599994659424,16.786097
30.5100002288818,23.713346
32.6399993896484,23.810383
-160.707992553711,-74.12025
107.72200012207,90.932526
29.7600002288818,19.25419
9.81599998474121,28.401423
12.2309999465942,13.6272955
5.69999980926514,3.9547443
6.88000011444092,4.643017
17.5240001678467,12.051617
-4.29869985580444,-1.291013
15.3780002593994,11.720099
4.01999998092651,3.220392
93.3600006103516,50.496563
-18.5261993408203,-13.292853
6.14879989624023,8.252064
4.8600001335144,13.023671
5.02199983596802,5.121795
0.360000014305115,11.075541
22.9953994750977,13.688214
6.92999982833862,31.909561
4.98000001907349,2.9245505
3.98309993743896,4.5133967
-4.65999984741211,-29.450672
13.3056001663208,11.515829
95.0400009155273,67.71475
12.1199998855591,7.1281986
-21.8099994659424,-50.844437
6.22079992294312,7.841949
-5.48400020599365,-5.803829
-322.272003173828,-184.95183
208.320007324219,100.27454
14.5637998580933,11.339483
11.1840000152588,6.4823713
19.9200000762939,32.13481
16.0,14.488872
32.7599983215332,55.31846
2.40000009536743,-12.129481
2.88000011444092,3.523933
25.2213001251221,25.413109
1.60000002384186,2.964568
61.439998626709,63.012306
-25.6439990997314,-17.348352
79.2957000732422,128.7001
0.479999989271164,2.6001925
41.1332015991211,60.28861
57.75,30.162464
-9.7608003616333,-6.776502
-26.6352005004883,1.807704
-10.2419996261597,77.88581
159.839996337891,132.88669
31.0799999237061,49.019154
26.8950004577637,-39.330845
1.20000004768372,5.6133275
33.3600006103516,59.414673
18.3920001983643,-85.586914
14.5799999237061,7.6342225
1.86000001430511,24.390293
34.2924995422363,22.344961
1.67999994754791,3.1527593
2.36999988555908,12.18931
31.6000003814697,21.765516
4.46040010452271,7.025236
13.4099998474121,10.185734
-131.850006103516,-161.35846
7.69999980926514,4.336914
4.03380012512207,5.847386
-24.9120006561279,-48.498062
0.119999997317791,2.6217577
2.88000011444092,16.482836
-5.30999994277954,-8.531037
-105.660003662109,-97.35201
10.8000001907349,5.710922
81.1734008789063,91.38069
61.0499992370605,53.722637
-62.0999984741211,-43.638103
-20.7845993041992,4.89612
-1.2150000333786,-30.679867
57.4000015258789,49.98429
8.69400024414063,7.419239
1.91760003566742,4.5885205
0.307000011205673,2.107488
3.68479990959167,9.032993
30.0300006866455,104.93203
-81.4499969482422,-55.646713
3.69359993934631,5.4273963
5.16480016708374,6.913588
21.0128002166748,19.559269
14.6400003433228,23.595457
-11.5176000595093,14.696886
19.827600479126,20.645313
30.8700008392334,23.499115
3.86999988555908,3.896624
52.4900016784668,32.175186
7.08540010452271,7.5225253
0.0,3.3525276
8.36999988555908,5.487953
12.874400138855,21.782701
8.21560001373291,8.257254
9.61919975280762,11.985449
57.5928001403809,47.922478
3.79900002479553,6.925955
33.5519981384277,17.815207
32.2513999938965,25.188635
31.5599994659424,28.971828
-3.59999990463257,-8.427349
11.625,17.81238
0.479999989271164,6.4272866
5.7960000038147,5.2214355
43.9199981689453,23.174753
25.4699993133545,29.204708
-111.690002441406,-127.027374
28.0799999237061,18.36281
-2.06220006942749,-1.5469408
-4.646399974823,-2.551527
-1.81060004234314,-1.6070824
6.83879995346069,16.255945
2.21099996566772,4.086799
-2.28480005264282,-1.6070824
4.92000007629395,2.5586596
-395.640014648438,-257.95572
3.1800000667572,3.2111068
27.2700004577637,17.164154
60.0299987792969,33.42264
-104.304000854492,-54.968575
32.4900016784668,20.965294
35.6399993896484,35.845898
52.439998626709,30.362566
36.1800003051758,58.805843
8.25,7.8597503
35.9199981689453,16.650543
37.6422004699707,25.458195
-193.055999755859,-92.29323
9.77999973297119,14.494375
39.75,26.18018
2.92000007629395,1.6386892
6.07999992370605,4.9673743
-8.80500030517578,-5.983553
2.40000009536743,58.843914
64.6399993896484,72.22667
188.850997924805,126.26636
14.9399995803833,35.40989
-48.2999992370605,-29.459496
40.1702003479004,33.248463
76.2300033569336,43.998352
-215.100006103516,-126.5492
74.879997253418,75.42362
38.6399993896484,19.281084
13.6000003814697,9.662128
24.7800006866455,14.708468
-39.6599998474121,-32.39401
44.5499992370605,26.32552
3.51999998092651,6.5997562
100.800003051758,51.995728
-3.53399991989136,12.104507
-41.4480018615723,-42.12654
-69.2099990844727,-66.87835
-174.240005493164,-123.15986
8.1899995803833,9.740698
25.6800003051758,49.81083
-95.879997253418,-83.650635
3.4047999382019,3.5842545
28.4363994598389,-16.155481
34.8138008117676,52.65455
12.0978002548218,7.1850476
29.1599998474121,46.468094
12.1599998474121,9.710699
17.3400001525879,72.08255
-13.342399597168,-10.031082
31.2444000244141,29.7746
0.0,7.0286207
-75.8448028564453,-66.51404
0.946799993515015,0.61571705
0.651600003242493,2.333231
33.9065017700195,21.999544
2.55920004844666,6.9475055
-6.42000007629395,-7.0724688
12.2399997711182,59.82356
30.9918003082275,21.602924
26.8799991607666,44.15229
35.5800018310547,23.587702
19.6247997283936,21.974836
44.7000007629395,25.739897
-17.5949993133545,-55.62509
1.28999996185303,1.1672804
19.2000007629395,9.95895
9.99499988555908,12.283091
-12.6280002593994,-14.149126
3.88220000267029,5.2189994
8.88000011444092,46.995205
-2.69970011711121,11.029955
-8.77499961853027,-4.450802
5.23320007324219,8.815729
9.86849975585938,6.120147
-8.3523998260498,-1.0389495
-17.5650997161865,-19.172195
-43.1699981689453,-50.68774
-2.94000005722046,6.5369773
-26.1180000305176,-40.057854
59.7000007629395,33.909096
-5.7480001449585,-6.977963
-34.3800010681152,-17.889484
0.0,-5.678827
6.59999990463257,17.16285
9.43920040130615,7.2316637
16.3351993560791,14.227736
-77.8560028076172,-156.48305
71.6399993896484,50.841755
16.7999992370605,13.894261
25.4384002685547,28.755972
-54.8819999694824,6.2230644
140.039993286133,74.84086
33.9000015258789,72.25464
3.91020011901855,4.648661
2.58960008621216,2.7832007
-75.1679992675781,47.03282
17.1000003814697,22.700827
-77.2529983520508,-48.850777
42.5699996948242,25.7358
-23.7600002288818,-117.34871
82.1600036621094,47.267193
18.0475006103516,95.87005
65.9934005737305,27.228052
7.43680000305176,2.519542
2.64000010490417,5.3629417
28.2169990539551,30.073433
-6.39599990844727,2.5541196
7.59000015258789,30.182167
16.1000003814697,14.737313
-24.7679996490479,-123.81115
-189.320999145508,-105.28255
13.8599996566772,7.8723197
15.8039999008179,13.253077
-15.4666004180908,-12.1467285
24.2285003662109,21.43475
9.94499969482422,7.4346943
8.39999961853027,16.427912
-106.019996643066,-84.45671
5.44320011138916,6.65486
10.9697999954224,10.829549
44.8680000305176,-63.418037
59.4000015258789,32.2458
25.7919998168945,28.53276
5.94000005722046,6.4148726
15.5249996185303,15.410892
9.02999973297119,6.6612105
7.0019998550415,6.425622
1.64999997615814,3.3489976
15.8400001525879,52.574028
79.5,57.01984
7.4871997833252,8.014994
2.01999998092651,1.3958356
137.151000976563,111.990265
-65.5199966430664,-54.107925
25.9200000762939,24.86561
1.25999999046326,9.746831
3.92400002479553,17.660456
-8.06400012969971,-6.9772425
2.0492000579834,6.313238
-133.921997070313,-51.935135
6.11999988555908,4.1664777
99.0,49.034435
0.839999973773956,3.1169426
-6.83339977264404,-4.6739907
-6.38819980621338,-36.7851
59.5800018310547,34.353256
12.1049995422363,5.3034286
3.24000000953674,3.1049914
6.71880006790161,19.124178
1.08000004291534,2.819725
-6.12480020523071,-2.4027972
17.6340007781982,10.75314
27.4855995178223,19.28201
12.1451997756958,12.650023
0.879999995231628,2.4602194
-33.2999992370605,-31.53302
73.1399993896484,79.18013
44.1599998474121,21.465681
29.1599998474121,16.330328
1.79040002822876,46.58918
-28.1760005950928,18.535336
8.9399995803833,9.640008
2.33999991416931,2.7857022
7.5,13.3042965
28.9799995422363,50.97357
2.97000002861023,32.215252
18.1599998474121,9.710699
-97.7399978637695,-79.588745
33.5891990661621,19.935612
5.39699983596802,2.4662182
20.2350006103516,12.892266
-47.396800994873,-74.05255
13.8578996658325,19.654934
8.99199962615967,-27.631718
-29.8719997406006,-29.686447
-1.63199996948242,-5.4487224
69.4800033569336,37.663033
7.25759983062744,6.846198
15.4980001449585,7.398013
107.995002746582,27.858051
-87.0479965209961,-39.15495
-9.66399955749512,-7.0908804
-4.19099998474121,-6.0283074
38.7799987792969,20.065973
4.73999977111816,25.554066
75.7600021362305,61.023067
21.7094993591309,18.69886
1.70550000667572,2.9202864
-11.6512002944946,-17.405304
26.0849990844727,29.46561
6.3600001335144,14.72037
4.17000007629395,4.118147
3.15000009536743,3.9129426
-9.91800022125244,-15.792218
17.6399993896484,13.907098
5.28000020980835,5.4453144
43.0499992370605,29.764313
-39.6370010375977,-30.032953
-68.1856002807617,-74.5313
0.959999978542328,13.040963
16.9312000274658,12.174228
11.5500001907349,12.546541
12.2399997711182,42.040047
8.27999973297119,5.0281897
4.07999992370605,6.859499
134.654006958008,133.26945
2.42880010604858,5.2252502
17.8799991607666,14.755031
3.45000004768372,9.291486
19.7999992370605,12.385969
12.8150997161865,12.940927
1.72500002384186,3.6610112
14.3135995864868,7.7307014
10.1040000915527,10.593363
31.0499992370605,20.880768
8.10000038146973,5.846551
47.8199996948242,111.6435
113.847999572754,108.68806
24.2695999145508,20.18021
10.5551996231079,7.8966627
34.907398223877,26.635511
1.11600005626678,3.6506467
3.60179996490479,3.6850708
12.1999998092651,16.519142
8.88000011444092,4.8683834
70.6259994506836,27.546244
2.94300007820129,18.743671
-407.976013183594,-422.41568
53.0789985656738,32.057465
10.0724000930786,6.922031
-0.531000018119812,8.2630005
8.39159965515137,-20.899422
26.1599998474121,27.72972
9.02999973297119,66.56172
1.79999995231628,11.965374
-46.6679992675781,-34.936928
-11.9370002746582,-11.722494
70.7220001220703,53.493416
-5.60400009155273,-6.0357676
6.11999988555908,4.403708
176.514999389648,78.81825
-33.4799995422363,-34.936928
7.25759983062744,7.1427836
-22.7999992370605,-21.194477
2.0048999786377,2.7056499
5.44320011138916,6.655534
14.5740003585815,18.703653
36.4043998718262,30.446526
2.60999989509583,3.7918997
14.7600002288818,21.434149
15.0299997329712,14.2249
0.864000022411346,9.523787
2.84999990463257,5.7579827
15.6800003051758,10.665998
3.28679990768433,3.482725
8.3523998260498,6.7065454
19.3500003814697,16.386822
16.3999996185303,12.584752
5.51999998092651,12.99499
0.0,1.332529
40.0036010742188,31.215176
11.8909997940063,11.407223
3.72359991073608,4.58103
-6.89919996261597,-4.925039
-20.2450008392334,-15.25367
66.7200012207031,44.042393
30.0144004821777,19.287388
-2.28780007362366,-3.6631255
35.3345985412598,21.494919
27.8819999694824,24.184435
17.963399887085,14.9402
9.0600004196167,9.520888
5.44320011138916,6.6895566
8.28479957580566,7.181139
6.50579977035522,12.530356
-20.2956008911133,-25.123333
-60.7680015563965,-51.55314
0.885599970817566,2.1421854
6.1230001449585,15.489497
41.5349998474121,30.388847
28.3999996185303,49.32822
14.9130001068115,7.6044207
10.3071002960205,9.318077
2.95679998397827,2.107533
8.5649995803833,37.942455
25.0919990539551,36.748573
17.0981006622314,21.379513
-34.8245010375977,-103.40515
-125.910003662109,-82.74742
23.5499992370605,20.686403
31.9500007629395,16.551434
4.48000001907349,-37.30455
10.9799995422363,12.031172
228.600006103516,128.11328
20.6399993896484,14.943611
-11.8439998626709,-11.132328
-53.8548011779785,-43.12052
0.180000007152557,6.48848
2.71659994125366,3.6249292
31.9500007629395,43.05017
4.30800008773804,-6.980174
-0.76800000667572,-4.80667
-36.8880004882813,-25.759192
-30.3645000457764,-1.7129815
-8.86400032043457,-6.980174
-5.38000011444092,-8.253932
15.75,15.470207
19.3185005187988,18.808126
-20.8775997161865,-10.369468
-36.7200012207031,-109.207596
-67.0199966430664,-63.296486
-3.78399991989136,-4.8408456
38.0250015258789,30.002516
7.92000007629395,20.949636
-5.76000022888184,-42.423977
85.1760025024414,35.234882
-19.1058006286621,18.004679
1.82070004940033,4.593622
2.0357999801635698,2.8780394
-21.1319999694824,-7.196373
-5.69430017471313,3.8619475
3.53999996185303,3.3457644
21.7514991760254,34.4032
13.3479995727539,11.34694
55.5,65.38997
25.2000007629395,29.528595
89.4000015258789,57.114662
31.9500007629395,44.317577
-131.95100402832,-76.697945
-10.2720003128052,-7.4603333
5.60500001907349,-0.5771481
58.6399993896484,32.581097
11.8800001144409,15.951324
12.0900001525879,25.056091
3.57999992370605,8.952778
-74.3249969482422,-63.09303
11.9700002670288,6.8000464
-1.91400003433228,-5.651008
-22.1280002593994,-20.470692
27.5631999969482,17.043325
-97.5599975585938,-143.15685
7.19999980926514,26.512177
10.8000001907349,5.962947
-6.26399993896484,-6.923425
-40.3839988708496,27.093569
-14.5979995727539,-7.0804915
6.21519994735718,5.3182755
28.0799999237061,18.780981
4.27199983596802,-4.5176163
-25.7880001068115,-31.204361
-6.89400005340576,-12.793108
-7.2960000038147,-4.6150904
0.0,27.751303
-450.216003417969,-416.89752
26.3099994659424,19.179882
9.84000015258789,5.1494164
-81.5759963989258,-75.032036
15.960000038147,10.53115
-0.216000005602837,2.7568645
-20.1599998474121,-7.174637
-9.10400009155273,-5.3492556
6.46000003814697,-33.98977
-11.3760004043579,-7.709752
-71.447998046875,-42.398586
6.29099988937378,2.3349924
37.9175987243652,24.421736
-76.6800003051758,-37.22413
-8.31599998474121,-5.101199
29.0849990844727,30.612568
7.61999988555908,15.306232
-1.09500002861023,13.54198
81.7440032958984,42.061535
35.9850006103516,21.452545
9.40799999237061,13.037764
29.5200004577637,21.886782
-10.1920003890991,-7.334118
29.3640003204346,20.787275
34.9964981079102,28.096554
6.55690002441406,10.359379
11.3249998092651,10.943424
13.6199998855591,9.594337
90.8292007446289,54.82464
5.44000005722046,69.20547
4.53179979324341,7.031485
-23.7821998596191,-26.126364
15.0719995498657,-32.74574
43.6500015258789,54.500687
20.3999996185303,23.795513
95.6999969482422,59.207554
7.55999994277954,12.638457
104.099998474121,104.533554
9.81639957427979,10.459768
13.0950002670288,5.546689
-31.2000007629395,-73.41412
-55.2560005187988,-6.183826
76.2720031738281,73.764946
16.1700000762939,17.952019
133.440002441406,67.87294
-10.0679998397827,-15.955937
39.2400016784668,19.328005
10.5600004196167,10.631976
-316.019989013672,-373.66702
-25.253999710083,-17.884386
-15.3360004425049,-29.952204
9.23999977111816,24.446241
22.7999992370605,31.391655
72.5999984741211,39.246765
-27.738000869751,-34.780678
-15.6960000991821,-10.237287
10.3599996566772,8.651146
108.360000610352,112.25587
2.40590000152588,3.6364996
-21.4608001708984,22.182375
-142.20100402832,-82.06341
6.48000001907349,3.0311158
22.8827991485596,25.164839
9.18000030517578,9.771751
5.84999990463257,33.100986
-0.41100001335144,3.325255
-1.86000001430511,-23.957102
-83.0879974365234,-120.54175
3.66000008583069,1.6646402
14.3850002288818,9.216406
111.360000610352,116.93653
-123.525001525879,-74.576385
1.25999999046326,3.64509
38.5800018310547,19.462866
-43.2120018005371,-28.325352
-55.007999420166,-49.42641
-16.6499996185303,-24.575115
-21.6900005340576,-13.07757
-14.5649995803833,-11.102993
2.8199999332428,3.1000085
9.75,12.226194
54.234001159668,17.763445
-295.320007324219,-165.3361
18.375,51.511497
4.38000011444092,3.0493534
0.437999993562698,4.0848875
27.7910995483398,19.860065
4.96000003814697,10.049739
3.29439997673035,6.0902452
4.73999977111816,23.599947
14.1300001144409,15.651821
2.62800002098083,3.2442381
5.86959981918335,6.80853
-8.18400001525879,-8.7897005
-6.44000005722046,-9.835821
4.3523998260498,5.5213943
56.4000015258789,34.770493
22.7639999389648,31.615139
131.986999511719,75.498055
-35.9280014038086,-41.90182
26.6303997039795,27.74822
23.7684001922607,17.61976
2.03399991989136,11.633502
233.520004272461,80.07841
-36.1115989685059,-43.340984
11.1599998474121,15.562908
41.6699981689453,30.862234
15.6331996917725,27.535704
9.33119964599609,10.46494
18.44700050354,19.631464
-56.2560005187988,-46.882473
12.9128999710083,12.553514
-2.18959999084473,2.6096158
21.8969993591309,17.752604
60.4080009460449,24.350994
23.507999420166,12.434967
97.879997253418,77.82117
9.35999965667725,5.3995867
8.71199989318848,42.506126
10.4875001907349,14.325228
-2.69400000572205,8.643263
3.99300003051758,8.629463
79.7939987182617,70.55762
5.44000005722046,6.825476
114.938003540039,96.6913
3.96000003814697,6.011517
30.7800006866455,52.342876
4.55999994277954,3.6075006
17.4599990844727,7.3631897
3.91799998283386,9.592451
13.3380002975464,10.24069
66.5459976196289,32.373566
36.9599990844727,40.813747
47.439998626709,30.243168
18.8532009124756,3.9882927
71.2295989990234,64.97677
-34.2515983581543,108.72312
18.4799995422363,12.625545
15.7583999633789,17.258251
26.7299995422363,49.77942
45.0900001525879,26.815887
4.73999977111816,13.319705
30.75,65.13223
11.7600002288818,7.8613634
25.3799991607666,22.695646
12.6000003814697,11.3008
192.690002441406,88.86236
3.35999989509583,3.4505804
21.1200008392334,9.13159
9.0,4.3421817
35.5499992370605,30.886189
69.4349975585938,49.42527
6.44399976730347,31.115908
0.959999978542328,9.702639
38.2080001831055,-67.04916
-3.52800011634827,-3.5052156
3.24000000953674,13.194108
28.7999992370605,34.621296
39.3569984436035,19.775711
32.2919998168945,33.871048
-10.6680002212524,-7.3438206
-9.90999984741211,-7.0951657
11.6099996566772,19.153101
251.399993896484,147.46024
38.6399993896484,44.238186
-0.0299999993294477,-91.93479
15.75,12.1134
23.9400005340576,31.331514
10.4250001907349,19.234512
-10.5600004196167,-25.268728
1.88999998569489,10.064345
25.5,16.899435
-40.007999420166,-62.611217
-5.9520001411438,-9.073706
-7.99200010299683,-12.895351
93.5999984741211,50.65015
26.5499992370605,17.78988
0.720000028610229,4.3811646
10.8000001907349,-2.4618905
152.022994995117,169.23845
37.7999992370605,23.220837
72.2399978637695,88.916626
19.7712001800537,15.450482
37.7639999389648,23.730736
59.4000015258789,47.003876
-5.13600015640259,-6.8555903
22.0799999237061,13.510924
92.2368011474609,74.520874
41.8499984741211,31.759981
7.26000022888184,5.3102093
7.25759983062744,7.1705565
27.2952003479004,36.547188
82.0800018310547,82.56235
8.72999954223633,10.50892
89.9970016479492,76.84755
12.2465000152588,50.236782
21.7199993133545,15.005406
5.25600004196167,6.176275
72.7200012207031,74.859375
16.7490005493164,6.5429487
-23.8920001983643,-18.270702
11.6850004196167,7.509406
8.90999984741211,9.821628
-126.071998596191,-84.08378
72.2399978637695,66.175934
51.2999992370605,33.14908
59.3730010986328,61.0733
21.9300003051758,30.374165
44.8199996948242,94.9761
10.7136001586914,10.253439
34.2900009155273,18.05288
70.9020004272461,26.223215
3.21000003814697,5.4254103
8.34000015258789,14.163112
-8.23680019378662,-5.779735
-4.91400003433228,-9.316107
-10.4399995803833,-9.475338
-16.5599994659424,-34.205494
4.92000007629395,6.704674
3.24000000953674,5.9161444
-77.6159973144531,-62.69731
25.8129005432129,-2.3898265
51.7999992370605,36.020607
-4.17000007629395,-5.6436214
14.5799999237061,12.728253
5.55000019073486,2.5100284
14.1300001144409,25.81394
35.5200004577637,117.174416
30.9599990844727,16.503916
-34.757999420166,-8.565888
5.76000022888184,12.247349
-153.201995849609,-149.65997
4.17479991912842,5.4534855
32.6699981689453,97.14005
4.68179988861084,6.6163874
15.1157999038696,19.888447
-41.8979988098145,-55.552975
-7.20599985122681,-10.236161
4.5,15.007289
5.09999990463257,3.4944825
24.1959991455078,60.096386
33.7319984436035,19.642637
3.85199999809265,7.4614983
28.1420993804932,29.814617
30.7199993133545,27.195097
13.9200000762939,58.843323
-58.7820014953613,-40.26199
98.8499984741211,54.399345
73.379997253418,59.989864
18.9701995849609,11.184758
-5.58400011062622,-5.5001354
61.3889999389648,48.07546
-122.807998657227,-84.03085
-21.6000003814697,-19.599436
122.386001586914,86.156044
-14.6700000762939,-10.771728
-14.9759998321533,-17.943676
8.27999973297119,21.582125
26.2350006103516,27.306616
4.56120014190674,6.07386
-34.2299995422363,-18.266226
-13.6979999542236,-10.688505
-0.857999980449677,7.3926053
5.44320011138916,6.6833067
7.19999980926514,8.000923
9.49499988555908,19.462946
28.7670001983643,37.738396
8.26159954071045,8.459459
52.5320014953613,43.558037
18.6000003814697,24.514032
9.33119964599609,10.698604
1.52999997138977,3.7026792
14.5799999237061,15.577525
-3.90319991111755,-4.0404243
4.39020013809204,-1.9134164
4.40999984741211,46.726303
4.65000009536743,34.289845
-12.8699998855591,-7.9641695
-16.7759990692139,-49.441044
-5.46000003814697,-9.285181
-15.0299997329712,-51.16092
0.0,-25.903284
182.354995727539,165.36691
111.959999084473,70.1124
10.7399997711182,14.457249
37.2360000610352,23.52479
-12.1199998855591,-7.0908804
-3.49799990653992,-6.2746797
10.7399997711182,14.417231
16.7999992370605,34.552635
101.639999389648,79.29673
8.27999973297119,98.71951
11.9700002670288,9.401911
85.9800033569336,44.836548
33.9599990844727,83.097664
5.98799991607666,5.8270197
70.9199981689453,40.17532
95.7119979858398,16.93143
-38.7071990966797,-24.113077
-8.32499980926514,-20.389847
-17.4899997711182,-15.069156
4.28999996185303,12.342556
7.8899998664856,11.879585
83.3399963378906,65.92818
178.740005493164,97.25203
21.0,28.671646
1.2474000453949,-7.613107
-14.8590002059937,-50.166023
-87.901496887207,-50.252457
-66.9540023803711,-42.727165
8.60999965667725,11.622982
40.439998626709,61.917557
17.2800006866455,6.8459854
-79.2900009155273,-248.49417
7.1399998664856,7.522391
1.10000002384186,26.028797
6.09000015258789,2.9039536
6.09000015258789,14.035009
3.11999988555908,4.2793827
15.0299997329712,26.107199
2.8199999332428,4.0683794
3.77999997138977,23.572598
160.020004272461,89.14377
9.84000015258789,5.825099
35.8199996948242,16.601833
21.4500007629395,13.461503
3.99060010910034,4.7195354
38.0400009155273,25.00105
-72.9960021972656,-48.95148
70.7399978637695,41.679905
-13.2152996063232,-25.80776
47.8800010681152,32.379284
-170.016006469727,-84.78109
6.78000020980835,6.607633
0.839999973773956,5.987703
14.3400001525879,24.10636
3.67199993133545,-11.467437
0.317999988794327,-6.5320206
74.2799987792969,41.09583
10.4399995803833,15.344702
58.5,70.258514
7.23000001907349,5.711775
11.1599998474121,10.534142
-7.92899990081787,38.93902
4.26599979400635,5.4883866
114.480003356934,111.89208
-8.71199989318848,-11.048474
-319.247985839844,-297.57443
-801.528015136719,-460.25397
7.5991997718811,6.0874267
6.22499990463257,18.799734
0.40200001001358,7.6064487
106.019996643066,68.90117
-217.583999633789,-124.116066
16.2863998413086,15.569864
-112.716003417969,-81.71767
-1.45799994468689,-27.395943
-75.1679992675781,-126.325584
-190.139999389648,-108.12976
-26.2439994812012,-17.299183
-41.0400009155273,-36.00945
-12.8760004043579,-28.320087
-75.2220001220703,-66.21912
5.88000011444092,-15.03298
-16.3169994354248,-17.30959
4.43520021438599,6.7610188
17.8439998626709,-39.80218
-89.7539978027344,-61.96985
-20.9729995727539,-16.96858
6.63000011444092,9.074613
-47.1660003662109,-44.695374
2.69359993934631,5.8944755
-11.7840003967285,-7.06583
18.4799995422363,26.18018
22.6800003051758,31.30551
-20.3190002441406,-23.606018
4.23000001907349,3.0068748
16.7399997711182,12.415363
16.5900001525879,15.947601
64.8000030517578,36.96169
31.3199996948242,20.877043
6.37440013885498,3.4307199
13.6499996185303,12.710747
11.2799997329712,5.9507017
-159.889999389648,-71.834076
-43.8479995727539,-56.816547
22.757999420166,12.524147
7.01999998092651,10.7378845
-0.689999997615814,5.1459484
-54.8279991149902,-31.235916
15.0,12.489914
20.3999996185303,13.798663
15.1157999038696,19.839878
2.70000004768372,32.038284
13.9672002792358,7.559431
8.39999961853027,9.696151
-4.40399980545044,-4.9948616
86.4899978637695,112.65854
51.75,37.460648
-26.8080005645752,-13.638378
27.7560005187988,71.61279
55.8899993896484,35.19125
44.3699989318848,43.23698
2.19000005722046,3.13127
28.7856006622314,18.982918
6.20639991760254,8.688601
1.67620003223419,5.3428173
-10.9479999542236,8.688601
60.255298614502,49.685448
8.30399990081787,7.344035
20.1599998474121,70.17722
36.693000793457,36.284645
1.14660000801086,5.3428173
9.63000011444092,39.05884
1.06200003623962,-2.7423913
5.25600004196167,4.6674542
2.60999989509583,30.198767
-36.0,-36.380478
4.28999996185303,12.927332
47.4000015258789,48.275024
13.9200000762939,11.906006
195.389999389648,134.309
3.34080004692078,2.8232179
21.7800006866455,58.645557
13.5,10.908534
27.9720001220703,19.019297
20.9669990539551,-40.542255
-9.67679977416992,-5.926267
36.023998260498,27.937157
15.6599998474121,10.825407
5.03999996185303,3.8109217
10.0799999237061,69.335
23.7299995422363,13.172242
69.4499969482422,68.19336
48.2999992370605,64.96096
11.4519996643066,32.56129
20.7600002288818,110.85693
6.92999982833862,12.748104
35.4000015258789,52.34533
4.32000017166138,20.894768
6.98999977111816,11.471317
8.55000019073486,10.998902
0.533999979496002,11.154661
-14.8319997787476,-19.025812
7.5,4.2448955
21.0,42.92773
-129.52799987793,-86.52774
-3.09599995613098,-10.693258
19.1100006103516,22.969088
-42.4799995422363,-32.552654
-97.7399978637695,-79.67733
-31.7520008087158,-32.616844
-96.5279998779297,-47.88393
-5.85599994659424,-10.253323
4.1100001335144,3.4839156
2.19000005722046,6.4272866
35.6346015930176,35.67211
-89.0879974365234,-47.49875
-28.8659992218018,-27.894682
-0.568000018596649,1.232666
-9.30599975585938,-10.507569
46.439998626709,89.998695
7.67999982833862,6.9682045
2.64000010490417,3.4987462
26.8199996948242,74.78495
63.2400016784668,26.1629
33.7211990356445,19.156881
5.03999996185303,145.48611
0.292499989271164,1.3441696
0.0,6.5997157
-13.5959997177124,-15.43623
18.9899997711182,15.875328
2.75999999046326,5.479337
14.2200002670288,11.832466
5.76719999313354,1.5361224
4.05000019073486,13.607778
18.7812004089355,17.78435
9.0,6.3294396
8.72999954223633,12.592968
24.8400001525879,16.851791
26.5979995727539,32.718098
18.2700004577637,97.46021
47.2799987792969,54.994007
24.5699996948242,23.180819
-161.875,-128.8308
-4.06799983978271,49.155933
0.360000014305115,11.04865
53.0699996948242,57.54809
23.3400001525879,12.026943
141.257995605469,86.2285
18.503999710083,30.621088
56.8950004577637,27.169031
22.4778003692627,-4.073997
-2.18700003623962,4.469809
84.120002746582,47.434265
-9.00780010223389,-10.560676
40.8600006103516,26.395105
4.38149976730347,10.3027725
15.4799995422363,12.629592
-1218.38000488281,-679.68195
0.0,19.472027
-81.7679977416992,-48.0415
14.8199996948242,83.55563
23.2800006866455,27.031492
-2.73359990119934,-6.8462143
14.2200002670288,94.550835
27.75,16.94023
0.899999976158142,7.994928
146.850006103516,72.637886
6.76200008392334,3.7112317
57.1259994506836,100.57803
48.1199989318848,47.088913
3.49499988555908,18.446915
-0.972000002861023,-2.8481905
-126.720001220703,-106.356316
-20.2080001831055,-6.6690493
-5.96999979019165,-80.828926
-14.039999961853,-4.596345
1.39199995994568,-6.1731524
-1.62000000476837,-3.0812025
111.843002319336,73.593124
66.5999984741211,45.65254
243.419998168945,139.12004
68.2799987792969,46.85438
17.2800006866455,9.521461
63.1619987487793,94.8815
18.1439990997314,8.788637
12.0600004196167,7.8459554
15.0299997329712,9.710699
-55.8419990539551,90.14569
60.4224014282227,41.222195
12.6000003814697,92.32822
147.680999755859,65.563324
84.629997253418,53.53162
29.5186004638672,25.85185
6.32959985733032,9.55241
7.55280017852783,5.6791425
13.1999998092651,23.587702
5.40000009536743,20.311676
-27.6900005340576,-25.738026
6.3899998664856,12.808703
13.5,8.073146
-4.32000017166138,7.170344
12.1800003051758,7.710436
12.4499998092651,16.233225
18.4771995544434,27.36509
-21.5340003967285,-31.669542
23.3999996185303,26.079828
40.3199996948242,26.18919
2.84999990463257,15.475764
-4.16400003433228,-5.6836395
27.1200008392334,22.117332
-18.6119995117188,9.741677
81.1800003051758,42.322174
22.5,10.997123
2.07599997520447,4.592419
9.0,4.0234222
14.7799997329712,3.7856526
2.83590006828308,-1.6764727
3.66449999809265,-0.060997654
12.2399997711182,31.570415
18.3600006103516,13.146282
25.744499206543,9.141512
11.8800001144409,50.58515
-1.78799998760223,-7.6208367
-3.00149989128113,-13.134494
-42.4169998168945,-33.682514
6.11999988555908,7.9877176
5.88000011444092,3.4973674
6.53999996185303,8.027392
15.7194004058838,14.23044
-3.34200000762939,-12.676746
2.97000002861023,3.0995739
26.7029991149902,21.997456
16.5599994659424,90.45632
33.3135986328125,25.958958
-0.00749999983236194,-7.756814
6.11999988555908,3.6537695
32.4000015258789,19.210438
28.9799995422363,42.82778
1.23000001907349,3.1395912
1.88999998569489,12.54397
-4.90799999237061,-15.699845
2.73000001907349,5.9830627
1.98000001907349,13.034493
10.3498001098633,86.39077
3.45000004768372,3.9907131
11.8979997634888,13.314404
28.7964000701904,25.811274
2.23020005226135,5.9830627
33.0368003845215,37.241596
10.8587999343872,-3.2402303
7.1399998664856,3.8631253
22.1399993896484,12.787902
4.92000007629395,154.91072
14.8199996948242,71.320595
84.5999984741211,50.65015
24.0,12.649289
10.4399995803833,64.35125
66.7200012207031,35.75759
13.5055999755859,12.949646
6.22079992294312,7.9305367
19.5237998962402,16.04246
2.6496000289917,3.686725
8.81999969482422,13.028759
-9.97049999237061,-7.0146375
0.0,14.859968
0.605599999427795,-1.332998
9.02999973297119,67.78327
7.02180004119873,8.902748
2.78999996185303,4.709108
5.76000022888184,12.136515
15.6977996826172,15.645786
152.669998168945,57.764023
7.1399998664856,3.0430942
26.9009990692139,20.751501
-15.9840002059937,-32.732536
-5.82480001449585,-9.321226
-115.064002990723,-17.710428
-7.93200016021729,-6.1780562
31.0200004577637,27.993546
-197.639999389648,-120.621864
5.09600019454956,6.6488833
15.3870000839233,16.498495
-1.93439996242523,-4.7218957
68.0400009155273,63.029705
2.57999992370605,3.3424225
-7.44159984588623,-0.41668805
19.7549991607666,15.208381
-7.41599988937378,-10.688505
12.4919996261597,12.500322
48.328498840332,40.88095
62.3209991455078,59.41114
15.5111999511719,14.338596
146.789993286133,63.83946
-83.4359970092773,-38.669613
1.04999995231628,5.9958954
8.76000022888184,13.015921
41.9519996643066,30.775002
5.03999996185303,26.069767
-20.5499992370605,-79.783394
-8.13119983673096,-6.124665
4.99499988555908,8.145307
21.5909996032715,13.781253
2.73000001907349,14.486076
1.51999998092651,7.2860036
48.551399230957,35.028214
44.4767990112305,32.450222
5.82000017166138,2.5795953
0.426400005817413,1.5892535
-8.84799957275391,-11.993735
63.117000579834,22.135221
10.5600004196167,10.13977
31.3199996948242,29.445143
7.48239994049072,8.139354
2.72399997711182,-3.0393276
18.8999996185303,30.057497
-2.13000011444092,-6.5187817
38.2200012207031,26.14458
36.9287986755371,30.866608
8.5024995803833,13.423492
55.7639999389648,47.63488
16.5200004577637,17.838085
12.2849998474121,12.680529
9.60000038146973,9.382319
-74.7720031738281,-71.11243
22.8689994812012,19.839449
8.71380043029785,11.241323
45.5200004577637,33.655712
19.8360004425049,10.520005
19.6200008392334,12.480258
26.1800003051758,25.331594
183.419998168945,95.9671
3.11039996147156,6.7065473
-5.99399995803833,-5.2478676
-34.0200004577637,-29.804873
26.4780006408691,11.801215
86.9550018310547,37.2541
29.5254001617432,28.330038
-8.45160007476807,-8.599016
162.863998413086,99.28506
14.5080003738403,7.6186657
2.48000001907349,1.4651119
22.5624008178711,17.994173
21.0,29.229628
-4.5,-40.99214
51.8237991333008,28.74086
28.1371994018555,20.604342
123.291000366211,42.716125
93.6987991333008,82.185135
8.86240005493164,8.044739
90.9000015258789,111.37558
4.30000019073486,7.923673
-72.4800033569336,-32.03758
3.61560010910034,2.947652
98.2799987792969,47.81173
16.7399997711182,13.04835
21.6450004577637,49.065277
16.3980007171631,17.345684
7.44960021972656,7.5909777
0.596700012683868,1.8951088
8.59200000762939,4.4280076
5.12400007247925,20.646412
137.339996337891,63.30605
15.8760004043579,15.4690895
0.515200018882751,9.723291
2.21939992904663,3.1579394
34.8927993774414,29.501883
48.939998626709,37.839207
6.43079996109009,3.8240232
39.060001373291,67.44894
-8.01000022888184,-8.952162
1.45799994468689,-4.31245
0.479999989271164,7.9266934
42.8935012817383,32.039127
-8.22399997711182,-13.820351
-21.5160007476807,-11.4373255
132.720001220703,126.407104
-13.8959999084473,-12.267814
11.6099996566772,19.46865
19.2600002288818,16.638084
2.79999995231628,62.82321
149.759994506836,47.570366
106.650001525879,70.18181
-1.64699995517731,24.326546
0.295199990272522,1.5144396
-40.9770011901855,24.220127
1.06200003623962,-11.252789
-8.67679977416992,-5.9888663
-10.7298002243042,-16.894926
21.0300006866455,10.63544
0.470600008964539,1.6685274
-2.18849992752075,6.066127
3.1800000667572,3.7954738
45.2099990844727,19.291016
13.9728002548218,18.139742
-52.336498260498,-49.597404
10.8599996566772,7.0634174
63.8699989318848,21.041315
3.0,9.964946
5.18400001525879,6.683679
10.4300003051758,10.697326
18.7199993133545,16.124443
8.6855001449585,10.423736
7.58400011062622,6.66575
7.94500017166138,26.75665
19.0919990539551,20.799976
-81.8684997558594,-55.610703
23.7000007629395,15.533333
45.5880012512207,56.22268
-5.72700023651123,-1.369453
12.6822004318237,-2.2343128
2.24399995803833,6.0571036
31.4895000457764,41.380867
8.9399995803833,12.689307
-10.3634996414185,-24.305157
6.41279983520508,9.91079
0.0,3.8326888
-25.007999420166,-29.331207
6.07399988174438,1.444712
22.2000007629395,15.957989
2.94000005722046,2.073508
16.6499996185303,10.23784
9.17640018463135,0.27415156
-29.2679996490479,-33.093258
-53.9700012207031,-62.728325
-54.4889984130859,-62.093254
8.20800018310547,7.9721427
-5.73000001907349,-4.8926845
1.37999999523163,6.1882644
38.4599990844727,28.670553
44.6357002258301,22.227028
28.5599994659424,26.103786
39.9599990844727,47.772987
2.91556000709534,39.887566
-6.21000003814697,20.203505
-98.4960021972656,-59.86681
18.1439990997314,15.5442095
9.39599990844727,-2.8297255
19.3999996185303,25.914364
-91.5599975585938,-30.816433
49.1399993896484,136.95743
12.3999996185303,10.920982
5.95599985122681,1.9626251
26.8199996948242,20.94256
6.71999979019165,4.35547
7.92000007629395,8.537629
29.7600002288818,16.7748
7.51999998092651,16.546915
13.0284004211426,7.509406
3.85290002822876,7.357905
31.2000007629395,17.715122
4.38360023498535,8.038249
9.84000015258789,30.77093
54.1500015258789,28.552214
0.0,26.268766
-1.0349999666214,-2.2439997
-22.8299999237061,-21.367456
-89.1999969482422,-85.85083
30.7800006866455,70.08564
40.5900001525879,21.198692
-10.1280002593994,-4.0936594
-41.3040008544922,-18.70652
69.4499969482422,48.099266
104.309997558594,82.93222
91.8000030517578,49.341854
2.97000002861023,4.5583963
45.5999984741211,48.437782
-72.120002746582,-63.08795
29.8799991607666,33.688133
0.20160000026226,3.3060334
7.77279996871948,13.369425
56.9771995544434,44.75072
-57.5040016174316,-36.341396
6.15999984741211,-8.192064
59.4160003662109,-136.53787
13.8578996658325,20.013315
16.4699993133545,9.044392
2.50559997558594,2.607572
67.5,74.6982
4.77899980545044,5.043316
165.981994628906,102.507645
21.2399997711182,22.609882
6.48000001907349,3.7414951
3.30879998207092,5.253022
-104.71199798584,-65.75165
14.6510000228882,14.246012
0.444000005722046,2.0859475
7.98000001907349,8.9595
-192.095993041992,-125.67357
22.6200008392334,12.15555
19.5930004119873,10.5253105
156.059997558594,104.53688
-44.189998626709,-55.277046
29.1000003814697,58.03431
-19.6200008392334,-35.480247
0.0,25.995878
0.0,18.44739
9.09000015258789,12.712006
18.9599990844727,31.993479
7.9488000869751,6.93729
35.7599983215332,23.538136
21.4799995422363,22.408106
8.25,8.031504
-14.5920000076294,-13.895389
8.81999969482422,9.827888
15.0,25.329815
0.0,10.632786
13.3199996948242,9.600184
37.0999984741211,22.236673
13.1400003433228,9.103801
3.90000009536743,11.318714
9.88560009002686,8.869
25.9200000762939,18.18385
-63.060001373291,-160.46715
31.2000007629395,17.66678
63.7536010742188,37.320404
-22.7399997711182,-19.042082
-6.58500003814697,-20.71766
-44.3400001525879,-29.407677
20.3999996185303,16.776829
85.9817962646484,61.994713
1.07309997081757,6.2224717
-54.5880012512207,-8.006562
5.93120002746582,5.070727
-0.858299970626831,-6.0325403
14.7184000015259,72.62346
17.3712005615234,11.17021
0.0,6.764661
4.19999980926514,4.9673743
5.21999979019165,7.419993
20.6816005706787,17.812222
41.7599983215332,37.448025
91.6800003051758,106.3623
-74.7455978393555,-55.200443
148.490997314453,137.84569
19.2329998016357,15.38052
19.0848007202148,11.0684
10.3936004638672,11.339667
38.2094993591309,54.293907
3.29999995231628,2.6001925
38.4599990844727,28.257605
-22.1439990997314,-21.058533
6.57000017166138,10.249636
8.36999988555908,3.3428504
-20.4468002319336,-25.527042
17.7600002288818,64.50439
26.6399993896484,12.704751
13.6199998855591,9.548803
14.460000038147,22.717321
-17.1149997711182,-13.529695
16.0319995880127,16.085548
95.4400024414063,49.635925
11.3400001525879,17.933167
18.7199993133545,12.214683
6.90000009536743,6.0656543
13.8240003585815,12.419886
11.1000003814697,26.059309
3.83999991416931,26.0096
2.65199995040894,-6.0684166
3.69000005722046,3.7236798
17.2800006866455,13.604438
16.7399997711182,31.728651
26.3999996185303,14.054792
-18.0400009155273,-28.090906
-7.33199977874756,-16.63664
53.4519004821777,56.87295
1.86000001430511,23.715961
30.0599994659424,15.624141
23.7000007629395,15.66533
18.6872005462646,16.222357
18.4631996154785,14.321198
76.7040023803711,36.904682
6.0,24.385427
7.46000003814697,6.5032864
76.9199981689453,55.12201
30.4200000762939,35.99072
-57.2820014953613,-62.776894
5.84999990463257,16.677233
85.5599975585938,43.141132
18.4860000610352,18.51459
59.6399993896484,54.994736
9.8100004196167,6.6160865
157.440002441406,120.299
35.6399993896484,20.819954
-18.1956005096436,-7.44661
7.81199979782104,3.6934657
-90.3761978149414,-41.770035
18.2399997711182,25.43472
26.6399993896484,23.86408
10.0500001907349,24.375175
-47.5919990539551,-27.758558
2.42400002479553,-5.955577
-6.69600009918213,-4.5873184
-0.662999987602234,3.8144245
7.0,5.0953436
99.940803527832,85.521385
25.0349998474121,21.614315
31.9799995422363,20.640932
-0.747900009155273,-6.035627
84.120002746582,48.454414
10.4340000152588,8.536078
7.59999990463257,34.2074
25.6000003814697,24.761612
-24.9389991760254,-49.952625
5.94899988174438,8.733221
-8.98799991607666,12.842328
-15.4764003753662,-23.045069
-9.49199962615967,-15.092427
20.7900009155273,11.7176895
5.82000017166138,2.5772688
202.235992431641,64.351
29.6700000762939,27.471102
17.7000007629395,33.788208
109.800003051758,50.863846
10.710000038147,7.3848042
13.2600002288818,19.453814
81.7109985351563,29.595236
-58.3919982910156,-37.056168
-149.003997802734,-114.854
9.32999992370605,6.9286575
-78.9400024414063,-48.169613
-91.8030014038086,-66.9477
-376.799987792969,-232.75462
4.91699981689453,3.6001954
89.9100036621094,141.68796
13.298999786377,15.626927
-17.1149997711182,-12.8214855
66.627197265625,53.802177
23.7600002288818,16.40494
8.67440032958984,17.684828
16.9799995422363,15.803124
0.0,52.461414
78.9599990844727,41.665016
-184.203002929688,-158.0332
3.15840005874634,6.2380056
-19.0799999237061,-19.591236
0.0,58.80859
22.5732002258301,17.613512
-14.3400001525879,10.992049
-12.2040004730225,37.02585
4.96159982681274,8.202214
22.2516002655029,25.802853
1.37999999523163,9.093942
5.21999979019165,5.7857547
0.174400001764297,2.5017698
-9.87600040435791,-9.188204
5.32140016555786,7.9305367
-7.99840021133423,6.2730503
27.0599994659424,16.147844
-25.1979999542236,-40.5474
-363.528015136719,-294.58173
5.03999996185303,4.268649
19.1331005096436,-108.98243
-34.9020004272461,-24.134117
5.01000022888184,2.789002
27.4799995422363,43.415794
2.12800002098083,2.586356
10.3950004577637,12.141942
4.01100015640259,9.335901
53.8608016967773,51.140877
3.85199999809265,6.189343
67.9199981689453,56.26674
2.45819997787476,5.685851
1.72619998455048,7.0196056
-33.484001159668,-41.99925
22.6499996185303,13.869502
9.35999965667725,21.389484
12.8573999404907,-6.301848
44.9749984741211,54.349518
-2.0699999332428,17.869383
-16.8959999084473,-27.542667
89.7750015258789,34.583282
-11.9340000152588,-18.942055
-8.36999988555908,-10.34148
-146.309997558594,-116.51217
30.1499996185303,17.947716
3.50999999046326,10.433226
1.25999999046326,2.7312784
-45.2400016784668,-65.39015
4.19649982452393,8.307213
-24.4160003662109,-33.587116
-4.46400022506714,-3.7557597
8.25,7.8597503
4.51879978179932,7.9496617
6.47499990463257,8.280508
24.75,16.326008
92.879997253418,73.306725
56.5110015869141,53.505848
105.0,64.38108
153.089996337891,95.13357
4.32000017166138,15.630288
17.2800006866455,10.794827
6.65999984741211,9.527921
90.6600036621094,63.012306
166.440002441406,102.42382
-0.60479998588562,1.654753
0.660000026226044,4.2298746
17.5799999237061,32.489254
6.84000015258789,43.571663
-14.2356004714966,-8.574832
2.72790002822876,31.390944
68.1192016601563,-15.323856
19.7910003662109,16.32592
25.3799991607666,22.254276
12.117600440979,14.296995
12.960000038147,65.876625
-117.360000610352,-151.73854
-25.2779998779297,-32.89916
84.0599975585938,66.78068
20.1599998474121,32.443626
75.1500015258789,63.448067
-2.94600009918213,7.2043667
5.02199983596802,22.805555
8.09459972381592,6.6437573
5.91839981079102,9.995048
6.71759986877441,27.917536
14.8500003814697,15.992116
74.6274032592773,-9.717875
51.4739990234375,32.006645
-12.0979995727539,18.08979
84.0512008666992,79.07674
34.7999992370605,50.78822
-540.090026855469,-399.59814
4.8899998664856,19.536402
2.57999992370605,10.707105
32.5800018310547,38.22165
93.768798828125,31.074976
52.3800010681152,71.26628
-153.345993041992,-122.70139
-14.5536003112793,-14.088985
20.3400001525879,10.873978
-143.981994628906,-167.86983
52.0800018310547,32.077858
-18.0,-18.590517
10.08899974823,3.920634
7.30800008773804,7.509406
41.7599983215332,23.62772
32.939998626709,51.158924
13.6199998855591,9.750717
6.30000019073486,12.5267935
5.69999980926514,23.832254
3.0239999294281,3.3884847
-18.5400009155273,-14.891033
81.7799987792969,73.73199
12.8058004379272,25.258509
4.50400018692017,7.1837826
14.671799659729,12.759456
11.1132001876831,13.111486
78.4349975585938,39.884186
10.2600002288818,25.719498
66.2399978637695,100.36488
7.09999990463257,3.9129426
37.1699981689453,44.278976
10.9602003097534,8.963055
35.3400001525879,25.39848
12.2399997711182,13.074523
30.8999996185303,37.150658
0.773999989032745,-12.0451
17.5499992370605,12.4744425
131.820007324219,145.33943
118.620002746582,64.79539
6.0479998588562,5.2437406
57.5400009155273,52.614716
0.599799990653992,9.415894
2.09999990463257,12.966923
44.1599998474121,32.04599
7.01999998092651,6.1942596
4.43120002746582,5.437819
79.0800018310547,41.52087
76.4000015258789,46.50584
0.0,20.514616
2.2260000705719,4.632437
4.79400014877319,5.4502497
-19.982400894165,-20.995857
-13.3559999465942,-6.3579416
2.8199999332428,5.2058954
14.8800001144409,7.0861516
2.41919994354248,3.1838436
-9.63000011444092,-8.192315
212.009994506836,104.51333
103.680000305176,99.70689
-780.642028808594,-656.3908
70.0335998535156,54.387035
34.2000007629395,35.27984
48.5391998291016,40.25705
2.54999995231628,19.93996
19.1100006103516,20.622782
0.0,51.124607
1.98000001907349,8.965937
-2.86560010910034,-3.6958325
1.86000001430511,25.224207
59.939998626709,32.658535
54.0,43.65688
24.4799995422363,14.907973
7.875,11.613875
-3.68919992446899,12.12384
4.98000001907349,9.869201
7.73430013656616,10.887652
-45.434398651123,-24.834679
9.93599987030029,9.284055
2.60999989509583,6.8253636
8.90999984741211,13.759335
-14.7779998779297,36.18823
21.2040004730225,11.61465
2.22000002861023,3.4695945
8.28600025177002,28.381859
1.57500004768372,4.902968
7.76789999008179,12.425358
6.42000007629395,5.4915376
73.5839996337891,72.971115
39.3600006103516,24.48626
-14.8199996948242,-53.87388
-14.9778003692627,-1.4572642
101.639999389648,101.0293
-46.2560005187988,-30.547157
73.4100036621094,55.30717
9.56999969482422,4.653548
9.53999996185303,10.307618
11.9399995803833,7.9821315
46.439998626709,128.24806
2.64000010490417,6.04554
10.8000001907349,6.04554
64.7855987548828,37.66181
157.018005371094,125.74947
-10.4099998474121,-7.4728026
13.0375003814697,11.879937
4.17600011825562,6.439731
-35.0559997558594,-48.487747
-19.0919990539551,-15.516914
5.21999979019165,12.512903
6.41279983520508,9.883018
18.5400009155273,11.863606
9.33119964599609,11.207173
3.59999990463257,7.967157
14.039999961853,25.935589
21.6599998474121,12.716569
23.1299991607666,15.191862
0.0,5.2995
26.5904998779297,37.58532
38.8740005493164,32.240192
58.6380004882813,85.74417
15.831000328064,70.0821
58.5,36.251343
8.72999954223633,11.075443
50.6100006103516,32.785934
7.20900011062622,7.7344556
4.81180000305176,5.048819
10.4984998703003,17.045294
-27.5879993438721,-43.57413
25.4610004425049,23.525883
90.8399963378906,119.24982
23.7600002288818,22.141794
13.5,7.467749
0.566999971866608,5.1838036
-68.6447982788086,-31.43079
-5.49599981307983,-8.552115
47.097900390625,31.90523
25.6800003051758,23.465527
-4.01999998092651,-6.111611
8.9399995803833,3.8497062
-109.936996459961,2.0150452
0.540000021457672,13.153917
7.92000007629395,5.994733
43.0139999389648,23.792845
8.26200008392334,38.213974
-47.5236015319824,-43.239735
-26.3376007080078,-17.774452
112.319999694824,108.60124
23.2560005187988,21.776356
-7.93499994277954,-7.3809557
42.4500007629395,23.326077
12.7200002670288,26.315031
-0.0149999996647239,-59.05725
17.7299995422363,10.73536
18.0419998168945,6.95604
19.7700004577637,11.426419
5.5673999786377,8.157552
2.46000003814697,1.8913405
7.05000019073486,20.556406
-11.0579996109009,20.327908
4.94999980926514,6.6541643
27.5699996948242,23.393854
11.5920000076294,34.804657
47.0069999694824,24.181028
3.77099990844727,3.956429
36.5400009155273,18.82667
31.3560009002686,12.558151
16.1100006103516,21.465
12.0,13.399708
0.899999976158142,13.044134
20.6336002349854,25.678034
-31.9680004119873,-43.19871
1.15799999237061,5.882413
92.1900024414063,50.128273
39.0,23.808329
9.33119964599609,10.051993
0.0,-21.141224
-60.4080009460449,-47.47623
-28.0559997558594,9.758733
-29.4300003051758,-50.88571
5.40000009536743,13.322895
5.7979998588562,25.337893
26.7600002288818,23.11694
5.84999990463257,6.8918624
-22.1382007598877,12.884573
-24.4799995422363,-13.736161
-2.12400007247925,30.595625
-3.03959989547729,-4.5138974
-2.41199994087219,9.343198
0.0,29.941137
58.5999984741211,35.10347
36.4500007629395,20.567308
-12.6000003814697,-10.08713
-10.1759996414185,19.509382
48.0,32.070972
28.4099998474121,22.633596
131.130004882813,101.79481
17.2800006866455,11.252911
11.6814002990723,-7.1584363
-6.88159990310669,-14.490474
1.55999994277954,2.561421
33.2820014953613,32.315178
53.1599998474121,29.501764
9.21599960327148,13.003741
36.7709999084473,29.925215
17.1000003814697,22.64095
27.2099990844727,33.77399
-0.800999999046326,6.8340716
14.1599998474121,16.524183
16.4400005340576,15.773902
15.8999996185303,20.830538
69.7799987792969,46.800655
49.5551986694336,50.51828
9.53999996185303,27.011066
56.6459999084473,18.784046
14.2799997329712,12.162724
14.1599998474121,10.360782
1.19879996776581,3.9736855
6.32999992370605,3.4069946
-20.7845993041992,3.8321128
27.0111999511719,22.633596
14.2799997329712,61.070457
17.2199993133545,16.124683
14.7600002288818,11.170379
8.49419975280762,12.522992
2.60999989509583,3.08917
16.7759990692139,10.158086
-3.53399991989136,12.489681
125.160003662109,114.53296
3.66000008583069,23.495678
0.990000009536743,3.998726
15.6599998474121,21.204939
25.0380001068115,112.08457
82.9800033569336,62.565456
9.65999984741211,6.011517
2.78999996185303,2.1672547
18.7199993133545,16.13069
40.9500007629395,17.673645
2.24399995803833,30.301384
2.09999990463257,35.91645
45.2400016784668,25.370707
7.98000001907349,3.0247526
-18.1807994842529,17.481041
1.80110001564026,3.1473165
46.6199989318848,33.992157
1.95000004768372,6.2836504
17.2800006866455,15.841199
-26.9955005645752,-27.57396
4.29300022125244,6.67063
1.72800004482269,2.7056499
5.53280019760132,4.721889
17.7299995422363,21.76708
14.6700000762939,95.67729
24.0599994659424,23.559929
4.76999998092651,12.730426
22.6259994506836,23.77332
-11.835000038147,-6.5007505
-205.5,-157.21043
-2.66400003433228,10.317325
-304.223999023438,-455.22656
-20.7900009155273,-7.7292852
4.8600001335144,13.437269
1.63800001144409,3.3827913
22.9680004119873,-34.19915
-43.1370010375977,28.769255
0.0,7.8676133
3.57119989395142,8.67224
8.72999954223633,10.793911
8.2180004119873,7.6714582
-35.2151985168457,-1.323165
22.6781997680664,27.490164
20.3400001525879,10.741962
53.9216995239258,33.29672
4.92000007629395,4.2185254
13.4315996170044,10.876784
6.51000022888184,9.897625
2.09999990463257,5.00633
13.4099998474121,35.449844
-3.56399989128113,-7.1153135
36.2999992370605,23.453897
-51.4799995422363,-31.52511
1.08000004291534,5.9046454
-18.6299991607666,-18.761345
-10.1280002593994,-4.8508606
-48.1679992675781,-52.94482
-165.072006225586,-120.766106
48.75,65.23458
-6.15000009536743,-18.97001
-10.326000213623,-13.210542
-21.6480007171631,-20.557373
20.8799991607666,109.12994
3.08139991760254,3.158367
69.5999984741211,65.25882
178.199996948242,112.94438
6.17999982833862,4.2536573
-26.6490001678467,-27.037632
-6.48299980163574,-12.704519
68.6484985351563,88.886185
-22.4580001831055,-25.296501
-28.5179996490479,-25.95527
165.360000610352,101.449585
62.4300003051758,69.09512
8.5319995880127,6.6039553
19.875,31.575388
0.10080000013113,3.2442381
6.99900007247925,11.800447
69.7050018310547,55.03172
6.64680004119873,5.566449
5.25279998779297,0.16291448
5.55660009384155,9.338499
12.7007999420166,12.946666
17.5240001678467,11.156985
-10.2419996261597,-10.028801
-1.83920001983643,-1.546267
0.239999994635582,10.1315975
9.53999996185303,9.284979
-4.5770001411438,-2.2327957
1.35599994659424,18.93933
2.54520010948181,4.086623
70.3119964599609,44.682148
57.1199989318848,68.11284
-13.3199996948242,-6.740569
33.4199981689453,15.92311
-2.84999990463257,-5.1738577
14.754599571228,8.213692
-14.7931003570557,24.83455
67.620002746582,59.18907
1.11000001430511,6.0021453
0.693000018596649,1.226343
93.5999984741211,50.622375
28.0799999237061,50.962887
7.33860015869141,5.964695
9.96000003814697,32.19417
-0.0120000001043081,-33.448997
4.22240018844604,6.707185
5.30999994277954,7.4337263
33.2400016784668,50.86511
71.2799987792969,64.108475
51.9000015258789,21.776001
74.3399963378906,88.63516
11.7741003036499,27.56538
2.90700006484985,7.12412
67.6500015258789,32.27259
61.6199989318848,99.373924
2.27999997138977,5.326541
20.5499992370605,15.829918
4.87799978256226,19.831646
-6.61499977111816,-6.1945276
14.5139999389648,37.993202
32.5950012207031,15.794985
15.8400001525879,20.920786
50.4599990844727,36.03309
30.4500007629395,78.405205
-12.4440002441406,-18.134455
27.3600006103516,27.65821
-2.40000009536743,-6.4290986
-23.507999420166,-13.6475725
-123.947998046875,-215.58647
-50.5559997558594,-75.007515
-86.0640029907227,-154.74626
116.550003051758,61.53414
9.0600004196167,10.129567
4.59600019454956,-21.955736
110.339996337891,61.787315
3.53999996185303,7.3196044
7.92000007629395,-12.472046
6.48640012741089,11.451523
5.69999980926514,4.049583
21.2399997711182,12.297158
54.7200012207031,28.912035
58.1399993896484,40.180534
51.8400001525879,18.912651
8.88000011444092,7.933134
25.8600006103516,16.131842
36.9000015258789,46.99899
54.1800003051758,42.47975
38.2667999267578,39.797146
12.960000038147,13.038128
84.9599990844727,99.34022
20.3999996185303,66.37214
11.5200004577637,7.933134
67.2742004394531,56.402565
-82.2239990234375,-63.412952
-4.56799983978271,-6.516102
62.2379989624023,17.484982
-4.3439998626709,-34.99448
1.04999995231628,6.0512886
30.4682006835938,23.07399
0.839999973773956,1.4512292
36.3600006103516,26.768208
7.05600023269653,7.5323253
86.3855972290039,54.619137
9.71759986877441,28.677872
20.3400001525879,37.930466
-150.429992675781,-277.30167
17.9099998474121,9.960427
5.17500019073486,6.9783044
114.611999511719,37.93769
37.6391983032227,19.35376
42.0744018554688,30.291573
1.32000005245209,6.7751617
-28.6271991729736,-33.57174
152.087997436523,69.84434
8.64000034332275,-31.008993
4.59000015258789,37.508152
16.2000007629395,26.32416
99.6984024047852,36.98036
5.40000009536743,47.752457
-70.5120010375977,-61.09171
49.4970016479492,49.293
-34.627498626709,-26.339268
4.32000017166138,20.664528
-55.0919990539551,16.61494
18.6956005096436,17.871826
6.55200004577637,7.4867735
9.42840003967285,9.427917
33.6473999023438,23.74611
16.9200000762939,16.643103
1.01999998092651,3.0685325
84.5999984741211,59.471687
90.644401550293,36.44797
0.0,16.731722
1.32000005245209,6.5633903
6.65999984741211,5.6255727
42.9914016723633,30.71622
2.73359990119934,3.2565036
43.2000007629395,122.34532
-309.600006103516,-234.62567
15.539999961853,23.471342
15.8400001525879,16.111689
21.596399307251,18.820925
35.5379981994629,18.301987
0.824999988079071,7.2746015
10.5299997329712,57.84837
133.440002441406,64.84627
4.08300018310547,11.500244
11.8500003814697,31.029913
29.9400005340576,13.285256
27.3600006103516,23.458248
97.0500030517578,50.81719
65.0999984741211,115.82085
21.2399997711182,40.652187
7.92000007629395,7.5201893
25.3799991607666,22.023813
10.0799999237061,7.729595
54.5999984741211,86.04997
18.4500007629395,20.911396
5.48999977111816,3.3075712
20.0400009155273,13.736868
143.910003662109,79.75503
31.1490001678467,53.13315
157.468994140625,115.09771
7.19999980926514,7.844547
47.939998626709,58.664272
11.039999961853,21.49025
12.831600189209,11.728066
9.89999961853027,6.724671
6.75,6.328032
46.2299995422363,59.720207
-2.40300011634827,9.014346
26.3966999053955,65.28711
-8.10000038146973,-5.7804346
-24.9839992523193,-15.278719
8.22599983215332,-36.769604
2.36999988555908,4.597924
137.151000976563,110.19291
80.5199966430664,51.558323
0.0,2.6326673
4.55999994277954,17.070923
78.7200012207031,50.533787
6.90000009536743,5.860984
148.994995117188,78.5435
-3.90400004386902,-8.76374
52.8227996826172,32.15627
-53.25,90.8085
-116.620002746582,-125.306694
-2.67840003967285,-4.5138974
17.7744007110596,14.199964
5.89139986038208,7.921889
12.2246999740601,10.493644
76.2525024414063,54.51658
41.4000015258789,26.464502
-22.7280006408691,34.64822
7.77279996871948,10.40429
58.3380012512207,25.63643
-3.22399997711182,-7.791747
56.8800010681152,42.6753
1.86000001430511,4.9884243
15.5232000350952,13.455155
-7.07100009918213,-11.34012
10.8000001907349,26.504223
6.0,9.123662
-20.5046997070313,-18.26691
41.2799987792969,47.585087
11.1599998474121,10.38918
-98.4240036010742,-67.06701
19.9500007629395,17.414566
109.237998962402,87.91323
3.11999988555908,9.268222
69.1992034912109,62.222275
4.27169990539551,3.2944367
-5.48699998855591,-4.068197
-64.7748031616211,-4.4084206
0.610199987888336,11.191008
30.3199996948242,16.09667
6.3600001335144,4.01556
6.55999994277954,39.584064
11.1599998474121,7.8181825
-1.96560001373291,-1.8285664
3.55049991607666,4.0538573
31.9319000244141,32.898315
44.5961990356445,27.1159
33.5999984741211,16.747026
17.6399993896484,13.402327
0.479999989271164,2.9853663
0.720000028610229,4.901768
32.5800018310547,24.084753
21.6599998474121,13.084487
12.3599996566772,22.321064
83.9700012207031,32.145287
4.28000020980835,5.4163713
-36.2924995422363,13.3023615
13.6440000534058,19.395155
0.75,2.6380844
118.983001708984,86.12827
3.79200005531311,3.02344
110.339996337891,59.001892
12.6400003433228,21.8011
141.723007202148,52.06171
-6.97499990463257,-12.248836
14.8752002716064,49.992958
37.8629989624023,79.031296
72.5344009399414,73.66386
15.0,42.182083
83.6999969482422,47.68377
12.7799997329712,15.8418865
16.9799995422363,9.946153
23.4720001220703,58.0901
81.3539962768555,85.82977
88.1999969482422,131.57547
0.569999992847443,1.681934
0.833999991416931,3.002574
-12.2159996032715,-10.866835
-4.7519998550415,-2.754928
34.5,22.301197
172.259994506836,92.62189
6.84000015258789,3.9198666
34.4231986999512,21.832941
13.486499786377,15.115791
3.48480010032654,3.6502404
-37.1124000549316,-28.924503
60.5950012207031,46.852993
103.898002624512,67.80473
15.0299997329712,10.135252
7.40999984741211,3.5847485
-2.00160002708435,-2.1675973
-28.1040000915527,-38.06665
12.9119997024536,5.716644
59.6399993896484,104.57724
-53.7319984436035,-83.061195
-10.6319999694824,6.5582027
137.759994506836,101.10411
65.6039962768555,29.765888
199.699996948242,90.78661
-50.568000793457,-66.22674
-73.1760025024414,-44.486217
30.9120006561279,7.8217907
4.1399998664856,9.150963
4.39020013809204,0.08269474
2.22000002861023,3.145237
1.38399994373322,2.2471614
0.0,45.846603
14.0699996948242,26.791538
103.599998474121,52.240337
6.03999996185303,16.562279
1.20000004768372,3.929298
-1.08000004291534,1.5745921
5.82000017166138,2.3137262
3.60179996490479,3.7190936
92.879997253418,59.872494
8.79899978637695,13.7717495
1.90240001678467,3.1989868
139.559997558594,93.851555
50.3832015991211,55.177036
25.9200000762939,16.562279
12.3599996566772,22.630047
4.39039993286133,7.089153
16.5240001678467,82.20913
3.43199992179871,-19.283375
0.449999988079071,5.3823485
2.64000010490417,7.933134
34.2599983215332,41.007935
-41.1660003662109,-27.854206
16.8209991455078,11.622855
6.22079992294312,7.5784082
14.3999996185303,11.129534
97.379997253418,68.73027
109.919998168945,48.08414
-48.7839012145996,-49.81409
6.71999979019165,7.933134
13.0094995498657,12.27717
2.14199995994568,4.564647
1.52999997138977,3.9992661
4.67999982833862,6.011517
39.5400009155273,20.896479
-13.6319999694824,-6.2536907
-10.2419996261597,-12.36834
5.57999992370605,8.638696
41.9199981689453,30.572083
0.730000019073486,1.8765104
-3.82080006599426,-8.579552
6.25500011444092,8.448381
-35.3279991149902,-16.177275
3.72239995002747,-1.5634925
4.80000019073486,9.678903
28.8575992584229,24.223343
-247.091995239258,-157.60152
15.3999996185303,21.026108
-28.7964000701904,-34.226025
18.235200881958,21.239866
11.0860004425049,10.557781
9.19999980926514,25.146788
3.16540002822876,5.2252502
4.79400014877319,6.397582
5.57999992370605,4.3533916
1.20640003681183,6.0894723
-68.3280029296875,-39.538616
16.5599994659424,10.846205
25.3199996948242,60.764763
27.5400009155273,24.48626
71.8199996948242,35.04091
36.7173004150391,38.331512
1.61280000209808,2.7657914
2.14019989967346,3.184347
-4.19999980926514,7.240045
35.2620010375977,24.264753
12.4415998458862,12.432787
62.3699989318848,52.01677
60.8639984130859,-7.8241334
-10.2480001449585,-7.4233007
26.7600002288818,13.193397
14.039999961853,24.446241
38.8800010681152,42.07262
13.3176002502441,75.22717
-37.9360008239746,-41.700817
6.68800020217896,6.5522084
9.11999988555908,9.381547
13.1400003433228,13.124876
78.1953964233398,72.960205
6.59999990463257,12.525177
29.3400001525879,26.389212
11.5799999237061,24.48026
44.2799987792969,65.18344
10.2399997711182,8.334933
3.80480003356934,4.2966895
50.3279991149902,51.0223
5.40000009536743,3.3152304
52.6500015258789,44.470264
30.2777996063232,18.720366
38.5722007751465,-7.413934
60.2999992370605,29.969429
-21.5249996185303,-7.8094053
-21.8880004882813,-20.474321
-14.2290000915527,-14.423628
10.0799999237061,9.118009
51.5999984741211,43.23039
12.7019996643066,6.501005
35.4000015258789,19.362024
160.623001098633,113.08713
10.7300996780396,12.383326
67.8600006103516,36.642918
15.0984001159668,13.071362
15.4871997833252,12.407325
3.15520000457764,5.6309323
-22.7880001068115,-18.169403
5.86040019989014,7.5784082
-5.19680023193359,-2.056598
9.7608003616333,10.074299
-11.7840003967285,25.44284
-75.1920013427734,-71.88425
14.0859003067017,10.352396
13.5539999008179,7.2956085
10.8000001907349,5.9195523
147.251998901367,47.77741
78.0719985961914,78.671844
3.32999992370605,2.4444718
1.79999995231628,2.963333
-111.499000549316,-122.70142
96.1500015258789,67.93057
1.00080001354218,3.6341403
-8.31599998474121,-6.105226
11.5136003494263,21.452631
9.60000038146973,7.4506226
-18.8363990783691,-16.74398
15.3929996490479,21.411547
6.51639986038208,4.471011
81.7020034790039,38.58241
1.81439995765686,5.2750273
0.333600014448166,2.0195744
7.98000001907349,4.4442596
2.64120006561279,6.243001
218.399993896484,140.71484
38.5800018310547,18.794672
14.9399995803833,7.626573
11.7840003967285,12.885852
-5.07000017166138,-7.469248
-28.1700000762939,-37.949657
23.5200004577637,82.871
-32.8800010681152,-29.410019
73.4789962768555,38.50467
12.9840002059937,5.2618823
19.3500003814697,11.83925
-60.5849990844727,-97.85185
-12.2849998474121,-8.704147
49.2299995422363,32.41778
-106.680000305176,-98.547325
6.22079992294312,7.848199
-28.4099998474121,-18.672737
0.470999985933304,3.899196
-18.4624004364014,-18.503164
39.4438018798828,69.80931
4.76999998092651,11.4777775
7.02899980545044,-0.44606444
6.96000003814697,7.0889583
7.80959987640381,10.689925
-73.2666015625,-52.337746
113.462997436523,49.33546
1.67999994754791,6.647766
32.2322006225586,26.974117
0.0,43.523773
41.5518989562988,83.12316
4.38000011444092,1.9889979
6.32000017166138,11.040945
10.6199998855591,11.129709
20.0,27.207226
8.15999984741211,5.3450375
79.1399993896484,96.3068
-75.1679992675781,-121.880264
19.7399997711182,14.058525
31.6399993896484,15.587378
-26.8199996948242,39.074394
10.6199998855591,58.688393
14.5151996612549,13.130498
-3.80399990081787,-5.651008
-534.744018554688,-377.20047
-68.2379989624023,-66.11645
-27.9599990844727,-48.41885
-21.3120002746582,-15.462232
76.5599975585938,43.88586
-57.2820014953613,-60.97171
48.1199989318848,59.165314
4.80000019073486,4.5933795
-8.26200008392334,-7.653907
3.15700006484985,3.0300088
39.0,24.827343
4.32000017166138,20.486843
-17.7719993591309,-33.77829
19.5184001922607,8.177643
35.6399993896484,29.969429
12.960000038147,38.198612
10.4399995803833,9.293624
-26.2019996643066,-25.550201
6.53399991989136,6.4912534
15.5989999771118,17.353294
0.0,107.11869
11.8800001144409,16.422201
4.80000019073486,3.3106258
21.8700008392334,32.002937
0.744000017642975,-5.4946175
11.7741003036499,27.36796
74.3399963378906,48.225204
34.0800018310547,21.345844
25.5111999511719,25.052305
23.2800006866455,13.273897
75.2399978637695,73.83067
22.2444000244141,22.186884
1.375,4.022387
0.382200002670288,2.0535972
7.98000001907349,9.876262
77.3610000610352,46.733746
72.6408004760742,68.424995
16.4051990509033,14.22823
0.470600008964539,1.5921841
2.51999998092651,14.832685
60.5527992248535,38.244373
133.970993041992,103.91281
15.7799997329712,16.400137
0.0,35.192455
53.25,32.08574
3.12120008468628,2.7554283
-47.1660003662109,-40.58819
40.1040000915527,20.068016
7.73999977111816,10.433258
32.7599983215332,20.937521
-13.8959999084473,-12.059817
24.6599998474121,22.467125
8.34000015258789,12.766331
-2.52600002288818,7.4955096
27.2700004577637,108.499794
15.8400001525879,9.159909
13.1400003433228,68.08857
20.3999996185303,23.85008
4.48920011520386,5.685658
7.42560005187988,8.375346
21.9689998626709,10.497538
5.69999980926514,5.8194795
7.26300001144409,4.316395
3.32399988174438,7.239683
69.9000015258789,40.234203
78.4395980834961,95.570335
9.65999984741211,5.6557145
-1.51199996471405,-29.903206
158.759994506836,103.92848
19.9799995422363,23.85008
-90.2040023803711,-53.392597
174.996994018555,58.880478
-10.6800003051758,-6.279831
41.2200012207031,24.579632
31.4099998474121,11.570367
8.57999992370605,6.04554
2.64000010490417,7.967157
46.560001373291,24.362091
218.160003662109,137.48622
6.20160007476807,6.3367553
4.14720010757446,4.8131857
1.52999997138977,12.314783
-22.2000007629395,-17.969913
-0.0839999988675117,30.114834
-1.51999998092651,-3.6642034
75.0,42.394436
5.87440013885498,25.519009
0.0,3.027673
11.5431995391846,13.878238
4.91039991378784,4.9590735
30.2315998077393,18.829802
29.3309993743896,-54.198708
12.3479995727539,6.8911967
1.5900000333786,9.144403
-38.5620002746582,-27.340775
-8.22399997711182,-7.086049
-13.6979999542236,-10.311207
62.7369995117188,42.669315
-48.1679992675781,-52.635746
1.32000005245209,3.7242472
8.1899995803833,94.841484
7.81920003890991,8.341324
4.32959985733032,4.58103
9.19540023803711,12.255318
-98.4120025634766,-97.74512
3.09960007667542,2.6962245
5.25,62.133648
24.2695999145508,20.540115
2.70000004768372,22.886566
8.67300033569336,11.2043
35.3345985412598,21.170557
45.4869995117188,50.950233
9.60000038146973,10.44937
58.1790008544922,38.50075
10.5,15.692388
10.8000001907349,6.011517
-13.8030004501343,-10.806534
99.2300033569336,53.22937
83.8679962158203,79.6896
8.27999973297119,32.985626
12.3760004043579,16.49312
-18.4799995422363,-8.748696
-106.416000366211,-83.490845
31.6000003814697,23.144527
6.84000015258789,6.1548934
109.040000915527,45.82299
35.8800010681152,24.799025
4.32000017166138,3.0248897
23.9400005340576,20.678877
41.6800003051758,19.277363
6.74399995803833,-13.619148
9.10200023651123,7.8929415
66.5087966918945,43.881348
9.89999961853027,17.373919
-10.6440000534058,-9.911152
209.789993286133,121.44922
23.2399997711182,100.964615
35.1890983581543,-6.4271874
-11.9280004501343,-17.832897
12.4415998458862,12.8195915
20.9207992553711,17.754606
5.88000011444092,5.755198
25.9200000762939,16.182703
-0.293999999761581,4.5306244
57.6990013122559,32.32636
4.19999980926514,3.0901499
-5.08199977874756,-12.513677
12.6899995803833,10.298392
4.75600004196167,5.5919886
150.621002197266,108.78029
9.47999954223633,25.761904
9.72000026702881,5.8194795
86.25,47.75658
-18.7740001678467,-17.740593
12.1499996185303,6.9404325
13.1639995574951,12.489681
-41.6730003356934,-87.57649
32.0400009155273,49.00666
7.76789999008179,12.3913355
11.1599998474121,23.856443
7.32000017166138,49.33975
-4.95599985122681,-14.307517
54.3331985473633,35.939064
11.8800001144409,15.50556
-12.7440004348755,74.45279
-4.88399982452393,-4.049079
138.960006713867,72.741516
134.820007324219,87.19574
3.89499998092651,-1.3947933
15.0120000839233,12.427833
75.8399963378906,97.140465
-6.53999996185303,-49.622227
26.4599990844727,53.339283
4.11600017547607,6.8703475
48.4199981689453,35.278587
17.5499992370605,80.59277
2.07999992370605,5.6008368
36.5400009155273,24.605162
0.706499993801117,5.5963383
69.786003112793,42.354103
-2.98799991607666,12.903918
-80.3519973754883,-81.89857
5.43319988250732,5.0147963
-175.962005615234,-121.8369
17.4974994659424,34.25246
-9.14400005340576,-27.393116
14.8000001907349,12.420668
2.85599994659424,14.845249
2.70000004768372,13.463957
25.6800003051758,24.767897
19.5599994659424,11.891334
8.01000022888184,3.4052079
-8.66699981689453,12.657944
24.4500007629395,26.498993
-12.6750001907349,-24.816751
-2.15039992332458,-4.754725
39.9599990844727,21.814945
-9.09440040588379,-9.916879
-3.66269993782043,-6.246784
24.7199993133545,25.146788
3.38459992408752,-0.4026872
47.2589988708496,19.65873
6.87139987945557,6.4209294
19.1399993896484,12.436894
25.0200004577637,38.02064
-0.855000019073486,-7.67867
17.6399993896484,23.151026
3.1800000667572,3.7677011
59.2200012207031,30.53721
-13.6487998962402,-10.38433
-23.5979995727539,-64.26563
143.550003051758,68.24132
1.55999994277954,3.9693162
-20.9249992370605,-23.593336
43.6800003051758,26.061972
106.5,61.47453
17.5447998046875,19.421501
73.0199966430664,41.746967
13.582200050354,-5.45678
8.06400012969971,20.508404
-140.309997558594,-190.25967
-84.056999206543,-45.655113
132.589996337891,110.06762
-4.19999980926514,-6.683005
14.9555997848511,20.422197
6.93839979171753,8.932054
15.960000038147,22.813261
31.6000003814697,33.131477
9.53999996185303,12.402872
41.8499984741211,14.164245
13.7340002059937,10.199644
64.1399993896484,75.2653
4.52400016784668,8.208565
-11.5799999237061,-9.896692
0.299600005149841,2.2023265
13.4280004501343,13.938069
3.66000008583069,3.6409807
3.11039996147156,6.55292
30.6599998474121,49.976223
14.7600002288818,10.459426
24.3299999237061,15.9924555
-41.4000015258789,-165.13676
3.88220000267029,4.857444
-1.01400005817413,5.799247
-36.4560012817383,-33.52967
-64.995002746582,-52.955814
8.80440044403076,9.410724
-11.9099998474121,-12.194528
15.5520000457764,15.447312
151.031005859375,75.88011
-3.48659992218018,-24.073086
17.1000003814697,12.529012
-1.86119997501373,11.971551
-11.6099996566772,-8.17585
-73.8000030517578,-45.769558
3.48000001907349,3.76102
-88.9560012817383,-41.041733
-14.5656003952026,-10.054915
6.40000009536743,21.76708
-74.4960021972656,-27.891867
-18.5562000274658,-24.606781
-61.4654998779297,28.24848
11.8767995834351,11.032013
0.0,22.498144
4.44000005722046,6.2632327
7.1100001335144,9.93961
55.439998626709,47.984894
-13.6140003204346,-51.51559
32.7285003662109,24.875807
0.479999989271164,4.961866
-13.6000003814697,-30.510715
46.5750007629395,42.484425
104.061996459961,26.886524
1.88999998569489,2.0463104
1.35000002384186,15.991347
238.440002441406,131.47418
4.06869983673096,-1.6583257
16.3799991607666,10.365903
21.4799995422363,14.943611
41.5800018310547,19.57687
-35.568000793457,-19.263678
11.8500003814697,31.544352
44.4000015258789,47.267574
-3.57119989395142,-5.079083
12.6599998474121,23.486624
-16.3799991607666,-12.625001
35.880298614502,12.457851
-213.494995117188,-59.462868
8.64000034332275,6.0665517
-3.27600002288818,-7.236774
-36.2560005187988,-27.394184
-13.5719995498657,20.61616
9.35999965667725,23.092512
-14.9840002059937,-18.588793
2.40000009536743,10.753509
35.8199996948242,21.890892
2.95499992370605,17.122963
17.9591999053955,15.106925
9.86699962615967,-69.02171
2.2590000629425,18.792501
40.1399993896484,30.026672
-93.5879974365234,-71.814476
5.40000009536743,48.70148
-131.397994995117,-149.03384
2.59800004959106,7.1628394
5.90399980545044,37.560295
127.100997924805,89.07681
-0.953999996185303,4.0731993
9.92000007629395,19.3321
6.3899998664856,3.2226195
-32.92919921875,-5.269624
5.01000022888184,2.5518227
1.74000000953674,10.283309
4.43120002746582,6.3974586
0.0,13.258258
82.9292984008789,57.757416
-8.0939998626709,-2.891521
-1.97599995136261,-6.656804
-6.06599998474121,23.607391
11.8500003814697,12.343389
22.5,17.213171
8.10719966888428,30.096596
0.0,30.6121
-1.46399998664856,-4.8408456
-151.080001831055,-88.78465
32.7089996337891,8.856138
9.44999980926514,21.950573
10.0530004501343,7.239683
9.77999973297119,4.829806
11.8500003814697,17.341291
0.509999990463257,1.5954998
26.9699993133545,18.743504
5.51999998092651,6.834678
9.89999961853027,15.203058
-46.9440002441406,-28.254301
44.6940002441406,27.312862
1.91999995708466,13.362486
18.6450004577637,11.573857
2.47979998588562,-31.020319
2.14000010490417,5.45778
-3.85500001907349,-1.0810544
27.6000003814697,32.43849
60.3899993896484,36.970337
152.669998168945,74.08434
7.55999994277954,6.1264696
10.6199998855591,6.998557
26.9023990631104,23.981344
11.0880002975464,7.5695505
57.8880004882813,33.29212
-60.5279998779297,-114.05791
90.7200012207031,49.01749
-2.69099998474121,4.687792
64.4400024414063,32.265736
19.6800003051758,9.8536215
-55.7130012512207,-34.073128
10.8599996566772,30.301832
47.2410011291504,18.872196
15.7430000305176,20.220205
100.480003356934,70.744316
10.5299997329712,6.1264696
4.59000015258789,35.32537
18.0,26.688494
-146.850006103516,-83.85422
-2.71600008010864,-5.625993
66.0419998168945,24.109207
39.492000579834,15.308021
91.9953994750977,32.45792
8.90999984741211,9.793855
57.2400016784668,41.076588
6.17999982833862,12.268574
30.7800006866455,26.349304
12.7799997329712,8.097761
6.51000022888184,3.467383
203.039993286133,154.27605
78.4395980834961,104.179924
9.29004001617432,52.422817
-1.48800003528595,-4.7576795
56.5662002563477,24.489527
0.600000023841858,8.082786
48.689998626709,35.40854
-15.1766996383667,-21.467667
69.8130035400391,38.786587
0.0,114.68856
25.6319999694824,81.30394
110.910003662109,59.297863
-4.85879993438721,-33.037563
-16.007999420166,36.379784
8.48999977111816,10.76414
9.71640014648438,22.407415
168.240005493164,106.71383
96.3899993896484,70.96864
23.3999996185303,13.534668
24.4799995422363,28.217161
4.94999980926514,14.804606
2.88000011444092,10.004841
78.7200012207031,48.325165
-6.03240013122559,-4.6888356
7.1399998664856,7.134101
58.6710014343262,19.7714
-70.6559982299805,-90.36645
80.4599990844727,70.82483
-320.239990234375,-375.82443
37.4000015258789,25.0582
153.929992675781,86.82564
6.79500007629395,8.701803
18.4799995422363,23.51136
0.0,29.55648
32.6332015991211,22.681787
-12.5880002975464,-15.047316
-6.98999977111816,-12.423551
5.51999998092651,61.49887
-5.46719980239868,-10.99352
5.46000003814697,12.435115
49.80419921875,68.59314
25.8983993530273,30.434082
1.353600025177,3.1896727
15.75,15.474319
9.0,5.799784
111.823997497559,108.90682
55.7400016784668,63.82314
-51.8235015869141,-23.937428
63.8880004882813,24.612272
18.6000003814697,16.783075
-36.0719985961914,-63.651615
-12.496000289917,5.1365314
39.5730018615723,11.617054
215.865005493164,128.40723
-12.2639999389648,-6.1143584
-6.78599977493286,-9.310417
48.3771018981934,34.441315
0.912000000476837,7.039008
-8.98200035095215,-9.340318
11.8205995559692,14.128753
12.3599996566772,15.775352
0.0,11.912283
3.21000003814697,5.983236
79.875,36.497986
-20.4360008239746,-54.63038
17.7299995422363,21.678493
4.80000019073486,122.06773
12.6599998474121,23.432056
-36.492000579834,-24.720676
0.720000028610229,5.1375384
37.7999992370605,44.03972
13.8900003433228,60.98189
18.8400001525879,25.763985
-6.59999990463257,-6.294416
-149.100006103516,-81.73917
17.8400001525879,15.198959
-6.06400012969971,-8.377317
-4.83599996566772,-4.812142
-26.1695995330811,-31.023571
121.092002868652,41.6896
7.90000009536743,10.791638
88.6800003051758,49.086086
8.4689998626709,-18.251095
71.4599990844727,69.78579
5.44000005722046,6.4125304
27.0,14.0268135
16.2000007629395,9.973266
49.6800003051758,26.584179
130.139999389648,94.882416
3.1800000667572,6.6299944
17.0268001556396,19.374168
16.3199996948242,12.20857
-27.9312000274658,-32.61899
-50.8703994750977,6.528053
146.699996948242,75.75868
-6.08900022506714,-18.753435
-18.0881996154785,-48.84
5.09999990463257,3.8580818
29.9699993133545,15.82346
10.5600004196167,16.347538
11.1599998474121,29.146093
44.9580001831055,14.331515
82.3379974365234,33.266518
34.2480010986328,16.842234
6.59999990463257,6.246541
-1.50300002098083,12.331403
183.149993896484,95.19276
174.014999389648,46.130604
101.958000183105,38.412617
-6.48799991607666,-6.6963534
3.68549990653992,8.913471
14.7600002288818,16.603107
9.98999977111816,12.899559
2.75999999046326,5.5985713
68.4000015258789,112.83432
30.7199993133545,18.381294
22.9500007629395,24.407946
-3.91499996185303,13.562672
27.5400009155273,19.629164
4.87200021743774,7.0576034
-1.91999995708466,7.0049853
-31.5240001678467,75.008736
144.0,123.56066
0.0,19.445105
-55.8400001525879,-66.919876
8.5024995803833,13.39572
-4.1399998664856,15.615766
-12.9720001220703,-38.06665
36.1836013793945,47.917156
116.699996948242,57.67488
-3.55800008773804,-5.1652036
-7.73999977111816,-9.981158
13.1999998092651,13.841729
-7.36199998855591,19.63791
9.67119979858398,7.9481325
-6.13800001144409,23.828028
17.5139999389648,13.381403
52.3800010681152,70.23804
-76.4800033569336,-68.59626
1.83539998531342,7.3218126
-13.5539999008179,-54.364883
5.45039987564087,30.08082
73.8720016479492,47.57337
-23.2600002288818,-49.990173
0.584999978542328,2.322392
11.6999998092651,6.624282
5.40000009536743,31.884193
22.2264003753662,19.620083
-2.57489991188049,22.5503
5.44320011138916,6.655534
5.38199996948242,7.902764
-115.430000305176,-131.60068
-8.67599964141846,-5.146305
1.271399974823,5.955291
-4.80000019073486,-6.249037
-3.49140000343323,-1.9033804
50.3959999084473,67.890114
-40.7685012817383,-81.69801
50.3400001525879,59.606716
-149.255996704102,-117.488914
-14.2080001831055,-18.510042
-1.86600005626678,-6.0357676
96.7799987792969,67.22423
35.6636009216309,32.42762
5.12939977645874,-2.3755586
20.7807998657227,19.206682
24.6000003814697,25.314682
7.02180004119873,8.9010935
98.879997253418,65.46637
-4.67519998550415,-8.926577
-2.83080005645752,-5.677958
22.8999996185303,14.175357
1.24000000953674,16.52514
25.0200004577637,38.34974
10.4399995803833,98.75704
39.1199989318848,23.510931
1.20379996299744,2.1421854
3.29999995231628,3.1885967
3.0,3.1885967
1.63999998569489,13.058361
34.9799995422363,39.63608
23.5799999237061,66.91323
9.39599990844727,8.430937
10.5600004196167,5.8380194
218.160003662109,124.59869
33.7799987792969,27.90943
2.22000002861023,3.6527505
21.9599990844727,39.8203
11.1943998336792,5.048947
13.0799999237061,9.9589405
3.24000000953674,6.915003
7.03999996185303,9.826318
19.9200000762939,13.368304
5.11999988555908,10.099065
76.6999969482422,93.5184
-120.513000488281,-96.941154
39.0,97.10346
4.5,27.337864
49.560001373291,34.455963
10.0200004577637,5.4915376
-356.727996826172,-295.49017
8.03999996185303,10.44937
36.2400016784668,105.79827
18.8400001525879,9.740296
8.39999961853027,17.618458
24.7800006866455,16.83661
-44.3279991149902,-57.510597
9.0600004196167,5.3497844
8.10000038146973,13.084487
5.36999988555908,3.7906911
0.100000001490116,1.2711412
6.71999979019165,4.2536573
2.32200002670288,3.9186938
35.2799987792969,23.567802
7.07999992370605,5.6516147
-12.4949998855591,-12.73048
-14.7239999771118,6.4718585
0.0,-30.135414
25.6800003051758,18.541187
10.6470003128052,12.524978
73.1940002441406,-27.718193
-11.6319999694824,-9.35111
-49.3800010681152,-80.52908
5.82000017166138,3.3961594
3.64000010490417,-59.061985
114.360000610352,67.04247
-6.31500005722046,-17.333973
8.47799968719482,8.953821
6.71999979019165,5.8942933
4.1399998664856,2.0808856
12.1199998855591,6.6334386
35.4000015258789,19.328005
12.4200000762939,23.465086
51.2400016784668,26.475636
24.2880001068115,13.288732
0.0,56.980946
8.57999992370605,27.941832
2.75999999046326,3.6105292
0.959999978542328,5.0606394
24.913200378418,20.712126
4.1100001335144,2.9102037
18.9599990844727,14.019662
2.25,0.8821058
-1.3860000371933,-5.6455407
-5.92799997329712,-9.59347
78.7799987792969,120.91094
33.4199981689453,24.292494
17.2800006866455,74.31929
51.8400001525879,29.616526
-4.01999998092651,-9.045425
5.03999996185303,10.811336
-22.8799991607666,-15.79165
14.9250001907349,15.401318
-18.2159996032715,27.82677
-149.561996459961,-95.218254
81.0,65.045906
38.5200004577637,87.83178
23.2800006866455,25.946623
11.4029998779297,7.5644026
11.756799697876,8.929816
-24.1380004882813,-28.364595
-3.05100011825562,5.2756567
0.0,8.289932
6.51000022888184,5.8594966
-1.16999995708466,-6.570846
82.3199996948242,63.066525
-29.4720001220703,-26.6604
3.59999990463257,3.6453981
-28.8320007324219,-24.05323
40.273998260498,41.787037
23.3999996185303,21.026108
6.84000015258789,4.0214853
2.51999998092651,30.572083
6.22079992294312,7.902764
8.99100017547607,11.704257
20.7900009155273,16.337349
-20.7240009307861,-23.919262
-12.539999961853,-22.917107
15.3599996566772,13.501099
-50.8440017700195,-46.882473
25.7999992370605,66.8309
-7.33199977874756,-14.64241
12.6000003814697,14.619253
14.9743995666504,12.555511
13.4963998794556,12.897519
2.25,4.282387
-203.796005249023,-119.75526
9.33119964599609,10.46494
49.2299995422363,30.25958
7.5991997718811,6.571409
6.32000017166138,11.190805
3.05999994277954,23.559929
21.0,15.297388
42.1800003051758,67.17559
4.5,7.0154524
13.8000001907349,13.665254
5.78000020980835,9.414553
-160.434005737305,-142.45105
0.360000014305115,13.31863
-3.70799994468689,8.524487
50.7599983215332,42.683346
9.96000003814697,20.541344
-3.45600008964539,-6.935221
26.3493995666504,30.77092
-0.063000001013279,22.831808
62.685001373291,70.501686
42.2400016784668,26.406183
14.3999996185303,61.40938
-7.39200019836426,-12.931469
6.55380010604858,4.34537
-320.239990234375,-350.90332
4.52010011672974,5.015543
16.4699993133545,9.810894
21.2520008087158,15.573176
-123.744003295898,-70.27961
8.69999980926514,15.394805
-9.47999954223633,12.780944
9.3120002746582,9.086892
3.75300002098083,5.3279614
-41.2620010375977,-64.049545
47.035099029541,43.89967
9.84239959716797,-1.6231917
31.4820003509521,33.173836
5.33920001983643,6.7568693
1.07000005245209,5.423757
32.1300010681152,22.8932
16.4640007019043,23.348898
17.4720001220703,17.6259
4.52400016784668,8.208565
52.6500015258789,63.575127
-4.40999984741211,-10.530923
-91.3112030029297,-72.112564
-87.0240020751953,-47.45029
-98.8018035888672,-122.95968
-11.0520000457764,-18.18568
14.2799997329712,45.142216
6.90880012512207,7.2435064
-20.7240009307861,-27.716003
6.89079999923706,5.4222794
2.0699999332428,2.6146324
96.0232009887695,50.065403
0.629999995231628,3.964482
23.3400001525879,11.825999
79.8450012207031,45.06853
-1.35000002384186,5.496555
-10.4160003662109,-7.4443307
46.1549987792969,35.79167
9.23999977111816,5.6896563
65.0970001220703,38.32688
41.4000015258789,57.33841
-19.7040004730225,-9.300732
36.060001373291,16.543497
88.2900009155273,51.35363
-9.84630012512207,-6.9592433
104.295997619629,9.382448
85.9039993286133,57.531242
3.22140002250671,3.1392767
9.36900043487549,5.2847834
1.53900003433228,3.677943
17.4827995300293,6.478251
19.8341999053955,23.111578
7.67999982833862,58.65098
1.86899995803833,29.799696
42.2400016784668,32.778328
26.4146995544434,20.684042
87.5502014160156,35.177677
-25.6368007659912,-24.237547
62.7480010986328,29.764133
-3.45000004768372,6.729625
4.48559999465942,6.7040205
19.1511001586914,-6.7291794
134.820007324219,107.216286
40.5867004394531,90.17312
47.0376014709473,50.00734
45.7704010009766,50.852844
9.0,35.48765
5.46000003814697,58.855736
1.01999998092651,5.4029503
7.07999992370605,6.141743
15.8375997543335,28.789196
6.92999982833862,8.556103
-14.543999671936,27.724512
13.6800003051758,7.126264
1.32000005245209,3.3381019
40.7999992370605,108.81117
14.5584001541138,23.015545
2.14000010490417,5.30905
2.9835000038147,4.39143
114.480003356934,121.15581
19.7999992370605,22.20363
-5.74200010299683,-12.602265
0.0,-257.92264
18.3980007171631,68.87318
5.91849994659424,2.3498573
5.53800010681152,7.2589235
8.22000026702881,8.995398
8.27999973297119,6.6631274
1.20000004768372,3.6199868
-221.832000732422,-88.36443
7.50400018692017,4.00893
8.64360046386719,9.183517
4.49700021743774,3.7866523
-17.9964008331299,18.649437
-7.93800020217896,25.63643
11.2307996749878,10.835798
-87.4469985961914,-74.98766
-37.4490013122559,-33.26771
-2.31419992446899,-6.807936
-1.93799996376038,13.428585
5.44320011138916,6.627088
8.64000034332275,16.110994
1.70039999485016,5.335169
-105.174003601074,-88.07015
24.9360008239746,53.14951
16.0319995880127,16.382133
113.305000305176,38.466587
69.8099975585938,55.933884
11.5200004577637,11.288833
6.46500015258789,17.682423
-17.6879997253418,-30.354105
-7.39440011978149,-10.614697
-9.0930004119873,-23.87957
17.6399993896484,31.44198
0.0,-1.5555742
22.2000007629395,15.807605
-12.0979995727539,17.778334
20.8530006408691,16.480059
15.5699996948242,93.90724
2.94000005722046,4.0670714
14.2200002670288,52.32526
-1.125,9.014346
-15.5190000534058,-17.35022
7.92000007629395,7.0023646
-77.625,-79.365524
0.862399995326996,2.196402
10.9799995422363,15.747752
21.8400001525879,41.837303
14.8680000305176,22.66895
113.610000610352,93.41698
97.4400024414063,102.882805
67.8000030517578,75.030304
2.70280003547668,3.7395313
32.4683990478516,20.244774
8.29500007629395,11.524494
7.0149998664856,7.987222
0.653999984264374,-4.5205493
15.9840002059937,6.5181856
-0.811999976634979,-3.4238055
50.4062995910645,23.667208
92.1900024414063,57.905624
22.5300006866455,11.991088
11.2799997329712,6.6334386
16.8090000152588,7.1949587
37.8450012207031,27.312862
52.734001159668,37.899094
26.0459995269775,11.415062
170.511001586914,133.39774
2.78399991989136,-6.756889
-17.6879997253418,-6.5350847
-114.444000244141,-69.533936
-0.653999984264374,3.9920363
14.915599822998,12.9055
33.2543983459473,24.925087
-5.84100008010864,11.610385
37.4000015258789,25.220825
178.110000610352,101.92253
20.6399993896484,23.380907
4.82999992370605,2.436871
-1.31400001049042,18.90372
6.05999994277954,2.9569952
59.1300010681152,33.359886
0.990000009536743,12.072391
26.6399993896484,18.257044
7.55999994277954,7.5589094
6.59999990463257,11.186084
19.3199996948242,10.125012
36.6300010681152,23.235567
20.8799991607666,11.538866
9.63000011444092,5.814561
1.20000004768372,12.771158
-10.1736001968384,-16.755932
-4.88700008392334,16.102009
2.79559993743896,6.3682137
78.4800033569336,44.56396
4.8899998664856,20.44589
5.42999982833862,3.8203244
22.3775997161865,19.366032
10.5,22.133709
42.2400016784668,23.629845
53.8440017700195,24.758486
-27.3840007781982,15.263304
11.1000003814697,22.372248
25.9200000762939,15.900321
19.9799995422363,71.41273
9.27000045776367,7.267785
7.76999998092651,13.34093
96.5999984741211,58.22448
-10.5341997146606,-8.274007
13.2639999389648,9.488414
4.44000005722046,26.269415
22.2000007629395,27.663582
7.6153998374939,8.398651
9.69569969177246,13.33616
53.0909996032715,27.278843
6.71400022506714,32.3245
5.67840003967285,6.878218
7.26399993896484,10.97356
-84.2928009033203,-56.52382
-172.557006835938,-263.92996
6.29949998855591,10.804419
22.5,13.014582
81.431999206543,60.34153
6.73999977111816,3.8636613
14.5600004196167,11.491552
0.779999971389771,4.3397336
2.33640003204346,4.5595994
1.25999999046326,7.8049817
158.751998901367,132.39055
7.3206000328064,8.880971
95.4611968994141,113.19421
0.0,22.538162
-5.70599985122681,12.863126
71.4000015258789,50.611282
15.0,13.486284
-0.593999981880188,10.53156
4.91400003433228,12.740295
23.8439998626709,11.705932
14.7600002288818,10.201435
1.45200002193451,10.710392
14.1840000152588,24.084541
27.4855995178223,20.02273
-124.430999755859,-44.50308
149.759994506836,89.26261
-7.61199998855591,-5.0087705
-100.800003051758,-55.459263
142.559997558594,103.16775
-42.3600006103516,-23.418556
-24.6599998474121,-30.568901
0.417199999094009,2.1081626
4.76999998092651,14.516866
-172.274993896484,-176.06416
4.3600001335144,6.9629245
6.51000022888184,-38.45383
-4.1399998664856,-3.7835317
-9.82079982757568,-7.889107
8.30280017852783,4.2052693
29.7689990997314,5.784506
29.8080005645752,16.303087
-9.20400047302246,6.4691873
32.939998626709,47.104668
36.8639984130859,38.243137
-21.3600006103516,-6.973563
4.5,16.262537
48.701099395752,26.029764
13.4399995803833,7.6087766
39.7999992370605,23.814178
10.8864002227783,8.760614
4.32000017166138,-31.911205
-44.1461982727051,-48.660957
4.07999992370605,1.7532282
9.0,10.521847
5.19999980926514,5.546596
5.76000022888184,25.916632
6.98999977111816,4.01556
30.0,23.78736
31.996000289917,30.084278
4.55999994277954,5.674143
4.32000017166138,35.493587
8.76000022888184,6.170878
144.899993896484,67.38282
2.88000011444092,6.8987894
19.4400005340576,21.290134
-20.1599998474121,-12.513618
5.77680015563965,6.749698
27.0599994659424,20.85646
3.73079991340637,22.090866
67.4400024414063,122.2951
14.6700000762939,12.308592
39.5424003601074,-6.22985
-2.41199994087219,9.756145
-106.115997314453,-51.117264
51.4000015258789,35.32537
55.0400009155273,32.680534
31.5,67.72471
1.4442000389099099,5.4376554
1.5,15.402138
-488.772003173828,-374.26642
132.330001831055,136.2151
15.8999996185303,24.621685
0.239999994635582,0.75116175
5.07000017166138,3.1023343
7.1399998664856,2.9569952
12.8999996185303,11.067465
2.98889994621277,2.8840337
4.61999988555908,2.8360434
11.0508003234863,6.4972725
10.7178001403809,-3.7381315
-44.0460014343262,-35.648815
13.8578996658325,19.951523
13.3199996948242,13.239161
7.09499979019165,10.084463
21.0599994659424,16.483025
38.6100006103516,49.55086
38.310001373291,16.917776
43.3800010681152,24.859577
40.5,43.88756
8.10000038146973,6.265518
10.0530004501343,7.282832
-66.6959991455078,-52.45175
-2.4300000667572,-12.024504
19.8143997192383,16.491777
83.3399963378906,68.2079
2.94000005722046,4.063295
15.0,16.849623
27.7199993133545,69.452675
1.08000004291534,15.792896
2.0,3.5905278
3.48270010948181,3.361427
35.6237983703613,35.842026
-4.80600023269653,-11.62524
-37.1679992675781,-24.058943
-15.3540000915527,-15.413385
-25.8299999237061,-41.359283
18.8209991455078,19.894842
3.00440001487732,6.038457
3.3503999710083,2.8914816
8.29440021514893,9.294523
-12.4146003723145,9.269174
27.1665992736816,19.619478
21.4799995422363,14.393431
30.996000289917,22.17362
13.3199996948242,9.936788
5.40000009536743,13.141527
1.67999994754791,44.500027
54.8604011535645,51.372612
-3.24060010910034,-3.9850311
-5.88689994812012,-4.933844
74.0999984741211,46.91313
31.0499992370605,58.195026
74.3399963378906,75.5959
13.7016000747681,18.973799
87.7443008422852,61.93291
-12.7959995269775,-16.757618
31.9500007629395,20.178886
13.5,54.859753
4.98000001907349,42.58188
8.88000011444092,12.8971195
-7.98059988021851,-10.99352
19.5858001708984,21.756958
13.8915004730225,8.8114605
-1.50600004196167,-7.2256064
18.1499996185303,12.601819
13.2600002288818,59.719772
-244.386001586914,-168.87117
-7.09200000762939,17.843533
11.3400001525879,24.110626
0.107100002467632,3.1743004
9.23999977111816,25.283012
6.72520017623901,11.045986
13.1999998092651,22.79798
13.6800003051758,14.90402
-24.1889991760254,-24.157
-166.320007324219,-196.71219
19.5,22.79798
57.2700004577637,56.37427
-102.365997314453,-79.7051
4.55999994277954,5.6255727
8.64000034332275,6.8518443
138.417007446289,131.7173
18.1800003051758,9.569798
41.25,72.87402
13.3920001983643,43.48938
28.0032005310059,22.599577
22.7999992370605,30.105583
9.81599998474121,28.413668
134.992004394531,137.80989
16.1800003051758,8.147679
7.8600001335144,10.529235
-10.0500001907349,-7.4604125
185.580001831055,124.2159
7.07999992370605,5.587741
0.959999978542328,8.747538
14.6999998092651,11.02829
56.4300003051758,23.223972
11.7959995269775,-59.95763
90.9000015258789,111.49321
22.6781997680664,28.33721
9.07199954986572,8.267533
28.628999710083,94.95139
0.339899986982346,4.966973
15.6599998474121,14.8950405
7.38399982452393,7.888042
110.639999389648,136.55368
9.38000011444092,-16.544153
2.56500005722046,3.7134707
7.89599990844727,36.60139
-1.20000004768372,-9.777488
107.730003356934,61.849552
-7.36320018768311,6.851608
1.30680000782013,4.4679146
78.6719970703125,69.02949
-14.3520002365112,-22.983318
7.38000011444092,6.3517747
-9.47999954223633,-7.8213353
25.0599994659424,22.045588
15.3719997406006,16.514593
50.1875991821289,54.44808
19.4349994659424,18.702742
9.77999973297119,15.474319
-12.7200002670288,-14.579379
-8.60999965667725,-2.4671273
-24.3920001983643,45.974228
84.0512008666992,73.49576
-167.100006103516,-166.53905
9.6540002822876,10.189236
-27.7800006866455,-19.368254
44.8895988464355,50.846577
11.8800001144409,7.803091
80.5410003662109,55.821983
-46.1879997253418,-34.617195
3.86549997329712,36.336006
-32.9819984436035,-26.781553
36.470401763916,41.624405
8.9399995803833,9.233495
8.36999988555908,5.9426928
2.57999992370605,15.128148
10.8000001907349,9.678903
21.0599994659424,20.260756
30.2399997711182,15.829328
32.6399993896484,23.593948
4.34999990463257,26.167688
-8.08800029754639,4.945708
0.641700029373169,2.3430924
1.84679996967316,2.2129588
-32.6759986877441,-38.28858
9.88560009002686,8.929816
2.83800005912781,6.2036886
19.0344009399414,18.576492
3.89759993553162,4.5202923
10.0799999237061,6.8000464
17.8799991607666,10.061854
15.2399997711182,9.388569
0.640799999237061,2.1081626
76.6395034790039,40.717407
39.6889991760254,25.037832
-28.2959995269775,-30.973976
38.4300003051758,23.41183
27.4351997375488,19.046091
-2.69400000572205,-4.451689
41.2938003540039,43.183727
29.6000003814697,20.838915
1.04999995231628,3.5341294
1.74000000953674,1.6295223
41.2799987792969,47.60039
14.039999961853,11.453892
1.01999998092651,5.922395
28.6800003051758,33.504936
6.03630018234253,-0.5319033
28.7952003479004,21.803999
10.7399997711182,23.593948
-7.03800010681152,-7.6321197
-20.6159992218018,-40.367252
-6.26399993896484,-9.517901
18.0377998352051,15.926717
0.660000026226044,4.027991
32.1150016784668,36.39575
-104.851997375488,-125.44715
-20.9400005340576,-22.335394
19.2000007629395,15.86394
2.64000010490417,2.5518227
2.75999999046326,11.623794
73.2419967651367,32.300713
37.7999992370605,23.54495
9.35999965667725,16.470144
-52.5480995178223,-65.61084
-18.8020000457764,-13.232038
-26.2320003509521,-8.390247
62.2799987792969,66.42682
10.0500001907349,26.83646
9.35999965667725,9.795433
8.78999996185303,9.129841
8.10000038146973,9.150963
59.0351982116699,70.53914
64.4400024414063,32.04088
30.8966007232666,22.86963
10.1999998092651,5.9714384
130.139999389648,67.53215
22.2000007629395,15.844278
5.69999980926514,12.365881
12.0131998062134,-2.5328085
63.060001373291,56.59395
21.9599990844727,21.982006
17.5499992370605,25.982834
14.039999961853,12.555311
112.680000305176,131.94302
-17.2992000579834,11.696191
-29.0699996948242,36.345352
12.1199998855591,15.871793
21.994499206543,57.11633
-5.25600004196167,17.88909
0.558000028133392,10.158086
24.6599998474121,17.53634
28.0191993713379,21.4218
32.8800010681152,26.155813
3.05999994277954,48.3541
19.4400005340576,21.578836
21.75,14.972899
17.3999996185303,13.1533785
-1.73099994659424,3.4299228
17.451000213623,19.779005
46.1220016479492,18.102951
-4.35599994659424,-5.2899117
1.13999998569489,2.9731224
41.5349998474121,37.246475
11.4300003051758,9.049735
8.45400047302246,5.8086786
48.75,54.73656
-23.3579998016357,-35.231327
1.2059999704361,2.870541
10.3859996795654,18.575403
31.6259994506836,18.323582
23.9169006347656,20.220737
6.98400020599365,13.057045
-42.060001373291,-118.21039
2.88000011444092,21.939674
104.832000732422,49.94882
1.25999999046326,17.236061
252.600006103516,122.81436
26.1000003814697,44.43662
-4.04099988937378,12.5047455
1.90499997138977,4.285462
3.77999997138977,4.1896596
0.0,5.418971
18.3920001983643,-88.76531
9.33119964599609,10.492713
39.5200004577637,25.422571
12.3900003433228,26.36217
8.57279968261719,8.525743
1.44000005722046,34.62425
107.819999694824,96.51046
5.96999979019165,16.739622
19.3199996948242,20.244755
11.7600002288818,7.258355
0.0,63.90932
0.870000004768372,5.1486473
4.19999980926514,7.0037723
2.83139991760254,5.4374733
1.13999998569489,4.7641683
15.8400001525879,20.90854
43.439998626709,31.316702
39.4799995422363,19.42467
0.0,25.074118
17.5200004577637,13.891389
-35.2379989624023,33.282307
54.9900016784668,43.914608
21.5823993682861,15.0909195
14.4495000839233,10.832631
20.7900009155273,31.969166
3.62879991531372,5.491547
-69.7949981689453,-99.26453
-2.09999990463257,-7.619795
-39.1949996948242,-57.63659
56.7900009155273,31.52432
3.39299988746643,2.547431
-0.839999973773956,-5.812215
36.4500007629395,50.78822
12.3143997192383,5.4775424
62.2000007629395,35.607395
169.199996948242,79.13689
6.53999996185303,14.041416
0.0,10.082095
-83.1750030517578,-53.8461
2.07999992370605,6.2932954
38.8800010681152,32.70064
63.117000579834,22.696722
50.9207992553711,57.180763
11.8727998733521,11.54305
7.19999980926514,10.235506
39.8400001525879,23.587702
-32.0880012512207,-33.349087
0.810000002384186,2.9187872
8.52000045776367,5.0022407
-5.96999979019165,-82.38639
0.569999992847443,7.636798
6.63000011444092,9.163201
-1.73399996757507,3.8341196
1.33200001716614,14.63478
19.5540008544922,14.896109
3.35999989509583,6.079307
14.3100004196167,117.665535
-3.34879994392395,-2.7223063
-11.7840003967285,-6.442898
23.9400005340576,20.031954
-172.199996948242,-265.88513
6.84000015258789,14.582964
-7.46999979019165,-7.638618
39.1199989318848,27.603933
2.75999999046326,-8.698087
3.32999992370605,1.7264115
-4.59800004959106,-2.165005
18.0900001525879,10.4705105
11.3999996185303,15.906689
-1.09599995613098,1.1859653
28.7999992370605,58.148746
10.5503997802734,13.055947
8.99100017547607,11.766052
16.9799995422363,15.897709
8.6899995803833,8.746223
2.51999998092651,16.531404
12.0,50.97357
22.2000007629395,15.45617
-12.4680004119873,-7.156937
-5.71199989318848,-3.3120732
25.4969997406006,23.7343
-6.44399976730347,-6.1859007
78.0299987792969,35.718292
-10.0959997177124,7.3950834
-8.5319995880127,-17.698475
252.119995117188,128.07648
129.384002685547,85.19933
5.4443998336792,3.917149
33.0288009643555,16.598993
1.99899995326996,5.266906
-23.2800006866455,-23.425648
-9.84000015258789,-6.8070645
69.0599975585938,61.435184
-14.6759996414185,-92.96912
55.5,27.033615
13.5900001525879,21.478603
-39.0400009155273,26.015911
-12.8392000198364,-37.826057
5.55660009384155,9.853178
9.0,15.50796
4.23000001907349,4.351212
73.6920013427734,78.040375
30.2399997711182,17.141472
16.6499996185303,17.69369
-86.4300003051758,-81.438225
43.9199981689453,35.353146
-1.19959998130798,9.421889
16.6000003814697,10.873978
32.7599983215332,16.698412
6.42000007629395,6.405746
3.35999989509583,8.439521
2.25600004196167,12.81645
23.9599990844727,19.287056
20.1557998657227,13.615796
2.28900003433228,2.0258064
16.9799995422363,13.613854
6.23999977111816,13.181849
35.9248008728027,30.382221
25.5,17.50089
26.6490001678467,20.92855
41.4300003051758,19.16756
0.0,70.047035
29.9939994812012,23.118795
4.5588002204895,12.4629755
-16.5240001678467,12.848775
5.44000005722046,3.3045628
0.0,12.4837675
9.38119983673096,10.281073
12.3599996566772,10.692129
6.0,5.775482
-6.61140012741089,-6.7027655
14.2687997817993,12.915624
-20.3850002288818,-8.413575
10.0200004577637,6.4227962
122.580001831055,67.252
42.3624992370605,31.05821
36.8245010375977,25.834206
10.958399772644,64.54304
14.2559995651245,14.194759
19.5240001678467,17.00552
-20.4449996948242,-11.243236
-17.9927997589111,12.09475
-1.06560003757477,-3.8707356
-1.875,-2.101939
-0.0900000035762787,-54.43875
159.839996337891,71.17566
2.40120005607605,3.652702
-27.5849990844727,-53.728203
7.24499988555908,7.261461
133.893005371094,40.51831
15.1000003814697,15.156739
13.2239999771118,7.584643
45.8135986328125,31.129843
7.25759983062744,7.2445965
14.5151996612549,14.668995
-2.17499995231628,-10.314628
-25.4771995544434,-31.363129
10.5727996826172,5.418361
48.6319999694824,24.576427
-47.8320007324219,-36.685684
8.2992000579834,6.1736884
24.9804000854492,20.680157
-16.1856002807617,-18.94302
-0.662400007247925,1.1625041
15.5343999862671,12.816866
11.3039999008179,-20.374855
119.592002868652,116.80833
-19.3229999542236,4.1924725
-9.10799980163574,25.112957
2.73539996147156,2.0604913
16.5599994659424,15.988822
13.0799999237061,15.45617
1.47599995136261,-30.519382
-27.4120006561279,-27.232048
12.7200002670288,12.042252
112.080001831055,105.26489
3.46860003471375,3.652702
2.95679998397827,5.658705
-19.8799991607666,-18.073599
20.8439998626709,11.284201
-9.14400005340576,-8.452632
4.5,4.304611
7.77279996871948,9.590205
1.42079997062683,2.947652
10.6400003433228,9.290942
-19.2900009155273,-15.902466
10.4399995803833,10.849394
6.40000009536743,12.752203
-4.76700019836426,-12.850957
-17.3819999694824,-17.669546
-1.66799998283386,-5.6436214
-4.51200008392334,-7.4119053
-46.6319999694824,-39.66335
36.7254981994629,21.328289
9.32999992370605,10.455594
9.5939998626709,20.189867
54.3331985473633,35.642494
20.7299995422363,45.84667
10.6199998855591,6.704674
39.3479995727539,-63.421047
-5.31599998474121,-5.70232
11.0640001296997,35.9424
2.14199995994568,4.5583963
0.479999989271164,-4.904147
-45.5519981384277,-84.04376
10.3800001144409,17.485458
8.10000038146973,4.6355553
-61.5960006713867,-58.782967
-107.99299621582,-117.667145
-10.0464000701904,-11.250007
-2.94600009918213,7.170344
0.0,48.635647
4.61929988861084,7.436608
9.96000003814697,15.246301
4.76999998092651,3.5221183
4.26000022888184,9.1457815
81.5999984741211,45.9658
-13.4694004058838,-15.526462
1.12000000476837,1.0714769
-44.5200004577637,10.262361
16.0356006622314,14.483962
232.110000610352,159.8895
12.210000038147,7.5575795
9.98999977111816,6.593092
22.1040000915527,31.834452
35.7299995422363,21.427355
0.0,26.344799
13.8599996566772,36.929573
15.0984001159668,13.457515
105.247001647949,92.36548
24.1217994689941,25.761707
3.90000009536743,17.240944
7.76789999008179,12.459126
5.21820020675659,8.202214
13.6800003051758,7.143399
2.5984001159668,12.882431
45.5400009155273,23.460243
-50.6520004272461,-60.077133
-5.79199981689453,-17.453693
5.01119995117188,6.2191863
-22.1879997253418,35.842037
1.59800004959106,9.608288
25.1860008239746,12.419108
-2.02640008926392,-4.0404243
-70.463996887207,18.049845
13.8267002105713,9.451825
-20.7161998748779,-8.599016
6.00600004196167,3.7179358
15.960000038147,10.928124
3.62879991531372,5.4314046
2.27239990234375,3.7825735
-17.2479991912842,-13.124668
18.5219993591309,12.21502
6.42059993743896,7.6635365
175.860000610352,63.827915
133.244995117188,62.355015
4.66440010070801,7.1739655
3.25799989700317,24.176998
7.84800004959106,33.366077
40.1240997314453,18.16852
37.2360000610352,14.592261
11.8979997634888,10.826473
16.2900009155273,10.403521
-16.3644008636475,8.991604
21.7800006866455,13.678323
185.399993896484,117.2894
20.5849990844727,18.677536
9.84000015258789,6.5288906
22.7399997711182,25.082403
21.8880004882813,11.710532
15.9384002685547,15.953791
9.64799976348877,9.385503
-98.6910018920898,-89.30911
8.76000022888184,5.735465
-0.756600022315979,-5.6981435
20.7600002288818,13.146282
3.2039999961853,-2.6672318
4.77120018005371,2.4339886
0.321599990129471,-4.4406962
20.7900009155273,16.663628
-1.45899999141693,4.1970963
0.734799981117249,2.2591188
28.4927997589111,49.76688
164.996994018555,46.977173
-76.0115966796875,-37.491493
4.91400003433228,4.7797623
36.9599990844727,28.501066
5.36899995803833,4.2808957
5.42999982833862,3.058503
22.6529998779297,45.879486
-15.1199998855591,-6.545865
17.1000003814697,15.604137
0.180000007152557,6.0333333
0.280000001192093,3.79271
1.60000002384186,9.228948
-24.0435009002686,-26.687658
-5.40000009536743,-23.7063
5.13500022888184,7.5024004
3.1800000667572,4.4046135
17.6100006103516,12.5247
-1.48800003528595,-5.2829757
-28.9799995422363,-10.616318
-13.1669998168945,-8.864875
-67.6169967651367,-51.193478
-2.54399991035461,-3.9572587
-3.77150011062622,3.3133888
23.1168003082275,17.64768
3.45000004768372,7.0491157
-143.639999389648,-130.61122
3.94740009307861,4.375044
0.959999978542328,7.2045116
24.4799995422363,22.092945
-53.7840003967285,-42.951942
41.168399810791,30.823729
-59.3040008544922,-27.326862
-87.1488037109375,-79.7536
-15.8400001525879,-8.2305975
-11.0640001296997,-14.537504
8.80200004577637,6.228238
-2.54719996452332,-8.441468
46.9500007629395,35.647247
6.29790019989014,10.003393
11.3999996185303,29.559433
6.44999980926514,14.821664
21.1977005004883,14.041587
7.44000005722046,5.811227
131.910003662109,67.9895
1.13999998569489,4.1896243
1.64999997615814,1.0487274
-4.96799993515015,-8.041785
-6.67799997329712,-9.717616
-5.02799987792969,-5.7722273
-8.37600040435791,-15.572611
79.0,89.68708
-209.376007080078,-241.3811
-35.513599395752,-30.822884
14.3999996185303,16.859846
33.1599998474121,28.386549
1.6632000207901,4.7584553
8.88000011444092,4.7628617
6.74819993972778,7.6858964
14.7200002670288,15.973531
-12.71399974823,-18.032263
2.0699999332428,3.5179384
10.4832000732422,10.163183
81.4194030761719,43.647423
15.3599996566772,13.091276
14.6999998092651,28.232153
21.0400009155273,25.346687
35.939998626709,23.789267
15.3360004425049,15.595427
141.257995605469,75.648094
40.7999992370605,25.119993
-179.776000976563,-152.77223
2.22000002861023,7.1843553
-1.28799998760223,-2.9367788
2.8296000957489,-2.3036757
148.979995727539,77.708305
5.09999990463257,3.8858545
1.99199998378754,-5.9083266
3.73760008811951,3.4956667
38.4000015258789,27.080338
14.6400003433228,25.752357
37.4949989318848,28.006256
5.21999979019165,62.244347
93.7200012207031,138.87262
9.44999980926514,9.702514
10.9799995422363,19.858822
66.3600006103516,60.062183
32.4599990844727,19.807167
51.0299987792969,151.86667
1.81200003623962,-4.931384
-46.3199996948242,-30.856495
64.5299987792969,33.53292
1.11000001430511,6.4272866
-155.003997802734,-156.08809
-29.6058006286621,25.99579
-5.09999990463257,-10.699057
-24.2639999389648,-13.239787
18.9599990844727,52.777184
14.25,12.792755
0.0900000035762787,2.5772688
24.0599994659424,30.50916
2.97000002861023,2.6217577
5.48999977111816,24.526503
23.9463005065918,20.631674
46.7999992370605,53.941998
3.49650001525879,6.6456604
29.6100006103516,45.42007
42.1800003051758,23.01111
7.1100001335144,3.9384494
0.0,45.824707
19.2000007629395,15.058938
-25.2959995269775,-58.140312
0.0,45.828182
14.9399995803833,12.878334
8.76000022888184,23.42581
-14.7840003967285,-10.09727
-52.6319999694824,-48.498062
13.2299995422363,14.727657
-44.4799995422363,-32.18095
-32.1599998474121,-11.193144
19.6200008392334,10.57116
-15.3900003433228,-36.50103
17.7000007629395,12.878334
31.2000007629395,49.11385
20.6100006103516,11.997364
-8.3120002746582,-32.14093
7.92000007629395,6.4766707
17.5799999237061,83.1046
82.8300018310547,69.48539
1.3415999412536599,2.969193
2.55920004844666,5.9344926
9.0600004196167,8.842964
45.8400001525879,33.18928
29.6100006103516,44.86248
13.2600002288818,60.206356
16.875,13.891627
14.9925003051758,18.770111
10.407600402832,14.121729
4.24079990386963,3.4956667
6.41279983520508,9.805829
-120.051002502441,-91.65268
34.780200958252,24.91686
19.488000869751,19.839878
5.15999984741211,3.9198773
-2.62080001831055,-2.6179695
75.8399963378906,33.581867
104.76000213623,87.55235
3.47760009765625,3.6774004
-190.055999755859,-112.91571
-182.352005004883,-112.1516
-26.3519992828369,-15.780183
-282.071990966797,-304.25513
15.3951997756958,14.266239
-2.7720000743866,20.878803
117.431999206543,63.048664
0.0,13.531773
9.47999954223633,13.215708
107.76000213623,127.492714
0.564000010490417,1.6800984
64.5179977416992,72.35792
27.9456005096436,19.53481
6.30000019073486,7.241624
29.252799987793,24.080517
9.7790002822876,12.023848
-4.42799997329712,-3.0688102
82.1880035400391,32.511738
29.2716007232666,22.435766
17.6280002593994,21.263557
93.3300018310547,63.156063
2.29500007629395,-15.512381
3.59940004348755,10.914587
6.15000009536743,16.452467
-16.6140003204346,17.172956
-6.99300003051758,-5.0582895
55.0800018310547,46.187584
21.1499996185303,28.74347
5.32800006866455,15.8034115
40.5900001525879,24.438862
1.4190000295639,3.0577812
2.57999992370605,5.591787
0.642000019550323,3.2099726
11.1899995803833,5.3797426
48.5999984741211,33.586975
23.0400009155273,21.794853
15.5960998535156,13.9979105
-32.3838005065918,21.05649
12.2489995956421,7.862737
1.72479999065399,2.871789
-6.42320013046265,-5.9888663
24.6000003814697,12.537974
94.5899963378906,81.8239
-2.3231999874115,-3.9656107
-13.1879997253418,-8.948041
-395.234985351563,-220.53397
7.51200008392334,12.517454
150.251998901367,86.04842
-8.23200035095215,-19.374817
-2.97000002861023,-1.5184944
-4.1399998664856,-5.6836395
14.6510000228882,16.522717
8.88000011444092,4.891467
-202.343994140625,-141.10104
-126.624000549316,-57.31075
11.5200004577637,9.422338
0.899999976158142,13.022763
-43.7291984558105,-11.841466
-306.846008300781,-346.4903
-12.5285997390747,1.0340486
3.26160001754761,5.4314046
2.64000010490417,8.680552
-6.18800020217896,13.638783
13.2600002288818,60.509575
28.1399993896484,58.50817
19.9680004119873,15.134698
-15.9919996261597,-4.75457
-4.6560001373291,-15.139289
9.47999954223633,24.501198
19.7399997711182,31.500956
4.19999980926514,4.576001
-13.4879999160767,-10.972846
9.96520042419434,1.4379658
52.7691993713379,137.24799
16.2688007354736,12.938374
24.8400001525879,16.401299
58.9799995422363,27.8253
50.3520011901855,35.804203
18.8936996459961,27.159958
45.1394996643066,21.742138
4.44000005722046,24.964796
179.820007324219,119.61485
71.2295989990234,65.37283
10.8800001144409,7.653918
12.960000038147,19.778452
4.44000005722046,3.8402586
9.82800006866455,9.231418
51.2000007629395,35.5325
63.2999992370605,45.31074
17.7299995422363,10.360188
77.4837036132813,52.229473
0.300000011920929,4.2814293
-20.1408004760742,-19.472374
19.9799995422363,22.70504
-6.23699998855591,-4.9892383
14.4899997711182,29.92688
11.9200000762939,16.433659
27.4400005340576,17.623854
2.53500008583069,4.0198092
-28.8677997589111,-10.440312
4.92000007629395,12.698287
26.8239994049072,20.272547
-84.447998046875,-56.72796
-51.2960014343262,-54.85978
-12.9167995452881,-14.666406
5.31899976730347,4.373142
19.5,23.587702
-16.9568004608154,-3.517554
3.43099999427795,6.4074016
16.2000007629395,33.523777
0.523599982261658,11.091968
7.92999982833862,6.6588345
43.736198425293,46.299587
0.990000009536743,13.439257
0.270000010728836,9.873682
33.5895004272461,-55.850723
10.9799995422363,16.158463
8.64000034332275,12.05711
24.9804000854492,20.714176
36.2700004577637,29.518965
64.2600021362305,59.135113
15.3999996185303,21.05388
-191.759994506836,-250.62177
14.1599998474121,9.1457815
9.44999980926514,12.988741
21.4776000976563,21.10138
23.0886001586914,14.52019
22.8689994812012,26.261276
10.4784002304077,25.48669
-85.1159973144531,-43.506336
-8.67199993133545,-6.5834737
3.40919995307922,55.611614
45.5279998779297,43.800076
28.8190002441406,29.593245
5.76240015029907,7.958962
52.896598815918,-37.57669
-37.018798828125,-19.110218
-5.97119998931885,22.079853
-35.391300201416,-19.880842
-22.6187992095947,-14.2574835
-103.21199798584,-41.637535
1.01139998435974,3.3004346
-43.4799995422363,-32.05868
12.2760000228882,7.8760657
-17.4689998626709,-16.279621
80.7911987304688,75.88065
-24.6149997711182,30.291906
47.9939994812012,48.35785
6.97410011291504,7.3397512
2.46000003814697,69.07525
65.6370010375977,26.511147
82.2906036376953,78.68005
-5.47200012207031,-7.439386
106.860000610352,68.71089
31.691499710083,42.840767
2.60999989509583,3.3337178
21.7728004455566,19.118673
14.9040002822876,10.618594
3.59999990463257,9.749936
3.11999988555908,75.316154
23.7600002288818,70.37449
1.00199997425079,2.1359355
-126.648002624512,-117.02788
2.64000010490417,6.039289
56.4000015258789,33.42105
31.7999992370605,23.14478
3.98399996757507,18.81426
0.180000007152557,6.2999954
6.20310020446777,1.194113
27.8400001525879,24.514032
13.5,10.997123
1.44000005722046,13.008332
22.3680000305176,13.0022135
11.5830001831055,4.681541
-193.817993164063,-159.83333
-91.9199981689453,-74.89423
24.2199993133545,23.747105
45.023998260498,52.133972
-3.56100010871887,-13.111349
4.17199993133545,5.219347
-110.718002319336,-103.434235
1.5,4.43981
17.0699996948242,16.216366
2.50200009346008,4.0813484
-21.6720008850098,-39.653797
13.6800003051758,23.204437
-261.335998535156,-186.11668
15.2988004684448,15.7201605
-42.4637985229492,-42.14629
18.4533996582031,16.563677
-31.8840007781982,-32.35053
-23.5480003356934,-30.135826
1.81200003623962,24.433475
-29.1240005493164,-58.33363
-14.6400003433228,-31.680746
78.120002746582,67.91419
-358.992004394531,-295.45685
11.6999998092651,24.19896
11.25,9.542718
30.4200000762939,16.599516
60.6599998474121,75.39136
3.68939995765686,2.4456556
3.26999998092651,2.017227
47.2799987792969,58.278072
-16.8719997406006,-15.759591
6.22079992294312,7.9305367
14.4354000091553,11.208091
4.32000017166138,7.488836
32.9360008239746,26.482153
21.0128002166748,19.305847
9.87839984893799,10.414076
24.3299999237061,16.693598
-7.19999980926514,-10.134699
5.94000005722046,7.117969
-65.4599990844727,-35.118553
116.480003356934,67.14108
14.2757997512817,14.010993
-39.5999984741211,-35.87054
1.375,2.1746337
3.29999995231628,3.0471616
10.4399995803833,15.305735
-126.407997131348,-183.98576
-85.2480010986328,-158.87785
-4.96799993515015,-9.379421
-5.08199977874756,-12.745638
13.0375003814697,11.873688
4.15199995040894,-6.336046
55.9360008239746,40.907562
-5.14799976348877,-6.9900665
17.0400009155273,18.397215
46.9799995422363,23.733042
28.8575992584229,24.217096
54.1800003051758,35.789154
32.6045989990234,21.78383
35.8199996948242,21.88387
-20.7000007629395,42.181206
3.48000001907349,9.525056
-42.8819999694824,-33.747864
131.22900390625,79.579056
-6.51000022888184,-9.395981
171.647994995117,84.86798
29.7600002288818,23.514397
3.89400005340576,6.13932
-532.320007324219,-375.73816
-17.6189994812012,18.734144
6.11999988555908,6.7301035
-120.744003295898,-83.60602
7.02239990234375,8.011175
68.9630966186523,55.368965
180.449996948242,102.56103
-4.61999988555908,-4.8130736
10.5,45.64739
-3.28800010681152,-9.339325
20.0970001220703,47.04978
-63.7680015563965,-29.523552
39.3600006103516,24.474014
-21.0209999084473,-0.42391273
18.4200000762939,24.838203
-25.6000003814697,-18.82441
12.1800003051758,9.042868
-170.207992553711,-73.11183
-26.2560005187988,-8.04124
1.12199997901917,5.3354487
181.919998168945,103.37086
11.7575998306274,18.89997
6.58559989929199,8.414765
13.8599996566772,23.877853
9.0,7.7999253
12.1780004501343,9.858401
5.03359985351563,8.396393
9.18000030517578,17.491636
-81.7679977416992,-41.585243
-36.8279991149902,-15.100512
-40.5120010375977,-20.325264
4.84000015258789,2.453041
20.8719005584717,12.643318
-18.6599998474121,-26.086685
96.0,51.390987
21.6599998474121,13.11226
10.8809995651245,12.435098
3.02999997138977,2.4035578
40.1040000915527,20.184376
-10.289999961853,-50.232758
-10.3680000305176,-28.813004
18.8729991912842,21.14755
-30.3719997406006,-20.566679
21.6599998474121,20.964289
9.56879997253418,8.948971
-115.706001281738,-83.69568
-4.64400005340576,-4.4587126
-4.48999977111816,-1.7999516
7.32600021362305,5.260719
-5.42999982833862,-18.576242
2.22000002861023,6.718947
1.81439995765686,5.150195
104.295997619629,25.90133
34.8199996948242,25.268187
-19.6200008392334,-18.849388
-3.67499995231628,-6.1245165
-4.97279977798462,-2.061715
-6.56190013885498,-4.8199058
10.5120000839233,10.59468
-16.2000007629395,-18.721582
1.37160003185272,5.534695
-2.97000002861023,4.6066923
16.1567993164063,16.654997
5.94000005722046,4.973308
2.60999989509583,3.3828611
27.6800003051758,25.480852
39.0299987792969,27.987392
19.4099998474121,15.051139
-66.7200012207031,-98.91105
2.00880002975464,3.7422347
3.1800000667572,21.254936
107.940002441406,63.39426
-3.28800010681152,-54.50599
-62.3791999816895,-57.296432
-4.46099996566772,5.1222496
66.2399978637695,35.581646
27.0,25.876287
-9.93000030517578,-8.39342
6.74499988555908,4.8021235
0.5,7.145295
-4.32000017166138,-38.648163
5.14079999923706,6.224191
7.90000009536743,9.789842
19.007999420166,22.341377
58.265998840332,15.483689
-21.9479999542236,18.584692
44.7000007629395,43.27306
2.40000009536743,13.748096
62.9063987731934,64.26291
22.2000007629395,17.589958
0.959999978542328,-13.668451
40.7999992370605,22.18932
-76.997200012207,-79.69319
26.3279991149902,9.01311
83.9400024414063,49.818935
69.5400009155273,51.62729
-27.5100002288818,-25.779018
34.560001373291,31.06165
66.7200012207031,42.465973
123.300003051758,60.079372
7.55999994277954,14.558437
117.360000610352,99.228
2.25180006027222,2.969193
15.75,9.908984
159.630004882813,81.49012
30.5820007324219,27.326502
56.4000015258789,33.292442
131.669998168945,65.45976
11.1775999069214,11.528136
10.0480003356934,8.979476
0.0,31.193398
3.20639991760254,7.8478055
24.8400001525879,15.55109
-221.904006958008,-84.73159
-21.7080001831055,-44.090137
-36.9900016784668,-26.17659
-69.4721984863281,-61.617508
17.2800006866455,13.604438
-26.4720001220703,-13.820104
3.62879991531372,5.302799
161.820007324219,94.61406
175.5,106.85498
-14.1266002655029,27.801847
-4.99200010299683,-16.781984
27.2399997711182,22.786331
-2.56800007820129,-6.522109
-17.3880004882813,-6.5783315
73.9499969482422,67.626564
29.2409992218018,37.753662
39.9000015258789,12.760186
4.07999992370605,5.602688
6.0,16.3949
22.5900001525879,15.595446
-6.28599977493286,-5.4072413
2.97000002861023,1.9460737
69.4499969482422,67.61242
3.11999988555908,37.892555
41.2999992370605,50.496563
73.6800003051758,41.83593
10.7200002670288,12.553976
80.1600036621094,43.454033
48.7200012207031,74.975586
11.1000003814697,24.385427
6.42000007629395,4.0778894
58.2400016784668,37.071087
-9.60000038146973,6.3261046
81.0899963378906,62.346947
9.72000026702881,62.12528
-4.2947998046875,-8.299001
3.77999997138977,12.207758
1.37999999523163,5.6133275
10.0799999237061,6.0656543
5.44320011138916,6.5947185
-11.625,-7.0131607
59.0040016174316,23.47976
2.84400010108948,-6.5769167
-11.6099996566772,40.187416
88.6139984130859,35.922634
38.3959999084473,28.957964
-8.25599956512451,-5.6433086
-2.54399991035461,-5.923069
-63.1800003051758,-52.948845
3.19600009918213,18.61338
15.5903997421265,11.102423
160.440002441406,88.02309
16.1837997436523,12.796636
1.35899996757507,19.722147
-29.4368000030518,-13.247402
-3.2720000743866,4.9887505
23.9899997711182,18.44552
-29.9039993286133,-18.211584
0.606000006198883,3.4211748
9.0,7.7441673
-4.01999998092651,-9.57498
0.419999986886978,-5.006554
-74.6640014648438,-191.16534
5.44320011138916,6.6287413
63.0299987792969,49.47084
-202.880004882813,-131.10703
-11.1960000991821,-8.358552
-2.70000004768372,3.9853246
-13.0620002746582,-7.157064
44.7299995422363,30.448706
49.7639999389648,-90.48989
19.3199996948242,12.165556
38.2229995727539,19.62742
41.3250007629395,26.620743
34.9049987792969,37.39136
40.5,23.700418
35.7599983215332,23.681187
-382.855987548828,-275.09586
3.42000007629395,1.4254979
10.3071002960205,9.223239
-15.6239995956421,-14.249217
0.899999976158142,12.192782
16.3799991607666,10.574703
86.6399993896484,49.042263
56.7299995422363,41.50434
0.216000005602837,-2.896762
26.8397998809814,-5.9168444
18.4547996520996,7.3832865
-15.6155996322632,-24.98695
-13.8839998245239,24.292526
85.1999969482422,123.20594
79.879997253418,44.44453
-30.9869995117188,65.66969
37.2599983215332,19.721718
-9.89400005340576,-16.165655
12.3999996185303,29.304188
21.0279998779297,-37.538483
21.6599998474121,24.303286
33.3600006103516,31.45543
-22.4489994049072,-29.297615
-2.70000004768372,4.415921
0.599799990653992,9.455912
40.5,82.40963
-55.2480010986328,-77.87613
1.50080001354218,-3.054024
104.124000549316,37.12389
44.3400001525879,24.438862
6.84000015258789,44.328587
2.55999994277954,4.3214474
12.4200000762939,28.27656
15.4200000762939,23.715961
15.1199998855591,11.751712
14.6400003433228,13.128839
20.7719993591309,18.190228
19.5300006866455,10.381922
65.8509979248047,110.64072
7.98000001907349,6.1177077
48.7799987792969,22.445095
11.6999998092651,15.803468
-10.1639995574951,6.2583017
12.3101997375488,63.203003
3.81680011749268,7.3033404
34.0200004577637,44.594925
17.6000003814697,11.839283
-14.8599996566772,6.320314
32.1599998474121,18.214981
65.3000030517578,43.045063
35.6399993896484,41.13521
3.03419995307922,4.6734495
0.407400012016296,5.918624
-45.0480003356934,13.302924
21.2399997711182,24.918585
45.5699996948242,31.06165
4.96000003814697,16.193764
-52.4160003662109,-64.33338
2.27999997138977,3.557912
18.4599990844727,25.911882
2.8199999332428,10.478891
8.02700042724609,6.0697613
3.28320002555847,5.9284983
21.9120006561279,13.639442
1.59599995613098,12.414169
1.25999999046326,2.969193
7.07999992370605,7.5023904
8.01900005340576,10.225196
9.39060020446777,11.643441
32.3400001525879,20.770681
34.1599998474121,17.749498
-7.58400011062622,-18.570557
12.6468000411987,8.074027
9.3125,9.176851
6.71159982681274,8.81556
-0.660000026226044,-6.1787057
21.0359992980957,19.188227
9.86999988555908,14.955763
0.722800016403198,3.0633569
13.8599996566772,18.18385
-26.2350006103516,-42.484787
29.3850002288818,13.253077
-10.8760004043579,-6.308679
-5.46000003814697,-15.32641
35.9819984436035,28.482187
128.25,116.727295
196.613006591797,153.4875
0.0,22.569233
12.1800003051758,10.839108
11.4899997711182,13.727805
40.7999992370605,48.475273
16.9200000762939,18.088291
12.2639999389648,-38.01084
67.9680023193359,34.718777
-3.21600008010864,-6.1091633
-14.543999671936,-11.953717
8.63099956512451,5.4265733
34.9930000305176,28.844559
103.680000305176,92.08651
-3.9300000667572,14.3217
-33.6360015869141,-49.234325
10.8299999237061,6.6612105
-28.967399597168,21.016472
26.9729995727539,15.4634695
14.2799997329712,7.251981
92.2799987792969,48.187275
9.54599952697754,25.665255
-14.4784002304077,17.74044
3.05999994277954,9.95895
19.3199996948242,17.113867
59.4599990844727,58.056755
2.22000002861023,10.525036
33.2999992370605,21.996717
14.3100004196167,13.482703
10.3649997711182,4.612412
22.235200881958,9.546963
5.91750001907349,3.8647661
-27.8400001525879,-21.367456
31.8400001525879,67.7986
-6.3600001335144,-5.9488482
1.10000002384186,2.6553967
-36.1115989685059,-43.71107
16.6788005828857,22.491423
7.46999979019165,5.671537
14.1599998474121,11.213857
20.988000869751,20.059608
-22.5450000762939,-11.310989
137.160003662109,72.62293
20.2985992431641,11.575355
-11.039999961853,-7.2227917
-89.1449966430664,-73.97537
-32.3199996948242,-47.31184
27.8819999694824,24.218206
-67.8509979248047,-2.0900016
21.7199993133545,14.754393
145.800003051758,104.667076
4.53599977493286,73.81851
4.92000007629395,69.95764
11.9099998474121,11.213857
31.7600002288818,31.681631
22.2360000610352,15.42288
21.0300006866455,10.909538
14.6770000457764,10.016857
-5.21500015258789,-1.7827109
35.4599990844727,24.857864
1.70239996910095,3.01719
5.97779989242554,4.2708178
28.7639999389648,14.993376
1.57679998874664,2.2360938
23.9687995910645,20.514229
64.6740036010742,28.483593
-15.2449998855591,21.361683
-3.56399989128113,-2.1398246
-1.98720002174377,1.8441408
1.90240001678467,2.6978786
4.24079990386963,1.5056591
-197.315994262695,-271.65955
3.44959998130798,2.911806
-5.57399988174438,-13.218283
62.1375999450684,36.666756
-3.23099994659424,-1.9826086
0.838199973106384,3.576181
11.2751998901367,8.788387
-112.374000549316,-87.816864
12.7799997329712,7.669015
4.32000017166138,10.061528
-15.1440000534058,6.496959
-4.73999977111816,-7.9339375
4.38000011444092,1.2610226
9.96000003814697,72.47693
-33.2999992370605,-34.48246
22.8096008300781,20.653978
-25.8239994049072,-15.30877
-41.2560005187988,-37.667446
8.21560001373291,8.3858595
11.6400003433228,36.043606
28.511999130249,5.7444167
2.38800001144409,5.3913875
-2.17799997329712,-5.070989
-13.7700004577637,-10.543168
-48.470401763916,-31.4037
2.16000008583069,3.3489976
17.2548007965088,35.01373
180.960006713867,124.753845
39.3600006103516,24.508034
-58.4459991455078,-72.16058
-2.32760000228882,-1.4583528
-3.60240006446838,-1.4583528
-22.1280002593994,-15.841299
3.88800001144409,5.154563
-14.6040000915527,-9.523296
45.7200012207031,50.42823
-9.09039974212646,10.868372
2.88000011444092,37.185703
89.9548034667969,61.2135
6.23999977111816,13.990671
12.0,28.079544
27.5799999237061,64.510086
15.75,30.912422
9.4399995803833,-30.778843
50.0519981384277,26.34751
-0.819000005722046,12.890899
6.75780010223389,-0.89229816
17.7000007629395,17.155567
8.44499969482422,11.265067
7.10099983215332,32.462032
95.7389984130859,50.210243
30.6900005340576,22.810583
1.28400003910065,4.075606
3.07739996910095,8.312423
8.92199993133545,11.619518
10.1999998092651,10.450975
9.30000019073486,13.577869
2.2260000705719,4.592419
9.65999984741211,9.919792
4.45499992370605,7.113824
13.8683996200562,11.052042
40.1702003479004,33.33705
-34.3919982910156,-50.860737
3.46860003471375,3.652702
129.059997558594,67.45305
26.3999996185303,18.108625
34.3800010681152,21.833006
-20.5020008087158,72.80501
8.57219982147217,8.333215
0.582799971103668,2.3933725
12.7746000289917,11.898563
2.46000003814697,3.709544
112.463996887207,35.7867
-15.8280000686646,-13.214728
-25.4519996643066,-14.48228
14.7600002288818,7.508581
6.23999977111816,8.609758
59.9980010986328,74.05477
10.0080003738403,-26.22882
29.5739994049072,9.97572
3.05579996109009,4.535655
4.23920011520386,16.070454
9.93599987030029,8.917904
6.0479998588562,5.263865
47.7000007629395,35.92921
-2.16000008583069,-4.8130736
-47.5439987182617,-42.13427
-27.6959991455078,75.04228
-10.5600004196167,-29.33596
14.16100025177,13.415742
16.0200004577637,49.28631
13.8800001144409,7.868281
-7.97399997711182,-12.485846
10.8039999008179,-0.3972508
11.0279998779297,-19.76895
-12.2639999389648,-5.9979987
-10.9200000762939,-9.193385
-69.0899963378906,-37.171463
-10.3500003814697,-27.22265
3.43680000305176,5.2189994
-73.8000030517578,-45.41743
-131.119995117188,-120.1085
19.7600002288818,15.72414
10.5600004196167,5.8657913
1.29999995231628,3.5149505
5.09219980239868,6.491491
-9.58800029754639,-10.531983
8.98299980163574,72.16257
-6.72300004959106,-8.881193
21.0653991699219,18.8359
31.4916000366211,24.169104
2.14000010490417,5.4254103
-1.36080002784729,2.3841872
3.77430009841919,1.9336072
107.599998474121,68.26276
-13.6831998825073,-9.264958
66.1800003051758,29.403881
18.8999996185303,47.20806
-3.26399993896484,-6.6690493
13.6499996185303,63.947342
52.6879997253418,37.476482
0.0,28.026104
80.6315994262695,77.890755
15.960000038147,64.06548
5.40000009536743,13.215174
1.91999995708466,46.102543
6.55200004577637,4.6509566
8.27999973297119,6.039289
30.8400001525879,17.749142
4.41739988327026,5.6941495
6.59999990463257,14.305848
-2.75519990921021,-1.7827109
6.36840009689331,5.9859776
3.42000007629395,2.6800787
12.9359998703003,43.96908
21.1499996185303,11.164129
4.76000022888184,6.635781
1.55480003356934,2.9608595
2.88000011444092,-14.273009
-6.88000011444092,-5.0777645
89.4599990844727,60.40617
16.7360000610352,13.821847
0.839999973773956,23.820045
34.0499992370605,71.51303
108.599998474121,72.221375
-156.257995605469,-75.986694
2.84400010108948,-34.31653
64.6500015258789,49.341854
4.38000011444092,12.966923
3.42000007629395,3.9744432
-30.6539993286133,18.276583
-33.3359985351563,-16.63673
5.5991997718811,4.5228834
24.4979991912842,19.158573
66.5640029907227,39.701744
0.360000014305115,11.959125
8.77099990844727,6.5124745
-0.921000003814697,-5.623236
6.42000007629395,7.479646
40.7999992370605,43.491405
19.793399810791,13.274407
-10.0349998474121,-7.7734385
2.25119996070862,3.0236795
91.1999969482422,63.142162
14.3951997756958,9.057513
4.05719995498657,6.479319
17.6399993896484,13.402411
73.6999969482422,100.02229
5.69999980926514,11.144538
3.24000000953674,6.457054
6.71999979019165,28.127748
19.3199996948242,10.672765
93.4400024414063,53.296646
37.560001373291,28.984339
7.25759983062744,7.230698
5.91359996795654,5.2785373
12.6000003814697,38.480167
0.0,54.537823
9.19999980926514,5.193574
38.2799987792969,30.530964
8.16600036621094,4.4280076
8.27820014953613,12.603142
10.0920000076294,7.1213455
88.1100006103516,50.17995
131.354995727539,103.31826
33.9388008117676,31.642912
15.2901000976563,4.4016805
3.11039996147156,6.5406747
61.3824005126953,55.93259
-10.3599996566772,-11.977593
7.91879987716675,15.459345
8.9399995803833,4.397458
-5.30399990081787,-14.721928
2.25,9.401911
34.6800003051758,23.75363
5.01599979400635,-38.135746
56.9244995117188,41.453205
6.22440004348755,4.676122
6.63299989700317,8.632446
129.119995117188,62.230267
78.4349975585938,39.37886
-7.39964008331299,-48.140762
14.5,16.242159
15.0,15.50743
9.96520042419434,1.1498158
23.1299991607666,21.393335
2.16000008583069,2.2115202
12.3579998016357,11.994529
94.5599975585938,134.80319
-3.50699996948242,25.5669
1.62000000476837,11.296816
19.4687995910645,18.925024
-6.42000007629395,-31.655313
13.9799995422363,6.505235
11.2503995895386,12.769479
4.01999998092651,6.639733
23.2259998321533,19.744432
2.18400001525879,2.6638558
4.33720016479492,13.192148
134.332992553711,101.83398
140.910003662109,95.11049
16.3199996948242,9.580387
5.48999977111816,7.201135
17.1678009033203,20.70385
4.65000009536743,16.78838
7.52839994430542,9.39401
36.8245010375977,25.917372
7.31319999694824,8.09816
15.4751996994019,18.151545
9.48149967193604,10.575879
15.0299997329712,9.469507
3.11039996147156,6.2994823
10.8809995651245,12.780733
8.64000034332275,5.691557
7.02269983291626,7.070135
17.3339996337891,17.909878
-71.1360015869141,-38.66126
-17.7600002288818,-18.399103
4.11509990692139,5.660759
-35.9039993286133,-79.28746
1.44000005722046,1.8044481
18.7199993133545,13.09982
-5.03700017929077,-2.3145745
-7.47599983215332,-8.594071
24.5400009155273,16.281158
23.9983997344971,27.881992
27.7182006835938,30.099356
6.78000020980835,3.893554
-9.09000015258789,-10.401687
55.6800003051758,63.36606
6.23999977111816,3.9766815
-7.87200021743774,-10.777094
7.25759983062744,7.1219864
-8.99639987945557,6.6116376
23.9200000762939,15.333989
2.19600009918213,-7.7684555
-338.940002441406,-115.87036
-161.111999511719,-127.64094
8.48880004882813,2.4594698
2.32200002670288,6.852923
-10.3920001983643,-18.686283
-23.8740005493164,-18.17168
3.35240006446838,4.9784417
30.5400009155273,43.063507
105.300003051758,109.78729
3.66599988937378,4.144454
23.7119998931885,18.768988
9.0383996963501,9.067883
0.800000011920929,3.446546
-8.39599990844727,-7.8333144
88.0739974975586,55.94823
48.2879981994629,47.95727
-197.574996948242,-191.10846
102.185997009277,75.06164
10.0530004501343,7.1388507
-240.783996582031,-285.14056
-145.679992675781,-89.20141
-419.652008056641,-270.18228
97.0783996582031,79.02328
129.960006713867,79.178185
106.004997253418,35.403915
63.984001159668,56.372147
18.9899997711182,35.357464
2.27999997138977,5.152729
3.85199999809265,3.933152
30.6000003814697,62.44528
0.599799990653992,8.337835
12.539999961853,10.271599
13.6440000534058,15.294273
6.22079992294312,7.875972
33.5887985229492,38.20124
29.9640007019043,23.601286
5.20260000228882,4.7974367
-30.3419990539551,26.556131
0.0,6.03528
9.02999973297119,11.125268
34.2000007629395,24.625223
21.7514991760254,34.666737
-6.53999996185303,-55.67733
4.30000019073486,15.878276
27.0599994659424,11.880611
36.810001373291,90.53492
36.0,25.38502
8.39999961853027,51.163315
2.93720006942749,6.2638474
-55.6080017089844,-38.73561
-13.3176002502441,-31.492287
8.86200046539307,9.086164
11.7360000610352,25.79687
-13.6440000534058,-29.96402
17.7000007629395,13.251506
6.11999988555908,49.019154
71.25,51.252853
3.42000007629395,3.0416715
14.3999996185303,15.502092
51.984001159668,23.11457
-1.23199999332428,-4.3983803
6.15000009536743,16.776829
20.8500003814697,18.206146
23.3840007781982,18.539343
2.93479990959167,5.3578486
7.50400018692017,2.9174404
45.689998626709,101.90647
-95.822998046875,38.880623
143.302993774414,79.16842
2.04800009727478,5.0666866
10.5600004196167,8.16247
24.0599994659424,24.145132
70.1999969482422,46.250523
3.11039996147156,6.4520864
6.42000007629395,4.980391
-75.5640029907227,-45.982716
19.9200000762939,41.80463
-100.919998168945,-96.1126
-86.3664016723633,-0.5338087
23.0965003967285,36.972466
-1.49880003929138,10.512805
17.3600006103516,9.454523
-53.7919998168945,-76.566444
14.4096002578735,11.096778
-3.43199992179871,-4.4104695
31.2735996246338,19.025295
16.1868000030518,12.933948
-135.936004638672,-86.13025
70.0800018310547,42.080017
-9.17879962921143,-9.860249
10.8864002227783,8.699799
47.9599990844727,33.938236
47.8440017700195,28.150019
8.0600004196167,6.1100626
-59.0570983886719,-72.2225
63.2799987792969,32.738255
-0.0299999993294477,-7.5581646
-48.3919982910156,-71.38252
28.6578006744385,24.369448
18.6093006134033,11.096169
31.3799991607666,29.464397
39.4000015258789,46.53287
58.4962005615234,43.206215
12.0,16.587029
131.100006103516,62.019123
0.688000023365021,-8.978034
8.03999996185303,6.9290013
74.2799987792969,42.079338
7.61999988555908,9.662128
3.74079990386963,5.770717
41.0400009155273,48.714287
11.9399995803833,10.497853
4.94999980926514,3.5788667
2.33999991416931,2.7311368
16.4699993133545,10.419408
16.8544006347656,25.991648
12.4902000427246,8.376265
1.79999995231628,23.704367
-111.624000549316,-84.40244
31.2831993103027,22.846292
11.7600002288818,9.870361
35.2799987792969,23.844566
8.92080020904541,12.046047
162.839004516602,85.46854
2.21399998664856,3.1179223
10.6590003967285,7.210361
226.800003051758,137.94061
81.0474014282227,67.775696
57.4113006591797,56.427345
-35.5211982727051,-37.235897
73.4100036621094,57.198647
1.77390003204346,3.0577812
-93.3262023925781,-67.50568
40.312801361084,50.64992
-44.2350006103516,7.4856796
-7.11899995803833,7.174888
5.59999990463257,3.6820996
2.51999998092651,5.3118687
11.206000328064,14.004997
-44.1749992370605,-6.9122
7.7039999961853,9.259714
1.47000002861023,22.854603
37.5624008178711,33.12784
217.64599609375,108.94314
132.990005493164,137.30028
1.3400000333786,4.464005
2.83400011062622,-1.8390559
6.55200004577637,7.4313803
1.55999994277954,21.027756
-2.95659995079041,14.09289
18.3299999237061,14.729367
0.660000026226044,2.8230247
83.6880035400391,33.098186
4.24200010299683,6.4824038
2.13000011444092,2.8230247
2.24000000953674,6.853248
3.44000005722046,4.397458
1.5,6.0044885
4.59999990463257,16.914413
3.76419997215271,5.7794824
45.060001373291,48.87968
6.07999992370605,5.0559626
4.11479997634888,5.9019504
3.46199989318848,3.8436663
12.4799995422363,15.679697
38.0800018310547,64.43121
48.3600006103516,46.547417
0.879999995231628,4.397458
46.2249984741211,25.850515
-207.011993408203,-170.50882
37.0,25.241707
-38.0999984741211,-32.681053
18.1599998474121,9.750717
4.14480018615723,1.9597261
6.46799993515015,8.974454
12.5989999771118,24.527512
2.7260000705719,3.7673032
9.07199954986572,8.040968
6.42000007629395,3.7954738
54.1199989318848,59.055252
-27.3419990539551,-44.69716
-0.828000009059906,-6.863964
21.2999992370605,72.210655
18.6000003814697,12.649289
50.0999984741211,97.592834
-2.69970011711121,9.733405
31.7999992370605,21.027756
3.94740009307861,3.6236854
38.1599998474121,20.875254
-15.0875997543335,-14.20242
204.899993896484,107.88863
-32.226001739502,-18.268038
4.28039979934692,5.4500513
-80.4660034179688,-61.88126
-23.8950004577637,-15.53158
-24.4139995574951,-15.561201
-6.82200002670288,-12.085705
5.86959981918335,7.036198
-8.78400039672852,-8.148631
-356.664001464844,-304.16653
-18.1919994354248,-27.326693
13.4799995422363,12.623163
-9.3120002746582,-32.077473
4.44000005722046,10.663292
-63.5850982666016,-101.053856
9.0600004196167,6.3479285
4.51200008392334,1.6716993
-15.4160003662109,-15.45618
3.77999997138977,13.11226
27.4855995178223,21.079988
31.0445995330811,73.584564
122.940002441406,60.16796
-46.7970008850098,-72.0025
-14.9736003875732,-10.027143
41.021598815918,31.112436
0.0,-29.644808
11.2229995727539,8.848529
14.1700000762939,8.047191
22.153600692749,21.93662
-7.82250022888184,-5.619433
-25.2185001373291,-28.140059
6.25500011444092,12.607333
17.3148002624512,17.35168
33.3899993896484,25.183455
12.2327995300293,18.62793
12.5459995269775,12.9477415
-20.6963996887207,20.773798
10.3500003814697,16.826353
-79.4879989624023,-110.83937
-14.6879997253418,13.886986
-4.83920001983643,28.065092
18.4200000762939,15.5690565
68.7600021362305,70.043564
3.42000007629395,3.0995739
9.70380020141602,9.196489
-81.7950973510742,-87.86443
0.300000011920929,3.9129426
2.28600001335144,3.3644264
33.8400001525879,33.056683
-8.67199993133545,-6.1784024
4.32000017166138,33.331356
1.91999995708466,13.065901
2.95679998397827,2.0604913
20.8799991607666,20.584179
-9.30000019073486,-6.675091
20.1207008361816,16.470404
3.59999990463257,14.068155
6.22079992294312,7.964559
5.75939989089966,0.19068724
7.38719987869263,9.355101
3.55290007591248,4.123598
45.3488006591797,42.890038
-2.91799998283386,8.102066
15.3887996673584,12.915624
14.7581996917725,18.641874
4.31759977340698,-4.417179
31.4699993133545,18.931612
-559.356018066406,-370.2376
28.3094997406006,30.676582
23.6529006958008,17.105118
4.11250019073486,3.4809277
-22.9479999542236,-34.141953
-4.81799983978271,-4.364782
-4.2480001449585,-6.019846
109.611000061035,109.57541
-14.539999961853,-9.398064
-533.731994628906,-513.9773
-14.5763998031616,-10.235692
-6.50759983062744,-4.9892383
8.47360038757324,6.483034
15.6000003814697,9.924928
5.77799987792969,24.028511
9.66320037841797,12.809497
9.96000003814697,6.1012645
1.24800002574921,4.979071
64.0,91.419975
111.774002075195,80.23164
