y_true,y_predict
8.90999984741211,11.79688
0.449999988079071,4.8174148
2.54999995231628,2.536989
-38.8139991760254,-30.580448
0.0,21.802362
39.2999992370605,23.41102
5.21640014648438,5.6644874
6.56879997253418,8.236657
38.023998260498,20.623226
22.7999992370605,12.700809
41.2620010375977,17.944616
13.7861995697021,6.207324
41.6399993896484,24.771261
6.17999982833862,23.745598
16.6200008392334,15.426895
26.0568008422852,19.478317
0.0,7.540557
0.990000009536743,11.643507
-14.378999710083,16.973621
27.3167991638184,23.459274
17.3376007080078,18.044952
-10.2600002288818,-10.273321
-57.9599990844727,-70.302895
-14.0928001403809,-13.858792
-26.7329998016357,-33.903942
142.080001831055,96.82676
-0.675000011920929,2.4324143
78.9599990844727,102.756516
15.2639999389648,6.86008
85.1999969482422,121.54811
164.996994018555,34.504307
30.7859992980957,15.897655
41.2019996643066,23.434484
12.0600004196167,9.557409
28.0799999237061,20.043215
61.6199989318848,82.1206
39.9599990844727,23.110516
2.30999994277954,-16.8719
74.9749984741211,70.854416
-45.9953994750977,-65.14606
128.160003662109,66.56247
0.239999994635582,4.5893207
3.67840003967285,0.90867895
53.0438995361328,49.097282
-3.97199988365173,-2.5296388
6.09999990463257,14.635622
5.46000003814697,6.93405
-75.5719985961914,-51.39894
-35.6720008850098,-23.757286
1.66799998283386,10.295809
-87.7360000610352,-76.86582
31.085599899292,27.510103
24.9599990844727,17.195057
-4.36800003051758,-10.654974
-33.1040000915527,-68.4511
13.7427997589111,9.997173
6.79150009155273,6.7315836
25.1200008392334,65.62562
-132.52799987793,-156.9996
73.3679962158203,34.640472
4.92000007629395,12.054693
146.339996337891,66.63192
-266.183990478516,-233.41162
131.580001831055,28.22334
35.7000007629395,21.852577
-27.5400009155273,-14.185308
11.6999998092651,9.961213
4.38000011444092,4.3890247
-2.03999996185303,-6.359002
1.5,3.527207
16.3799991607666,67.81808
7.66800022125244,9.852845
2.66400003433228,7.08899
-19.6650009155273,29.472567
19.4220008850098,9.018251
33.9000015258789,92.248314
-17.7119998931885,-10.449397
32.6627998352051,1.9977369
8.85599994659424,62.551655
20.0851001739502,15.683305
1.86880004405975,1.933652
2.93720006942749,12.67554
68.9759979248047,56.19181
1.19700002670288,2.9330707
3.24000000953674,11.815911
18.2112007141113,15.0770035
24.8199996948242,-89.09383
-306.600006103516,-277.06497
49.5,23.588156
29.9699993133545,18.053915
3.11039996147156,7.1398683
115.185997009277,79.43772
10.3472995758057,58.83884
66.073600769043,56.922905
11.8800001144409,15.95939
7.67999982833862,25.040697
3.18400001525879,-5.671334
-139.608001708984,-84.361244
73.3499984741211,96.31948
38.2200012207031,23.588156
0.449999988079071,4.3802423
1.20000004768372,32.77262
73.4400024414063,68.421
126.120002746582,87.1285
1.08000004291534,3.329111
31.0200004577637,42.70166
0.933600008487701,26.53799
5.06879997253418,7.4336767
1.72479999065399,2.0934265
-176.544006347656,-73.23457
10.0200004577637,14.107081
-229.195999145508,-29.66373
7.60500001907349,8.874558
8.86079978942871,7.385196
3.96000003814697,5.3367014
4.13880014419556,-0.5406793
53.9819984436035,44.483925
4.32000017166138,6.647877
65.1284027099609,59.885937
35.0973014831543,89.635864
0.0,74.27207
17.1000003814697,28.756699
8.45639991760254,9.670488
-18.3600006103516,-11.184188
4.1399998664856,18.702549
27.2411994934082,20.718273
-6.80000019073486,-11.719639
8.27999973297119,119.19678
26.7199993133545,15.487815
3.69000005722046,8.398084
56.742000579834,28.59548
-1.31040000915527,-1.1189678
83.450798034668,40.00904
-8.59739971160889,-5.189536
10.7639999389648,11.179624
7.47520017623901,7.0626793
-15.2639999389648,-7.0843945
13.1999998092651,7.4605694
5.22720003128052,6.858674
8.32680034637451,0.9138626
0.360000014305115,14.297059
5.88000011444092,6.6798406
3.45000004768372,3.3053699
2.09999990463257,5.867306
8.82750034332275,15.190063
-12.0064001083374,-11.509439
36.3600006103516,35.95378
17.2199993133545,7.6774726
19.5300006866455,8.800482
17.7299995422363,10.430163
-45.0419998168945,-67.06157
136.080001831055,109.176926
5.48400020599365,5.693268
18.6840000152588,20.0799
55.0800018310547,76.53081
19.7999992370605,44.603676
6.21736001968384,-73.21862
42.8400001525879,125.53662
19.5300006866455,14.319725
6.59999990463257,8.49538
3.21000003814697,2.4992366
-20.2800006866455,-13.186175
17.5200004577637,21.873625
10.1999998092651,30.377638
8.81999969482422,10.934848
-24.0319995880127,-11.772019
32.6399993896484,28.450075
-3.28800010681152,-3.99542
0.540000021457672,7.4422483
3.92479991912842,4.487858
71.4599990844727,35.21861
-24.1919994354248,-13.180962
43.6800003051758,27.74245
11.4079999923706,18.389048
33.1199989318848,49.57945
29.9808006286621,32.5493
48.9000015258789,23.026346
0.479999989271164,7.07801
18.4799995422363,12.109011
96.4160003662109,65.89448
4.00400018692017,2.4633172
30.5400009155273,41.81016
-24.9683990478516,-46.412907
35.8800010681152,21.282536
128.729995727539,72.66101
6.11999988555908,4.6024737
19.6919994354248,27.597189
79.7580032348633,70.246796
6.79659986495972,7.3293653
1.57599997520447,11.5842285
31.7000007629395,24.182684
48.9645004272461,56.999496
18.6623992919922,17.681246
50.5632019042969,58.016167
14.2200002670288,11.279503
74.3399963378906,36.39615
4.23360013961792,5.0849257
14.9040002822876,11.11572
12.4680004119873,3.2092507
14.2200002670288,36.622776
3.05999994277954,10.142857
1.28519999980927,-7.4477825
-12.4320001602173,-13.858792
37.3499984741211,35.966606
-9.71759986877441,-40.44086
3.96000003814697,17.126305
4.61999988555908,14.639955
-82.2959976196289,-52.231197
2.67899990081787,4.709068
2.19000005722046,4.2364683
75.9924011230469,53.065083
20.0599994659424,34.397545
9.74380016326904,8.1684065
2.48000001907349,7.056324
8.5600004196167,5.465779
22.6800003051758,15.511101
5.3600001335144,3.9320107
1.47420001029968,4.661434
13.5200004577637,59.43319
-69.75,-57.32222
-1.01999998092651,-4.185482
-83.879997253418,-57.21392
-7.19999980926514,-6.409135
24.6240005493164,25.623516
-0.330000013113022,-3.08599
0.360000014305115,5.7619724
29.8199996948242,18.362093
3.77999997138977,7.168162
-2.00160002708435,-1.7475659
60.8832015991211,40.763203
5.53410005569458,5.941801
24.4699993133545,18.267319
5.44320011138916,5.1573215
4.01999998092651,7.581591
53.5499992370605,30.071579
-22.9799995422363,-25.671837
-308.496002197266,-220.32924
2.29500007629395,1.2125254
5.95499992370605,5.5584364
-2.91599988937378,-47.917343
-20.8619995117188,-13.689838
18.9599990844727,16.253126
6.51200008392334,5.9085913
194.399993896484,23.215168
28.7099990844727,15.941591
102.944000244141,109.65916
20.5799999237061,33.426495
105.980003356934,115.405624
-19.6319999694824,-30.101412
-2.68799996376038,-5.2782497
2.75999999046326,32.55491
41.7060012817383,31.745346
57.2400016784668,58.22896
2.8199999332428,4.053723
30.5088005065918,28.682768
59.4355010986328,49.162342
0.0,13.707719
8.57999992370605,24.72619
25.2000007629395,29.719156
3.24000000953674,6.876478
10.7964000701904,17.43686
-27.0960006713867,-48.07993
3.26999998092651,6.5946465
10.8135995864868,3.1721222
15.2399997711182,28.142708
11.2839002609253,4.9130526
11.5536003112793,10.8861685
18.0900001525879,28.117498
14.1479997634888,14.132455
8.33279991149902,4.7374406
20.2485008239746,23.047411
2.40000009536743,3.6748135
12.0903997421265,13.123067
5.21640014648438,5.458854
-47.7779998779297,-49.400867
23.0100002288818,27.447424
11.5971002578735,11.730722
-180.167999267578,-259.29752
-52.8300018310547,-43.12974
-12.2849998474121,-7.971862
0.0,13.311514
6.16499996185303,21.992903
-7.03200006484985,-10.959803
-57.7799987792969,-43.219326
0.839999973773956,4.29189
-11.3400001525879,-7.587732
-11.9250001907349,-15.584635
-24.2399997711182,-6.6272683
-20.7845993041992,12.2684355
24.1200008392334,15.702473
116.389999389648,83.48302
32.3350982666016,30.184212
42.0,56.265007
-9.56999969482422,-8.711307
6.3503999710083,7.761934
-3.83400011062622,6.6622214
3.53999996185303,8.045147
9.09000015258789,6.115682
-44.5519981384277,-31.776997
39.3899993896484,41.761883
70.1999969482422,44.14454
18.6720008850098,13.3318205
3.86999988555908,98.58294
-1.84200000762939,5.9481893
4.55999994277954,26.866154
-5.55000019073486,-83.80328
30.4449996948242,30.493046
46.7999992370605,25.18135
23.8500003814697,16.904036
-12.878399848938,16.47661
107.040000915527,80.56579
-5.7960000038147,-11.325372
64.8450012207031,36.50093
2.33999991416931,5.9439497
33.3899993896484,28.862942
181.979995727539,109.584435
-32.4480018615723,-46.743343
104.48999786377,161.43626
6.15000009536743,17.245634
-69.0,-110.33943
20.5200004577637,13.229029
26.0400009155273,20.357166
4.5447998046875,7.294741
25.2000007629395,27.563097
164.699996948242,97.468216
0.695999979972839,-5.625896
31.8892002105713,27.8935
2.19000005722046,4.281906
8.9399995803833,5.067362
8.87839984893799,65.19162
7.67999982833862,6.528519
13.6800003051758,8.686492
-68.7600021362305,-49.388283
14.1599998474121,27.300898
2.66000008583069,2.569692
-6.94799995422363,-10.415969
7.97240018844604,3.2166467
3.48000001907349,9.098905
9.63000011444092,5.6586795
12.1199998855591,8.6231985
0.75,3.318129
1.25999999046326,3.60459
0.899999976158142,5.4969187
13.8599996566772,13.192208
1.64999997615814,3.3829618
10.0109996795654,27.337101
9.30000019073486,12.518406
7.1399998664856,4.130676
4.34999990463257,6.6294985
-184.731002807617,-141.83449
-2.06800007820129,-2.034635
8.71380043029785,9.263201
-7.63199996948242,-7.548943
78.752799987793,78.860176
5.48960018157959,4.955243
-24.3360004425049,-65.63931
10.2480001449585,8.293479
9.7608003616333,10.417227
5.07000017166138,6.068661
6.71999979019165,17.004118
-6.31199979782104,-10.281829
21.7800006866455,38.330097
39.0660018920898,31.482138
6.79659986495972,7.1237326
32.3400001525879,19.307175
-23.3880004882813,-31.042274
134.529998779297,138.2148
36.6599998474121,24.680752
22.2000007629395,11.839379
-8.73600006103516,-7.7830157
161.160003662109,109.27358
-7.82399988174438,-6.144635
0.180000007152557,3.5945237
13.7600002288818,6.804416
-498.347991943359,-308.09448
24.3269996643066,23.055674
2.95619988441467,4.5815287
3.59400010108948,2.162722
45.3695983886719,72.22142
4.80000019073486,4.509031
2.97000002861023,9.724203
103.818000793457,75.83057
-3.35999989509583,-10.667947
-39.4679985046387,-49.590145
8.02200031280518,7.328711
-72.9960021972656,-49.69113
50.9081993103027,48.70037
62.9700012207031,47.025284
4.65000009536743,4.7550707
-0.540000021457672,2.925801
24.1200008392334,58.745174
11.4300003051758,8.708953
56.5200004577637,68.14304
4.58160018920898,5.53893
0.0,5.072947
6.75600004196167,19.815535
154.320007324219,116.94896
3.85199999809265,6.9796724
54.7200012207031,28.91136
41.4000015258789,27.580898
3.47499990463257,1.6262805
63.3600006103516,55.828808
26.3911991119385,17.612215
36.2939987182617,85.742355
10.6428003311157,10.802602
35.3345985412598,23.972673
46.5299987792969,58.099926
11.9399995803833,10.871643
107.879997253418,63.11469
17.9549999237061,10.618377
8.05480003356934,9.351615
6.57539987564087,6.6504884
11.8584003448486,14.798998
0.985599994659424,1.7014599
9.53999996185303,10.980286
6.45839977264404,7.45796
15.5288000106812,15.433598
4.19999980926514,16.75643
32.5859985351563,12.828351
13.9200000762939,11.182598
27.0799999237061,17.272356
20.5599994659424,17.272356
30.5100002288818,23.542717
32.6399993896484,26.334568
-160.707992553711,-67.250916
107.72200012207,87.6087
29.7600002288818,21.025757
9.81599998474121,30.468716
12.2309999465942,11.670685
5.69999980926514,4.2749214
6.88000011444092,4.687669
17.5240001678467,9.868379
-4.29869985580444,-0.913335
15.3780002593994,12.687339
4.01999998092651,3.8624544
93.3600006103516,56.837013
-18.5261993408203,-16.823235
6.14879989624023,7.3872643
4.8600001335144,13.306719
5.02199983596802,3.8998368
0.360000014305115,12.308873
22.9953994750977,14.4089985
6.92999982833862,32.194782
4.98000001907349,4.264927
3.98309993743896,5.2512894
-4.65999984741211,-30.289074
13.3056001663208,11.377921
95.0400009155273,69.907875
12.1199998855591,6.50859
-21.8099994659424,-51.119957
6.22079992294312,7.9372897
-5.48400020599365,-4.497109
-322.272003173828,-240.5327
208.320007324219,102.24367
14.5637998580933,10.181527
11.1840000152588,5.141979
19.9200000762939,31.681643
16.0,15.475765
32.7599983215332,59.121784
2.40000009536743,-15.117276
2.88000011444092,4.68086
25.2213001251221,23.623774
1.60000002384186,4.264927
61.439998626709,64.1716
-25.6439990997314,-15.186735
79.2957000732422,130.028
0.479999989271164,3.597041
41.1332015991211,60.198547
57.75,33.05297
-9.7608003616333,-5.6664047
-26.6352005004883,36.753056
-10.2419996261597,60.944263
159.839996337891,116.537796
31.0799999237061,52.204063
26.8950004577637,-48.43402
1.20000004768372,5.1198745
33.3600006103516,62.561035
18.3920001983643,-85.39565
14.5799999237061,8.151115
1.86000001430511,25.08602
34.2924995422363,20.99248
1.67999994754791,4.6310534
2.36999988555908,11.381652
31.6000003814697,25.926495
4.46040010452271,6.115391
13.4099998474121,11.267503
-131.850006103516,-148.305
7.69999980926514,3.1814454
4.03380012512207,5.4795737
-24.9120006561279,-49.693012
0.119999997317791,3.284704
2.88000011444092,19.397778
-5.30999994277954,-7.9878087
-105.660003662109,-108.03562
10.8000001907349,6.4277854
81.1734008789063,93.208595
61.0499992370605,51.053947
-62.0999984741211,-37.256924
-20.7845993041992,13.40286
-1.2150000333786,-33.687656
57.4000015258789,47.000233
8.69400024414063,7.9692492
1.91760003566742,5.309794
0.307000011205673,1.8616552
3.68479990959167,6.2348228
30.0300006866455,98.91377
-81.4499969482422,-56.444637
3.69359993934631,5.4836254
5.16480016708374,7.4889426
21.0128002166748,18.273714
14.6400003433228,24.378416
-11.5176000595093,9.640007
19.827600479126,19.297157
30.8700008392334,23.026346
3.86999988555908,4.435681
52.4900016784668,27.366247
7.08540010452271,8.778745
0.0,3.896997
8.36999988555908,5.858328
12.874400138855,25.047152
8.21560001373291,7.4544067
9.61919975280762,10.840527
57.5928001403809,36.83184
3.79900002479553,4.750365
33.5519981384277,19.48694
32.2513999938965,27.282816
31.5599994659424,28.036694
-3.59999990463257,-8.065191
11.625,18.39817
0.479999989271164,6.41768
5.7960000038147,6.042541
43.9199981689453,22.594145
25.4699993133545,27.367134
-111.690002441406,-125.88271
28.0799999237061,19.424503
-2.06220006942749,-0.95877296
-4.646399974823,-4.235943
-1.81060004234314,-1.2943236
6.83879995346069,15.62275
2.21099996566772,4.661434
-2.28480005264282,-2.1285553
4.92000007629395,2.5786314
-395.640014648438,-266.60175
3.1800000667572,3.549474
27.2700004577637,19.424503
60.0299987792969,30.419827
-104.304000854492,-48.623055
32.4900016784668,20.252151
35.6399993896484,36.86418
52.439998626709,31.505827
36.1800003051758,68.751686
8.25,11.153775
35.9199981689453,14.033318
37.6422004699707,22.918423
-193.055999755859,-86.00718
9.77999973297119,15.519539
39.75,27.219862
2.92000007629395,3.1405194
6.07999992370605,5.1198745
-8.80500030517578,-7.558018
2.40000009536743,51.275192
64.6399993896484,70.34452
188.850997924805,117.67398
14.9399995803833,35.56541
-48.2999992370605,-31.857594
40.1702003479004,32.898087
76.2300033569336,46.35837
-215.100006103516,-122.64834
74.879997253418,75.95659
38.6399993896484,21.052868
13.6000003814697,10.403294
24.7800006866455,13.188971
-39.6599998474121,-30.30999
44.5499992370605,27.869186
3.51999998092651,7.1690784
100.800003051758,57.70567
-3.53399991989136,9.002175
-41.4480018615723,-39.428894
-69.2099990844727,-76.31066
-174.240005493164,-123.87888
8.1899995803833,9.602847
25.6800003051758,61.079697
-95.879997253418,-85.449554
3.4047999382019,3.420304
28.4363994598389,27.64174
34.8138008117676,40.484917
12.0978002548218,5.5267367
29.1599998474121,45.973278
12.1599998474121,10.82231
17.3400001525879,74.55374
-13.342399597168,-12.370402
31.2444000244141,31.900599
0.0,5.994761
-75.8448028564453,-67.89583
0.946799993515015,-0.6592455
0.651600003242493,4.771656
33.9065017700195,20.749313
2.55920004844666,5.007663
-6.42000007629395,-6.9633512
12.2399997711182,46.11323
30.9918003082275,20.089602
26.8799991607666,42.809273
35.5800018310547,23.026346
19.6247997283936,19.679735
44.7000007629395,24.147728
-17.5949993133545,-57.24802
1.28999996185303,2.9314418
19.2000007629395,10.119447
9.99499988555908,12.149843
-12.6280002593994,-13.858792
3.88220000267029,6.8747425
8.88000011444092,51.96101
-2.69970011711121,12.360823
-8.77499961853027,-4.62929
5.23320007324219,8.399119
9.86849975585938,5.908248
-8.3523998260498,-3.8723004
-17.5650997161865,-19.747126
-43.1699981689453,-49.590145
-2.94000005722046,4.718884
-26.1180000305176,-36.91734
59.7000007629395,32.478157
-5.7480001449585,-6.9764276
-34.3800010681152,-17.563543
0.0,-1.8663427
6.59999990463257,17.881004
9.43920040130615,6.0822287
16.3351993560791,18.044952
-77.8560028076172,-154.52364
71.6399993896484,53.07569
16.7999992370605,13.144262
25.4384002685547,26.59616
-54.8819999694824,-0.28807968
140.039993286133,69.44392
33.9000015258789,59.78364
3.91020011901855,5.4699893
2.58960008621216,2.3654363
-75.1679992675781,29.152548
17.1000003814697,23.51943
-77.2529983520508,-66.029724
42.5699996948242,31.301186
-23.7600002288818,-96.38377
82.1600036621094,50.666264
18.0475006103516,90.28319
65.9934005737305,21.82138
7.43680000305176,2.1456552
2.64000010490417,4.7122016
28.2169990539551,31.891937
-6.39599990844727,-1.2501087
7.59000015258789,29.845314
16.1000003814697,15.806052
-24.7679996490479,-94.86471
-189.320999145508,-115.25105
13.8599996566772,8.385226
15.8039999008179,11.725735
-15.4666004180908,-6.1008368
24.2285003662109,21.8175
9.94499969482422,8.144613
8.39999961853027,15.968846
-106.019996643066,-78.93507
5.44320011138916,5.669817
10.9697999954224,9.390114
44.8680000305176,-39.7016
59.4000015258789,34.728844
25.7919998168945,29.705824
5.94000005722046,6.2320404
15.5249996185303,14.072034
9.02999973297119,6.5808697
7.0019998550415,4.9790382
1.64999997615814,3.5945237
15.8400001525879,58.51144
79.5,58.88726
7.4871997833252,6.943719
2.01999998092651,3.307312
137.151000976563,113.45649
-65.5199966430664,-54.16431
25.9200000762939,25.856245
1.25999999046326,11.4007435
3.92400002479553,15.199307
-8.06400012969971,-5.4955583
2.0492000579834,6.9796724
-133.921997070313,-65.401924
6.11999988555908,4.166882
99.0,52.72044
0.839999973773956,3.752735
-6.83339977264404,-4.8905687
-6.38819980621338,-39.162804
59.5800018310547,39.549885
12.1049995422363,4.156432
3.24000000953674,3.3727114
6.71880006790161,18.09366
1.08000004291534,3.8067544
-6.12480020523071,-3.9003916
17.6340007781982,7.0813975
27.4855995178223,22.451275
12.1451997756958,13.468968
0.879999995231628,3.546217
-33.2999992370605,-34.321888
73.1399993896484,70.477875
44.1599998474121,23.51989
29.1599998474121,16.629606
1.79040002822876,54.52655
-28.1760005950928,15.538364
8.9399995803833,9.540359
2.33999991416931,3.8416061
7.5,14.806515
28.9799995422363,46.564148
2.97000002861023,30.414684
18.1599998474121,9.477348
-97.7399978637695,-66.96632
33.5891990661621,20.12693
5.39699983596802,0.9108007
20.2350006103516,16.054081
-47.396800994873,-64.07315
13.8578996658325,17.539885
8.99199962615967,-29.93947
-29.8719997406006,-30.801569
-1.63199996948242,-6.5589848
69.4800033569336,35.097378
7.25759983062744,6.6587358
15.4980001449585,9.025744
107.995002746582,28.217129
-87.0479965209961,-42.40188
-9.66399955749512,-7.968008
-4.19099998474121,-5.93774
38.7799987792969,19.987984
4.73999977111816,26.737034
75.7600021362305,61.197617
21.7094993591309,20.612194
1.70550000667572,2.1532943
-11.6512002944946,-17.548355
26.0849990844727,28.386395
6.3600001335144,14.118448
4.17000007629395,4.905395
3.15000009536743,5.0455837
-9.91800022125244,-17.657627
17.6399993896484,12.596426
5.28000020980835,5.329797
43.0499992370605,30.30183
-39.6370010375977,-37.621212
-68.1856002807617,-63.723087
0.959999978542328,14.268265
16.9312000274658,8.766674
11.5500001907349,13.794829
12.2399997711182,45.675014
8.27999973297119,5.1198745
4.07999992370605,7.1690784
134.654006958008,135.26982
2.42880010604858,7.00047
17.8799991607666,14.583926
3.45000004768372,9.126551
19.7999992370605,13.353494
12.8150997161865,10.368882
1.72500002384186,1.5864533
14.3135995864868,7.026211
10.1040000915527,7.540557
31.0499992370605,19.778183
8.10000038146973,6.4277854
47.8199996948242,111.62505
113.847999572754,106.19142
24.2695999145508,19.689508
10.5551996231079,7.507279
34.907398223877,23.940395
1.11600005626678,3.6259365
3.60179996490479,5.325411
12.1999998092651,15.786971
8.88000011444092,6.0378146
70.6259994506836,28.845142
2.94300007820129,21.829737
-407.976013183594,-455.62955
53.0789985656738,40.35556
10.0724000930786,8.087875
-0.531000018119812,4.0111384
8.39159965515137,-21.836887
26.1599998474121,28.58112
9.02999973297119,58.093307
1.79999995231628,13.406447
-46.6679992675781,-33.373436
-11.9370002746582,-13.819917
70.7220001220703,50.176846
-5.60400009155273,-7.3413153
6.11999988555908,5.321878
176.514999389648,94.99462
-33.4799995422363,-34.660954
7.25759983062744,7.1712313
-22.7999992370605,-20.221212
2.0048999786377,4.069033
5.44320011138916,5.429332
14.5740003585815,19.54509
36.4043998718262,32.943523
2.60999989509583,3.8388422
14.7600002288818,20.621815
15.0299997329712,12.436839
0.864000022411346,9.019604
2.84999990463257,5.6010776
15.6800003051758,11.467322
3.28679990768433,4.9379215
8.3523998260498,5.384008
19.3500003814697,16.634892
16.3999996185303,13.923206
5.51999998092651,14.702743
0.0,3.3758645
40.0036010742188,41.679672
11.8909997940063,12.282975
3.72359991073608,5.458854
-6.89919996261597,-3.9992797
-20.2450008392334,-9.216137
66.7200012207031,44.371006
30.0144004821777,16.198448
-2.28780007362366,-3.2749286
35.3345985412598,24.244678
27.8819999694824,23.240627
17.963399887085,16.368036
9.0600004196167,9.612913
5.44320011138916,5.4747696
8.28479957580566,6.6288495
6.50579977035522,11.422795
-20.2956008911133,-24.360334
-60.7680015563965,-47.024284
0.885599970817566,1.7468979
6.1230001449585,17.744343
41.5349998474121,31.765059
28.3999996185303,47.414406
14.9130001068115,7.5155854
10.3071002960205,8.778478
2.95679998397827,4.323722
8.5649995803833,41.14912
25.0919990539551,40.013447
17.0981006622314,21.345558
-34.8245010375977,-91.13513
-125.910003662109,-80.59171
23.5499992370605,19.338076
31.9500007629395,17.025053
4.48000001907349,-45.895805
10.9799995422363,11.766328
228.600006103516,136.4879
20.6399993896484,15.7843075
-11.8439998626709,-13.098238
-53.8548011779785,-45.586323
0.180000007152557,7.0121717
2.71659994125366,5.0849257
31.9500007629395,56.375175
4.30800008773804,-5.090756
-0.76800000667572,-2.7486677
-36.8880004882813,-24.653973
-30.3645000457764,2.4770977
-8.86400032043457,-5.3618646
-5.38000011444092,-8.515709
15.75,15.702473
19.3185005187988,19.879345
-20.8775997161865,-10.485095
-36.7200012207031,-84.96344
-67.0199966430664,-58.597664
-3.78399991989136,-9.37453
38.0250015258789,38.574764
7.92000007629395,19.808851
-5.76000022888184,-46.00216
85.1760025024414,58.718044
-19.1058006286621,17.806643
1.82070004940033,3.8258033
2.0357999801635698,2.3305845
-21.1319999694824,-6.448884
-5.69430017471313,3.720965
3.53999996185303,4.1785975
21.7514991760254,33.480503
13.3479995727539,11.035478
55.5,61.23247
25.2000007629395,23.59972
89.4000015258789,50.75464
31.9500007629395,56.294884
-131.95100402832,-65.706795
-10.2720003128052,-7.6407638
5.60500001907349,-1.6244253
58.6399993896484,33.232697
11.8800001144409,15.913951
12.0900001525879,23.504448
3.57999992370605,8.238072
-74.3249969482422,-58.42865
11.9700002670288,7.0013666
-1.91400003433228,-5.892302
-22.1280002593994,-18.167166
27.5631999969482,18.034973
-97.5599975585938,-142.2047
7.19999980926514,31.551645
10.8000001907349,5.797004
-6.26399993896484,-5.617051
-40.3839988708496,25.006432
-14.5979995727539,-6.9078336
6.21519994735718,6.094754
28.0799999237061,19.27013
4.27199983596802,-5.101497
-25.7880001068115,-30.513483
-6.89400005340576,-11.511604
-7.2960000038147,-4.9286513
0.0,19.040903
-450.216003417969,-432.225
26.3099994659424,17.760122
9.84000015258789,5.7387443
-81.5759963989258,-81.01249
15.960000038147,11.404952
-0.216000005602837,2.3024542
-20.1599998474121,-6.00766
-9.10400009155273,-4.0236034
6.46000003814697,-37.011234
-11.3760004043579,-6.9620643
-71.447998046875,-50.336266
6.29099988937378,0.9907062
37.9175987243652,35.079388
-76.6800003051758,-38.830963
-8.31599998474121,-5.4594965
29.0849990844727,33.639923
7.61999988555908,14.466513
-1.09500002861023,13.479221
81.7440032958984,39.89204
35.9850006103516,20.044163
9.40799999237061,10.341247
29.5200004577637,24.452845
-10.1920003890991,-5.6946244
29.3640003204346,22.842852
34.9964981079102,25.290249
6.55690002441406,7.157323
11.3249998092651,10.370746
13.6199998855591,9.477348
90.8292007446289,54.76413
5.44000005722046,77.39188
4.53179979324341,6.010716
-23.7821998596191,-24.669846
15.0719995498657,-39.0295
43.6500015258789,59.775696
20.3999996185303,23.318756
95.6999969482422,57.15737
7.55999994277954,12.912925
104.099998474121,120.42817
9.81639957427979,8.601622
13.0950002670288,4.2237487
-31.2000007629395,-81.96548
-55.2560005187988,-0.48649052
76.2720031738281,72.22992
16.1700000762939,18.36522
133.440002441406,72.13964
-10.0679998397827,-15.894378
39.2400016784668,20.371937
10.5600004196167,11.545534
-316.019989013672,-443.14236
-25.253999710083,-17.1065
-15.3360004425049,-33.64568
9.23999977111816,23.51943
22.7999992370605,31.52798
72.5999984741211,42.524323
-27.738000869751,-30.626867
-15.6960000991821,-8.347872
10.3599996566772,8.273894
108.360000610352,117.27267
2.40590000152588,5.245121
-21.4608001708984,17.925062
-142.20100402832,-71.47577
6.48000001907349,4.143226
22.8827991485596,26.897831
9.18000030517578,9.575155
5.84999990463257,28.771118
-0.41100001335144,2.0719948
-1.86000001430511,-22.877012
-83.0879974365234,-117.15474
3.66000008583069,3.1072989
14.3850002288818,9.5602865
111.360000610352,117.20995
-123.525001525879,-82.186264
1.25999999046326,4.2999525
38.5800018310547,18.997988
-43.2120018005371,-27.366201
-55.007999420166,-49.647575
-16.6499996185303,-23.557589
-21.6900005340576,-12.027696
-14.5649995803833,-7.7410197
2.8199999332428,4.065843
9.75,11.735953
54.234001159668,18.773964
-295.320007324219,-177.05702
18.375,49.67386
4.38000011444092,3.8624544
0.437999993562698,4.8582654
27.7910995483398,25.017857
4.96000003814697,8.542909
3.29439997673035,5.2995276
4.73999977111816,23.026346
14.1300001144409,15.7843075
2.62800002098083,5.017609
5.86959981918335,7.8323574
-8.18400001525879,-11.10015
-6.44000005722046,-7.6956587
4.3523998260498,5.1957283
56.4000015258789,34.620636
22.7639999389648,28.076637
131.986999511719,71.065796
-35.9280014038086,-35.820236
26.6303997039795,19.213257
23.7684001922607,19.855831
2.03399991989136,11.259159
233.520004272461,75.807724
-36.1115989685059,-53.000843
11.1599998474121,15.649182
41.6699981689453,31.52063
15.6331996917725,26.181746
9.33119964599609,10.680331
18.44700050354,18.84884
-56.2560005187988,-44.926926
12.9128999710083,12.882582
-2.18959999084473,1.6894796
21.8969993591309,24.40696
60.4080009460449,29.95275
23.507999420166,8.447087
97.879997253418,83.86515
9.35999965667725,6.2598524
8.71199989318848,41.809887
10.4875001907349,14.835544
-2.69400000572205,7.1148205
3.99300003051758,8.377192
79.7939987182617,65.65931
5.44000005722046,7.1236405
114.938003540039,97.94693
3.96000003814697,6.130158
30.7800006866455,59.699608
4.55999994277954,5.086171
17.4599990844727,7.2672076
3.91799998283386,5.921079
13.3380002975464,9.208372
66.5459976196289,32.124413
36.9599990844727,42.70166
47.439998626709,31.115185
18.8532009124756,5.0418315
71.2295989990234,64.5094
-34.2515983581543,104.4495
18.4799995422363,12.448196
15.7583999633789,18.926472
26.7299995422363,54.551914
45.0900001525879,26.341362
4.73999977111816,12.712965
30.75,60.86568
11.7600002288818,7.203928
25.3799991607666,21.094582
12.6000003814697,11.496656
192.690002441406,99.16994
3.35999989509583,4.2729874
21.1200008392334,7.0435524
9.0,5.632572
35.5499992370605,32.995422
69.4349975585938,27.47146
6.44399976730347,32.631435
0.959999978542328,9.29339
38.2080001831055,-74.73059
-3.52800011634827,-4.4646444
3.24000000953674,13.896374
28.7999992370605,32.921284
39.3569984436035,17.326002
32.2919998168945,33.168934
-10.6680002212524,-11.10015
-9.90999984741211,-8.624838
11.6099996566772,19.368465
251.399993896484,132.85149
38.6399993896484,47.43701
-0.0299999993294477,-96.03084
15.75,12.6240425
23.9400005340576,30.252241
10.4250001907349,19.70978
-10.5600004196167,-25.30468
1.88999998569489,10.491849
25.5,17.210783
-40.007999420166,-65.48096
-5.9520001411438,-10.630209
-7.99200010299683,-11.179706
93.5999984741211,52.777447
26.5499992370605,17.300373
0.720000028610229,5.9411135
10.8000001907349,11.248058
152.022994995117,154.52893
37.7999992370605,23.21935
72.2399978637695,84.43012
19.7712001800537,16.269547
37.7639999389648,30.889463
59.4000015258789,56.955696
-5.13600015640259,-5.743761
22.0799999237061,12.908641
92.2368011474609,80.77074
41.8499984741211,35.525898
7.26000022888184,5.636245
7.25759983062744,7.0909414
27.2952003479004,34.607574
82.0800018310547,87.38917
8.72999954223633,10.667871
89.9970016479492,61.979233
12.2465000152588,51.171055
21.7199993133545,15.521203
5.25600004196167,7.2471075
72.7200012207031,61.77955
16.7490005493164,4.809667
-23.8920001983643,-13.825386
11.6850004196167,5.8786526
8.90999984741211,9.724203
-126.071998596191,-78.50285
72.2399978637695,61.110897
51.2999992370605,32.721878
59.3730010986328,58.8579
21.9300003051758,30.778193
44.8199996948242,92.71778
10.7136001586914,10.052725
34.2900009155273,19.398802
70.9020004272461,30.53402
3.21000003814697,4.9711585
8.34000015258789,14.873294
-8.23680019378662,-5.3249106
-4.91400003433228,-9.925063
-10.4399995803833,-11.570772
-16.5599994659424,-33.524414
4.92000007629395,6.6772194
3.24000000953674,5.8099775
-77.6159973144531,-66.18386
25.8129005432129,-1.2571822
51.7999992370605,31.200167
-4.17000007629395,-6.439292
14.5799999237061,11.535368
5.55000019073486,4.0558486
14.1300001144409,29.13115
35.5200004577637,112.00267
30.9599990844727,17.3247
-34.757999420166,18.711664
5.76000022888184,11.4253235
-153.201995849609,-129.77016
4.17479991912842,6.9201803
32.6699981689453,89.639946
4.68179988861084,6.849802
15.1157999038696,18.400547
-41.8979988098145,-56.6524
-7.20599985122681,-10.657881
4.5,16.70417
5.09999990463257,4.2999525
24.1959991455078,59.158264
33.7319984436035,20.271154
3.85199999809265,6.9401956
28.1420993804932,31.900599
30.7199993133545,28.073982
13.9200000762939,55.403625
-58.7820014953613,-34.533237
98.8499984741211,55.95538
73.379997253418,61.39914
18.9701995849609,8.869583
-5.58400011062622,-5.3585396
61.3889999389648,56.65371
-122.807998657227,-86.35618
-21.6000003814697,-16.95313
122.386001586914,83.93335
-14.6700000762939,-10.959803
-14.9759998321533,-17.278011
8.27999973297119,22.668793
26.2350006103516,26.362669
4.56120014190674,6.850977
-34.2299995422363,-15.20748
-13.6979999542236,-10.760374
-0.857999980449677,5.141979
5.44320011138916,5.429332
7.19999980926514,8.385226
9.49499988555908,18.980408
28.7670001983643,37.261578
8.26159954071045,9.5229225
52.5320014953613,47.376514
18.6000003814697,23.51943
9.33119964599609,10.840527
1.52999997138977,5.1378627
14.5799999237061,15.852344
-3.90319991111755,-3.3203666
4.39020013809204,3.1811817
4.40999984741211,50.63215
4.65000009536743,36.341534
-12.8699998855591,-8.173044
-16.7759990692139,-51.607094
-5.46000003814697,-10.777666
-15.0299997329712,-48.255287
0.0,-27.721691
182.354995727539,132.13942
111.959999084473,71.47508
10.7399997711182,14.433784
37.2360000610352,30.435175
-12.1199998855591,-7.968008
-3.49799990653992,-6.5066085
10.7399997711182,14.433784
16.7999992370605,33.533916
101.639999389648,73.516975
8.27999973297119,100.01894
11.9700002670288,9.81735
85.9800033569336,49.0904
33.9599990844727,80.73383
5.98799991607666,3.1893454
70.9199981689453,40.5145
95.7119979858398,12.132332
-38.7071990966797,-24.788252
-8.32499980926514,-18.678362
-17.4899997711182,-13.125854
4.28999996185303,11.897719
7.8899998664856,10.951781
83.3399963378906,63.081257
178.740005493164,106.17987
21.0,27.173477
1.2474000453949,-7.6762023
-14.8590002059937,-55.839222
-87.901496887207,-53.476677
-66.9540023803711,-44.394962
8.60999965667725,10.448312
40.439998626709,59.554497
17.2800006866455,4.409666
-79.2900009155273,-195.48259
7.1399998664856,7.3011365
1.10000002384186,22.870382
6.09000015258789,4.1361384
6.09000015258789,13.46475
3.11999988555908,5.2829213
15.0299997329712,26.341362
2.8199999332428,4.435681
3.77999997138977,22.833189
160.020004272461,85.47601
9.84000015258789,5.2133174
35.8199996948242,16.673086
21.4500007629395,14.771663
3.99060010910034,5.254065
38.0400009155273,23.61987
-72.9960021972656,-50.123337
70.7399978637695,42.877018
-13.2152996063232,-27.464436
47.8800010681152,33.66247
-170.016006469727,-141.37282
6.78000020980835,6.032554
0.839999973773956,6.8415494
14.3400001525879,23.867071
3.67199993133545,-11.675971
0.317999988794327,-6.7012477
74.2799987792969,43.20427
10.4399995803833,14.293169
58.5,66.0807
7.23000001907349,5.9603634
11.1599998474121,9.005048
-7.92899990081787,39.66794
4.26599979400635,3.9307392
114.480003356934,118.20842
-8.71199989318848,-11.671197
-319.247985839844,-297.8968
-801.528015136719,-483.5669
7.5991997718811,6.388382
6.22499990463257,19.926443
0.40200001001358,6.1605716
106.019996643066,63.44633
-217.583999633789,-94.79482
16.2863998413086,19.762455
-112.716003417969,-80.02555
-1.45799994468689,-29.326458
-75.1679992675781,-120.3016
-190.139999389648,-101.24127
-26.2439994812012,-17.68848
-41.0400009155273,-36.6741
-12.8760004043579,-26.367659
-75.2220001220703,-81.18456
5.88000011444092,-16.0233
-16.3169994354248,-14.012157
4.43520021438599,5.693268
17.8439998626709,-32.709415
-89.7539978027344,-58.474087
-20.9729995727539,-17.917128
6.63000011444092,8.588791
-47.1660003662109,-46.184044
2.69359993934631,5.007663
-11.7840003967285,-5.575848
18.4799995422363,27.580898
22.6800003051758,30.374388
-20.3190002441406,-27.346027
4.23000001907349,4.1710057
16.7399997711182,12.104148
16.5900001525879,14.104978
64.8000030517578,35.098663
31.3199996948242,20.138128
6.37440013885498,5.009327
13.6499996185303,11.778684
11.2799997329712,5.9683933
-159.889999389648,-98.675545
-43.8479995727539,-57.767475
22.757999420166,8.972814
7.01999998092651,10.045066
-0.689999997615814,3.8030033
-54.8279991149902,-32.19733
15.0,13.958058
20.3999996185303,14.68106
15.1157999038696,18.480837
2.70000004768372,34.42479
13.9672002792358,6.7462416
8.39999961853027,9.603076
-4.40399980545044,-5.2667108
86.4899978637695,107.14885
51.75,36.75592
-26.8080005645752,-13.58077
27.7560005187988,58.784695
55.8899993896484,35.488026
44.3699989318848,43.30036
2.19000005722046,3.572645
28.7856006622314,19.447725
6.20639991760254,9.598539
1.67620003223419,4.14568
-10.9479999542236,9.598539
60.255298614502,50.218338
8.30399990081787,5.141979
20.1599998474121,71.906715
36.693000793457,38.82257
1.14660000801086,3.8225303
9.63000011444092,39.216545
1.06200003623962,-4.8767657
5.25600004196167,5.785065
2.60999989509583,30.56413
-36.0,-37.106968
4.28999996185303,12.282152
47.4000015258789,50.599632
13.9200000762939,12.732218
195.389999389648,136.0804
3.34080004692078,2.3365264
21.7800006866455,60.936756
13.5,12.129222
27.9720001220703,25.549229
20.9669990539551,-50.175022
-9.67679977416992,-6.4830017
36.023998260498,30.119013
15.6599998474121,11.451219
5.03999996185303,4.342238
10.0799999237061,74.340775
23.7299995422363,12.376044
69.4499969482422,62.9063
48.2999992370605,68.01839
11.4519996643066,34.481926
20.7600002288818,105.7676
6.92999982833862,12.405157
35.4000015258789,52.631096
4.32000017166138,19.778183
6.98999977111816,11.560429
8.55000019073486,12.047884
0.533999979496002,8.620899
-14.8319997787476,-17.617167
7.5,5.1523647
21.0,47.703636
-129.52799987793,-86.78839
-3.09599995613098,-10.602209
19.1100006103516,23.080635
-42.4799995422363,-30.26406
-97.7399978637695,-67.04661
-31.7520008087158,-32.197575
-96.5279998779297,-41.352962
-5.85599994659424,-9.713219
4.1100001335144,4.050386
2.19000005722046,5.9871163
35.6346015930176,33.616337
-89.0879974365234,-53.82084
-28.8659992218018,-25.59716
-0.568000018596649,-0.49748608
-9.30599975585938,-10.219685
46.439998626709,87.66383
7.67999982833862,6.8178873
2.64000010490417,3.7613163
26.8199996948242,60.577602
63.2400016784668,26.423492
33.7211990356445,27.991634
5.03999996185303,169.05424
0.292499989271164,1.0698526
0.0,6.723968
-13.5959997177124,-14.93222
18.9899997711182,16.160921
2.75999999046326,5.7219796
14.2200002670288,12.9163065
5.76719999313354,-0.7900429
4.05000019073486,15.509331
18.7812004089355,15.969287
9.0,6.111406
8.72999954223633,11.336214
24.8400001525879,14.150415
26.5979995727539,31.55714
18.2700004577637,98.38684
47.2799987792969,58.79164
24.5699996948242,25.497847
-161.875,-137.14769
-4.06799983978271,59.75787
0.360000014305115,13.027747
53.0699996948242,44.80917
23.3400001525879,11.839379
141.257995605469,71.07645
18.503999710083,32.747223
56.8950004577637,28.084415
22.4778003692627,-2.9294605
-2.18700003623962,2.8130462
84.120002746582,47.2578
-9.00780010223389,-9.600687
40.8600006103516,29.673717
4.38149976730347,10.328532
15.4799995422363,14.050091
-1218.38000488281,-655.4921
0.0,21.531286
-81.7679977416992,-43.69775
14.8199996948242,69.531296
23.2800006866455,24.751396
-2.73359990119934,-6.0728655
14.2200002670288,76.58524
27.75,17.165344
0.899999976158142,7.9998503
146.850006103516,88.67687
6.76200008392334,1.9316417
57.1259994506836,70.26328
48.1199989318848,47.2578
3.49499988555908,20.66721
-0.972000002861023,-2.5296388
-126.720001220703,-97.59066
-20.2080001831055,-7.708649
-5.96999979019165,-80.60427
-14.039999961853,-5.274786
1.39199995994568,-4.8019342
-1.62000000476837,-3.9320846
111.843002319336,61.737663
66.5999984741211,38.07726
243.419998168945,138.87212
68.2799987792969,50.2332
17.2800006866455,9.106232
63.1619987487793,70.006096
18.1439990997314,8.871205
12.0600004196167,8.218432
15.0299997329712,8.9737215
-55.8419990539551,98.825325
60.4224014282227,48.13337
12.6000003814697,111.16541
147.680999755859,39.258636
84.629997253418,49.069756
29.5186004638672,23.264776
6.32959985733032,7.749188
7.55280017852783,-2.2613049
13.1999998092651,23.106636
5.40000009536743,23.171413
-27.6900005340576,-27.482676
6.3899998664856,14.416444
13.5,9.223482
-4.32000017166138,4.8418717
12.1800003051758,7.2135997
12.4499998092651,16.019129
18.4771995544434,26.527552
-21.5340003967285,-30.643764
23.3999996185303,26.921827
40.3199996948242,28.60908
2.84999990463257,16.239109
-4.16400003433228,-6.439292
27.1200008392334,23.542717
-18.6119995117188,10.858119
81.1800003051758,45.95766
22.5,12.750712
2.07599997520447,2.5213642
9.0,5.7583
14.7799997329712,4.6066756
2.83590006828308,-3.5153134
3.66449999809265,-1.4815412
12.2399997711182,27.675432
18.3600006103516,14.574848
25.744499206543,14.370559
11.8800001144409,55.79322
-1.78799998760223,-7.936125
-3.00149989128113,-13.248279
-42.4169998168945,-33.168633
6.11999988555908,7.9414244
5.88000011444092,4.6024737
6.53999996185303,7.7250752
15.7194004058838,15.221586
-3.34200000762939,-11.511604
2.97000002861023,3.409401
26.7029991149902,24.83822
16.5599994659424,95.56301
33.3135986328125,25.001202
-0.00749999983236194,-7.770208
6.11999988555908,4.6024737
32.4000015258789,19.778183
28.9799995422363,44.974697
1.23000001907349,3.9130113
1.88999998569489,13.326839
-4.90799999237061,-14.433826
2.73000001907349,5.007663
1.98000001907349,12.501903
10.3498001098633,109.073425
3.45000004768372,4.3523045
11.8979997634888,12.372795
28.7964000701904,21.77147
2.23020005226135,5.007663
33.0368003845215,28.583967
10.8587999343872,6.140175
7.1399998664856,4.5147524
22.1399993896484,12.874515
4.92000007629395,139.68695
14.8199996948242,67.95421
84.5999984741211,48.378307
24.0,14.127474
10.4399995803833,57.701912
66.7200012207031,31.601124
13.5055999755859,11.710155
6.22079992294312,7.9372897
19.5237998962402,16.746494
2.6496000289917,5.1303635
8.81999969482422,14.657305
-9.97049999237061,-7.773445
0.0,13.898004
0.605599999427795,-1.8328829
9.02999973297119,58.013016
7.02180004119873,9.027324
2.78999996185303,5.080971
5.76000022888184,14.294012
15.6977996826172,14.500784
152.669998168945,61.482704
7.1399998664856,3.8413093
26.9009990692139,26.27043
-15.9840002059937,-31.696434
-5.82480001449585,-11.005612
-115.064002990723,-10.630558
-7.93200016021729,-5.842723
31.0200004577637,29.636234
-197.639999389648,-83.68651
5.09600019454956,7.4365644
15.3870000839233,16.50632
-1.93439996242523,-3.5399716
68.0400009155273,46.39259
2.57999992370605,4.2749214
-7.44159984588623,-3.530551
19.7549991607666,17.61011
-7.41599988937378,-10.760374
12.4919996261597,13.105534
48.328498840332,39.456738
62.3209991455078,56.367447
15.5111999511719,14.559808
146.789993286133,75.42658
-83.4359970092773,-38.88049
1.04999995231628,5.778038
8.76000022888184,11.945031
41.9519996643066,30.588293
5.03999996185303,28.512394
-20.5499992370605,-75.120415
-8.13119983673096,-4.9111857
4.99499988555908,5.429332
21.5909996032715,11.859085
2.73000001907349,15.184263
1.51999998092651,7.02521
48.551399230957,45.69901
44.4767990112305,34.95544
5.82000017166138,3.6236446
0.426400005817413,1.1458822
-8.84799957275391,-13.018456
63.117000579834,23.793629
10.5600004196167,11.336456
31.3199996948242,31.877003
7.48239994049072,8.56684
2.72399997711182,-5.005118
18.8999996185303,30.895983
-2.13000011444092,-4.8937516
38.2200012207031,26.388327
36.9287986755371,33.030094
8.5024995803833,14.70792
55.7639999389648,52.396515
16.5200004577637,19.155106
12.2849998474121,11.97154
9.60000038146973,9.529717
-74.7720031738281,-81.768105
22.8689994812012,19.144417
8.71380043029785,9.343106
45.5200004577637,33.12912
19.8360004425049,10.065075
19.6200008392334,13.173339
26.1800003051758,26.155968
183.419998168945,101.68335
3.11039996147156,7.220158
-5.99399995803833,-3.99542
-34.0200004577637,-27.00002
26.4780006408691,12.005815
86.9550018310547,35.057713
29.5254001617432,28.218334
-8.45160007476807,-8.502779
162.863998413086,101.698074
14.5080003738403,5.608163
2.48000001907349,3.0307999
22.5624008178711,15.958146
21.0,26.80382
-4.5,-44.096798
51.8237991333008,30.927197
28.1371994018555,11.246616
123.291000366211,41.96006
93.6987991333008,76.53686
8.86240005493164,6.7974257
90.9000015258789,109.03857
4.30000019073486,8.1981125
-72.4800033569336,-33.624935
3.61560010910034,4.5854034
98.2799987792969,52.288235
16.7399997711182,13.686373
21.6450004577637,48.540176
16.3980007171631,16.036335
7.44960021972656,7.4340954
0.596700012683868,3.830905
8.59200000762939,3.3842473
5.12400007247925,22.8025
137.339996337891,62.896175
15.8760004043579,16.55176
0.515200018882751,9.971533
2.21939992904663,4.661434
34.8927993774414,11.400171
48.939998626709,39.44461
6.43079996109009,4.0819516
39.060001373291,71.04448
-8.01000022888184,-7.971862
1.45799994468689,-5.791077
0.479999989271164,8.879179
42.8935012817383,15.843478
-8.22399997711182,-14.00766
-21.5160007476807,-11.827102
132.720001220703,120.69363
-13.8959999084473,-15.499433
11.6099996566772,20.710236
19.2600002288818,15.634938
2.79999995231628,64.79465
149.759994506836,63.38228
106.650001525879,71.67704
-1.64699995517731,22.099134
0.295199990272522,0.9705264
-40.9770011901855,22.605999
1.06200003623962,-10.939575
-8.67679977416992,-7.3208137
-10.7298002243042,-13.333105
21.0300006866455,10.017129
0.470600008964539,2.2178297
-2.18849992752075,5.5648203
3.1800000667572,4.9758644
45.2099990844727,19.287643
13.9728002548218,17.347769
-52.336498260498,-49.45297
10.8599996566772,6.994848
63.8699989318848,25.775589
3.0,9.993719
5.18400001525879,7.7736893
10.4300003051758,8.871253
18.7199993133545,16.507706
8.6855001449585,11.251135
7.58400011062622,6.9322023
7.94500017166138,18.695824
19.0919990539551,20.830414
-81.8684997558594,-66.64905
23.7000007629395,14.107081
45.5880012512207,51.54563
-5.72700023651123,-3.8330245
12.6822004318237,-5.240723
2.24399995803833,5.0531006
31.4895000457764,41.52925
8.9399995803833,12.697902
-10.3634996414185,-25.586407
6.41279983520508,8.063018
0.0,3.9903226
-25.007999420166,-30.718254
6.07399988174438,7.87626
22.2000007629395,14.220776
2.94000005722046,2.6499817
16.6499996185303,9.724203
9.17640018463135,4.224292
-29.2679996490479,-32.97012
-53.9700012207031,-56.13071
-54.4889984130859,-58.887016
8.20800018310547,8.1931095
-5.73000001907349,-4.594438
1.37999999523163,6.517745
38.4599990844727,24.680752
44.6357002258301,22.061127
28.5599994659424,26.433765
39.9599990844727,47.50476
2.91556000709534,35.62414
-6.21000003814697,20.559664
-98.4960021972656,-65.632675
18.1439990997314,15.932743
9.39599990844727,-4.186965
19.3999996185303,27.256174
-91.5599975585938,-30.282665
49.1399993896484,123.0316
12.3999996185303,12.08016
5.95599985122681,7.7784953
26.8199996948242,19.823622
6.71999979019165,4.5544686
7.92000007629395,9.099449
29.7600002288818,16.874619
7.51999998092651,15.867261
13.0284004211426,5.9589424
3.85290002822876,5.286311
31.2000007629395,17.824001
4.38360023498535,5.789922
9.84000015258789,35.322605
54.1500015258789,30.4759
0.0,27.395218
-1.0349999666214,-3.08599
-22.8299999237061,-19.690414
-89.1999969482422,-89.09383
30.7800006866455,58.941296
40.5900001525879,20.105444
-10.1280002593994,-4.7078576
-41.3040008544922,-17.48896
69.4499969482422,52.19889
104.309997558594,96.277626
91.8000030517578,54.23313
2.97000002861023,2.8130462
45.5999984741211,51.83332
-72.120002746582,-67.600945
29.8799991607666,29.176588
0.20160000026226,4.7545056
7.77279996871948,14.669773
56.9771995544434,45.04846
-57.5040016174316,-35.156094
6.15999984741211,-8.251339
59.4160003662109,-136.9296
13.8578996658325,17.937235
16.4699993133545,6.779087
2.50559997558594,2.0131369
67.5,76.9298
4.77899980545044,4.394084
165.981994628906,88.43628
21.2399997711182,24.282515
6.48000001907349,4.3977423
3.30879998207092,6.9201803
-104.71199798584,-68.28194
14.6510000228882,14.937845
0.444000005722046,1.9458201
7.98000001907349,9.639443
-192.095993041992,-107.761696
22.6200008392334,12.738555
19.5930004119873,10.185618
156.059997558594,105.02716
-44.189998626709,-57.51075
29.1000003814697,55.75608
-19.6200008392334,-36.33711
0.0,24.72619
0.0,17.661366
9.09000015258789,14.702743
18.9599990844727,30.737865
7.9488000869751,7.9530687
35.7599983215332,42.89188
21.4799995422363,24.54397
8.25,11.153775
-14.5920000076294,-13.853334
8.81999969482422,9.522786
15.0,24.504549
0.0,11.629701
13.3199996948242,9.0781555
37.0999984741211,19.21105
13.1400003433228,8.349241
3.90000009536743,11.128224
9.88560009002686,8.615446
25.9200000762939,19.927757
-63.060001373291,-147.08688
31.2000007629395,19.780151
63.7536010742188,49.13364
-22.7399997711182,-16.685072
-6.58500003814697,-14.737805
-44.3400001525879,-32.765327
20.3999996185303,16.989988
85.9817962646484,55.744648
1.07309997081757,3.34144
-54.5880012512207,0.8723487
5.93120002746582,6.147897
-0.858299970626831,-5.6693726
14.7184000015259,78.86627
17.3712005615234,8.606479
0.0,7.432182
4.19999980926514,5.2001643
5.21999979019165,7.203928
20.6816005706787,17.481346
41.7599983215332,36.168518
91.6800003051758,101.17232
-74.7455978393555,-58.78911
148.490997314453,136.92009
19.2329998016357,12.044164
19.0848007202148,9.097868
10.3936004638672,10.448513
38.2094993591309,49.51501
3.29999995231628,3.8327215
38.4599990844727,24.24855
-22.1439990997314,-19.942007
6.57000017166138,9.525065
8.36999988555908,4.625919
-20.4468002319336,-26.809978
17.7600002288818,47.966595
26.6399993896484,11.824121
13.6199998855591,10.146449
14.460000038147,21.804604
-17.1149997711182,-11.495745
16.0319995880127,16.074116
95.4400024414063,53.55208
11.3400001525879,18.121511
18.7199993133545,12.634883
6.90000009536743,6.381208
13.8240003585815,10.353608
11.1000003814697,27.195267
3.83999991416931,24.402246
2.65199995040894,-5.920106
3.69000005722046,3.830165
17.2800006866455,15.076703
16.7399997711182,26.412746
26.3999996185303,14.707235
-18.0400009155273,-27.491627
-7.33199977874756,-15.689063
53.4519004821777,56.09328
1.86000001430511,23.614332
30.0599994659424,14.608585
23.7000007629395,14.786254
18.6872005462646,15.26831
18.4631996154785,14.024822
76.7040023803711,36.645573
6.0,23.344074
7.46000003814697,7.0002813
76.9199981689453,53.447796
30.4200000762939,36.968204
-57.2820014953613,-56.13071
5.84999990463257,18.148355
85.5599975585938,46.913208
18.4860000610352,16.306168
59.6399993896484,59.046997
9.8100004196167,6.758694
157.440002441406,120.58084
35.6399993896484,19.778183
-18.1956005096436,-7.9817853
7.81199979782104,2.436717
-90.3761978149414,-44.32325
18.2399997711182,24.42426
26.6399993896484,23.273317
10.0500001907349,26.689837
-47.5919990539551,-29.565351
2.42400002479553,-4.3886185
-6.69600009918213,-4.947001
-0.662999987602234,1.5189228
7.0,5.438149
99.940803527832,94.09953
25.0349998474121,18.775515
31.9799995422363,19.939735
-0.747900009155273,-7.6999846
84.120002746582,48.003773
10.4340000152588,8.612638
7.59999990463257,35.353737
25.6000003814697,26.824755
-24.9389991760254,-55.56246
5.94899988174438,6.321057
-8.98799991607666,13.584139
-15.4764003753662,-23.52143
-9.49199962615967,-16.566149
20.7900009155273,11.723797
5.82000017166138,3.9020305
202.235992431641,77.81269
29.6700000762939,25.04775
17.7000007629395,35.302227
109.800003051758,50.803986
10.710000038147,7.2208467
13.2600002288818,18.427649
81.7109985351563,32.059
-58.3919982910156,-36.294697
-149.003997802734,-132.21631
9.32999992370605,7.767311
-78.9400024414063,-50.605152
-91.8030014038086,-72.26904
-376.799987792969,-223.46948
4.91699981689453,1.7801582
89.9100036621094,140.21077
13.298999786377,16.767212
-17.1149997711182,-11.495745
66.627197265625,54.865387
23.7600002288818,16.492558
8.67440032958984,18.468424
16.9799995422363,14.584723
0.0,58.217728
78.9599990844727,46.26384
-184.203002929688,-142.37099
3.15840005874634,5.3899674
-19.0799999237061,-20.390003
0.0,56.166313
22.5732002258301,19.810392
-14.3400001525879,11.556491
-12.2040004730225,44.27963
4.96159982681274,8.665952
22.2516002655029,23.7802
1.37999999523163,7.76043
5.21999979019165,5.7764335
0.174400001764297,3.9549644
-9.87600040435791,-10.8816
5.32140016555786,7.4336767
-7.99840021133423,5.2769885
27.0599994659424,14.786254
-25.1979999542236,-37.231537
-363.528015136719,-307.09454
5.03999996185303,5.400182
19.1331005096436,-111.863396
-34.9020004272461,-20.698853
5.01000022888184,3.3854458
27.4799995422363,45.534683
2.12800002098083,2.398151
10.3950004577637,11.19832
4.01100015640259,3.9308484
53.8608016967773,47.839382
3.85199999809265,6.5474663
67.9199981689453,61.326134
2.45819997787476,4.4065156
1.72619998455048,4.830196
-33.484001159668,-35.900135
22.6499996185303,14.635622
9.35999965667725,26.138903
12.8573999404907,7.064456
44.9749984741211,50.983818
-2.0699999332428,20.634735
-16.8959999084473,-26.323912
89.7750015258789,36.702793
-11.9340000152588,-17.422255
-8.36999988555908,-10.381117
-146.309997558594,-115.29951
30.1499996185303,18.076073
3.50999999046326,9.08326
1.25999999046326,3.302672
-45.2400016784668,-56.11364
4.19649982452393,9.863308
-24.4160003662109,-33.903942
-4.46400022506714,-4.4646444
8.25,11.234065
4.51879978179932,5.965278
6.47499990463257,6.2392735
24.75,17.512985
92.879997253418,73.09329
56.5110015869141,55.107044
105.0,62.31854
153.089996337891,90.7259
4.32000017166138,14.782807
17.2800006866455,10.604994
6.65999984741211,9.755937
90.6600036621094,64.1716
166.440002441406,97.093864
-0.60479998588562,2.2178297
0.660000026226044,5.1464443
17.5799999237061,31.643839
6.84000015258789,45.422234
-14.2356004714966,-8.247849
2.72790002822876,30.75501
68.1192016601563,-9.297226
19.7910003662109,19.45624
25.3799991607666,21.094582
12.117600440979,13.180124
12.960000038147,66.9042
-117.360000610352,-155.66045
-25.2779998779297,-31.037369
84.0599975585938,62.66307
20.1599998474121,34.72935
75.1500015258789,62.19957
-2.94600009918213,4.8873096
5.02199983596802,22.34367
8.09459972381592,6.341408
5.91839981079102,9.849543
6.71759986877441,18.954575
14.8500003814697,16.904036
74.6274032592773,-10.360358
51.4739990234375,34.397507
-12.0979995727539,17.3631
84.0512008666992,90.39084
34.7999992370605,51.19886
-540.090026855469,-396.84244
4.8899998664856,18.042276
2.57999992370605,9.330228
32.5800018310547,40.77772
93.768798828125,26.785618
52.3800010681152,66.03526
-153.345993041992,-113.10812
-14.5536003112793,-13.698597
20.3400001525879,11.276429
-143.981994628906,-164.30637
52.0800018310547,33.886063
-18.0,-15.944257
10.08899974823,2.1941261
7.30800008773804,6.2824583
41.7599983215332,23.026346
32.939998626709,55.07136
13.6199998855591,9.477348
6.30000019073486,12.970257
5.69999980926514,22.680162
3.0239999294281,4.8129153
-18.5400009155273,-13.043171
81.7799987792969,78.37685
12.8058004379272,30.323252
4.50400018692017,6.2744527
14.671799659729,13.216741
11.1132001876831,10.720232
78.4349975585938,37.052704
10.2600002288818,27.895718
66.2399978637695,101.39433
7.09999990463257,5.0455837
37.1699981689453,34.97165
10.9602003097534,11.710015
35.3400001525879,23.654459
12.2399997711182,15.231005
30.8999996185303,37.37474
0.773999989032745,-15.835639
17.5499992370605,12.624411
131.820007324219,130.39583
118.620002746582,67.75946
6.0479998588562,6.1503596
57.5400009155273,52.194588
0.599799990653992,9.028009
2.09999990463257,12.712965
44.1599998474121,33.106968
7.01999998092651,5.9637976
4.43120002746582,3.544369
79.0800018310547,43.268715
76.4000015258789,49.85397
0.0,19.778183
2.2260000705719,2.601654
4.79400014877319,2.8114622
-19.982400894165,-21.714397
-13.3559999465942,-5.874668
2.8199999332428,6.0523314
14.8800001144409,5.936799
2.41919994354248,4.069033
-9.63000011444092,-7.5151696
212.009994506836,95.204185
103.680000305176,103.66067
-780.642028808594,-692.1448
70.0335998535156,47.549183
34.2000007629395,35.488026
48.5391998291016,43.773567
2.54999995231628,21.613691
19.1100006103516,22.204943
0.0,54.380882
1.98000001907349,8.399046
-2.86560010910034,-3.3889189
1.86000001430511,23.924606
59.939998626709,32.50947
54.0,42.743645
24.4799995422363,13.781432
7.875,10.447824
-3.68919992446899,13.398185
4.98000001907349,8.750532
7.73430013656616,7.2027607
-45.434398651123,-25.636456
9.93599987030029,8.224528
2.60999989509583,4.0382037
8.90999984741211,10.306049
-14.7779998779297,33.13642
21.2040004730225,10.402386
2.22000002861023,4.264927
8.28600025177002,30.119013
1.57500004768372,2.7311723
7.76789999008179,15.011608
6.42000007629395,5.41257
73.5839996337891,66.034874
39.3600006103516,23.51943
-14.8199996948242,-57.217377
-14.9778003692627,4.4680953
101.639999389648,92.22725
-46.2560005187988,-30.477661
73.4100036621094,59.09046
9.56999969482422,5.5045495
9.53999996185303,10.502644
11.9399995803833,7.604135
46.439998626709,133.02557
2.64000010490417,6.013831
10.8000001907349,5.842442
64.7855987548828,34.602898
157.018005371094,129.8875
-10.4099998474121,-7.587732
13.0375003814697,13.156787
4.17600011825562,5.6572175
-35.0559997558594,-50.573204
-19.0919990539551,-14.12341
5.21999979019165,13.039956
6.41279983520508,7.9827266
18.5400009155273,11.552864
9.33119964599609,10.725769
3.59999990463257,7.9998503
14.039999961853,25.528275
21.6599998474121,12.254934
23.1299991607666,16.346119
0.0,5.3847637
26.5904998779297,39.4113
38.8740005493164,36.887108
58.6380004882813,90.57747
15.831000328064,76.08328
58.5,35.70334
8.72999954223633,10.740174
50.6100006103516,30.589706
7.20900011062622,7.157323
4.81180000305176,5.5843678
10.4984998703003,20.448677
-27.5879993438721,-40.252842
25.4610004425049,22.40322
90.8399963378906,118.340935
23.7600002288818,22.280804
13.5,6.9856334
0.566999971866608,4.0524635
-68.6447982788086,-27.478699
-5.49599981307983,-10.689826
47.097900390625,29.795063
25.6800003051758,22.844349
-4.01999998092651,-6.1873136
8.9399995803833,5.067362
-109.936996459961,-9.7548275
0.540000021457672,13.660826
7.92000007629395,3.4488943
43.0139999389648,25.119047
8.26200008392334,38.46203
-47.5236015319824,-46.820366
-26.3376007080078,-18.785854
112.319999694824,96.89537
23.2560005187988,14.200853
-7.93499994277954,-6.7226667
42.4500007629395,25.741264
12.7200002670288,27.626337
-0.0149999996647239,-56.597275
17.7299995422363,10.835299
18.0419998168945,4.246006
19.7700004577637,10.929228
5.5673999786377,5.429332
2.46000003814697,3.1405194
7.05000019073486,22.326418
-11.0579996109009,19.0923
4.94999980926514,6.113209
27.5699996948242,28.010277
11.5920000076294,33.168934
47.0069999694824,23.593569
3.77099990844727,0.8522152
36.5400009155273,18.95758
31.3560009002686,8.447087
16.1100006103516,21.108644
12.0,14.726225
0.899999976158142,14.253499
20.6336002349854,24.147871
-31.9680004119873,-36.009533
1.15799999237061,2.6857343
92.1900024414063,56.238815
39.0,26.523155
9.33119964599609,10.248127
0.0,-20.737421
-60.4080009460449,-52.231197
-28.0559997558594,12.883892
-29.4300003051758,-55.681637
5.40000009536743,11.829299
5.7979998588562,13.259461
26.7600002288818,23.873869
5.84999990463257,7.168162
-22.1382007598877,15.306252
-24.4799995422363,-15.202851
-2.12400007247925,33.390743
-3.03959989547729,-3.3203666
-2.41199994087219,6.6113467
0.0,30.895983
58.5999984741211,34.389935
36.4500007629395,19.592953
-12.6000003814697,-9.629314
-10.1759996414185,19.740181
48.0,30.206802
28.4099998474121,27.957642
131.130004882813,90.951515
17.2800006866455,11.82999
11.6814002990723,-3.9646769
-6.88159990310669,-13.071059
1.55999994277954,3.1172688
33.2820014953613,28.665533
53.1599998474121,30.804226
9.21599960327148,10.215519
36.7709999084473,36.11506
17.1000003814697,22.337652
27.2099990844727,33.995033
-0.800999999046326,5.540175
14.1599998474121,15.913258
16.4400005340576,15.165624
15.8999996185303,19.5939
69.7799987792969,51.93219
49.5551986694336,48.442837
9.53999996185303,26.114033
56.6459999084473,20.225716
14.2799997329712,13.348484
14.1599998474121,11.7964945
1.19879996776581,2.607536
6.32999992370605,4.6963167
-20.7845993041992,12.956519
27.0111999511719,27.649101
14.2799997329712,59.51791
17.2199993133545,15.278737
14.7600002288818,12.354311
8.49419975280762,12.307091
2.60999989509583,3.60459
16.7759990692139,9.363472
-3.53399991989136,9.43438
125.160003662109,116.2933
3.66000008583069,23.053984
0.990000009536743,4.602181
15.6599998474121,20.070593
25.0380001068115,105.63811
82.9800033569336,64.1716
9.65999984741211,5.7930374
2.78999996185303,3.093594
18.7199993133545,16.553144
40.9500007629395,22.8025
2.24399995803833,29.302353
2.09999990463257,36.284233
45.2400016784668,23.654459
7.98000001907349,4.4717817
-18.1807994842529,17.214035
1.80110001564026,4.5854034
46.6199989318848,34.197906
1.95000004768372,6.148664
17.2800006866455,15.689576
-26.9955005645752,-28.594847
4.29300022125244,6.7796583
1.72800004482269,4.069033
5.53280019760132,5.1735253
17.7299995422363,20.351557
14.6700000762939,100.10199
24.0599994659424,23.106636
4.76999998092651,13.519694
22.6259994506836,24.291664
-11.835000038147,-6.345448
-205.5,-155.6661
-2.66400003433228,9.07851
-304.223999023438,-461.16745
-20.7900009155273,-6.718237
4.8600001335144,13.306719
1.63800001144409,4.325883
22.9680004119873,-42.341923
-43.1370010375977,42.38248
0.0,6.249277
3.57119989395142,8.3060055
8.72999954223633,10.667871
8.2180004119873,7.26233
-35.2151985168457,-0.15999179
22.6781997680664,19.977442
20.3400001525879,9.08326
53.9216995239258,37.175556
4.92000007629395,4.387676
13.4315996170044,9.570665
6.51000022888184,8.267188
2.09999990463257,5.5045495
13.4099998474121,32.0184
-3.56399989128113,-7.083225
36.2999992370605,26.523155
-51.4799995422363,-34.077885
1.08000004291534,5.9813666
-18.6299991607666,-18.958694
-10.1280002593994,-5.185501
-48.1679992675781,-54.06877
-165.072006225586,-119.84249
48.75,60.869907
-6.15000009536743,-15.53202
-10.326000213623,-12.292743
-21.6480007171631,-18.65207
20.8799991607666,137.3235
3.08139991760254,4.505716
69.5999984741211,62.002377
178.199996948242,120.95514
6.17999982833862,5.139505
-26.6490001678467,-25.594948
-6.48299980163574,-11.511604
68.6484985351563,83.56588
-22.4580001831055,-25.30468
-28.5179996490479,-25.880917
165.360000610352,81.82416
62.4300003051758,69.997284
8.5319995880127,6.9670544
19.875,33.55963
0.10080000013113,5.097899
6.99900007247925,18.878824
69.7050018310547,60.794437
6.64680004119873,4.504756
5.25279998779297,-0.436708
5.55660009384155,7.5139666
12.7007999420166,10.8861685
17.5240001678467,9.708183
-10.2419996261597,-7.5636077
-1.83920001983643,-1.1189678
0.239999994635582,11.6110525
9.53999996185303,9.557409
-4.5770001411438,-4.060587
1.35599994659424,18.935097
2.54520010948181,5.4707284
70.3119964599609,39.359745
57.1199989318848,73.86271
-13.3199996948242,-7.077359
33.4199981689453,15.849416
-2.84999990463257,-5.1791797
14.754599571228,2.3932636
-14.7931003570557,30.17888
67.620002746582,61.86634
1.11000001430511,5.823476
0.693000018596649,0.99146307
93.5999984741211,52.777447
28.0799999237061,56.529835
7.33860015869141,3.741627
9.96000003814697,31.830395
-0.0120000001043081,-31.027134
4.22240018844604,5.507105
5.30999994277954,5.4954085
33.2400016784668,54.48836
71.2799987792969,71.74129
51.9000015258789,22.061493
74.3399963378906,104.79321
11.7741003036499,27.073801
2.90700006484985,5.3907766
67.6500015258789,34.683407
61.6199989318848,87.23815
2.27999997138977,5.081062
20.5499992370605,15.968846
4.87799978256226,22.594398
-6.61499977111816,-6.3505
14.5139999389648,25.994797
32.5950012207031,12.6255
15.8400001525879,20.536497
50.4599990844727,39.734715
30.4500007629395,77.10304
-12.4440002441406,-17.764843
27.3600006103516,30.241781
-2.40000009536743,-4.773287
-23.507999420166,-15.027496
-123.947998046875,-231.9748
-50.5559997558594,-86.136734
-86.0640029907227,-158.8741
116.550003051758,66.811905
9.0600004196167,10.335007
4.59600019454956,-20.899012
110.339996337891,60.797455
3.53999996185303,7.2710176
7.92000007629395,-16.18755
6.48640012741089,11.758353
5.69999980926514,4.320359
21.2399997711182,13.488389
54.7200012207031,28.479158
58.1399993896484,42.588905
51.8400001525879,20.225716
8.88000011444092,7.954412
25.8600006103516,16.550264
36.9000015258789,52.117435
54.1800003051758,46.551422
38.2667999267578,41.277733
12.960000038147,12.76288
84.9599990844727,106.363014
20.3999996185303,61.065796
11.5200004577637,8.89557
67.2742004394531,56.541107
-82.2239990234375,-69.30557
-4.56799983978271,-5.442651
62.2379989624023,27.696522
-4.3439998626709,-35.430904
1.04999995231628,5.778038
30.4682006835938,13.258247
0.839999973773956,3.307312
36.3600006103516,27.469357
7.05600023269653,8.601692
86.3855972290039,50.281723
9.71759986877441,41.47698
20.3400001525879,35.967846
-150.429992675781,-246.09572
17.9099998474121,9.640538
5.17500019073486,5.481272
114.611999511719,47.02301
37.6391983032227,17.782053
42.0744018554688,33.340878
1.32000005245209,7.1236405
-28.6271991729736,-33.82365
152.087997436523,82.538155
8.64000034332275,-32.448723
4.59000015258789,39.50392
16.2000007629395,27.580898
99.6984024047852,36.992653
5.40000009536743,45.989914
-70.5120010375977,-61.215202
49.4970016479492,45.376087
-34.627498626709,-24.629908
4.32000017166138,19.51341
-55.0919990539551,10.271273
18.6956005096436,15.715068
6.55200004577637,7.2376127
9.42840003967285,8.227962
33.6473999023438,30.969753
16.9200000762939,15.741532
1.01999998092651,3.7613163
84.5999984741211,55.28068
90.644401550293,27.700127
0.0,18.137852
1.32000005245209,7.1236405
6.65999984741211,5.1198745
42.9914016723633,27.188559
2.73359990119934,4.769253
43.2000007629395,119.71805
-309.600006103516,-232.43008
15.539999961853,23.026346
15.8400001525879,16.7177
21.596399307251,20.888145
35.5379981994629,16.513273
0.824999988079071,7.5275526
10.5299997329712,48.873245
133.440002441406,61.516594
4.08300018310547,8.0641365
11.8500003814697,32.596035
29.9400005340576,11.744446
27.3600006103516,26.088047
97.0500030517578,50.138092
65.0999984741211,97.88826
21.2399997711182,42.871086
7.92000007629395,7.9530206
25.3799991607666,21.583523
10.0799999237061,8.218432
54.5999984741211,81.86996
18.4500007629395,20.294554
5.48999977111816,4.264927
20.0400009155273,14.635622
143.910003662109,69.272644
31.1490001678467,34.06467
157.468994140625,128.18802
7.19999980926514,8.385226
47.939998626709,60.5531
11.039999961853,21.699968
12.831600189209,12.513177
9.89999961853027,6.9596148
6.75,6.547888
46.2299995422363,61.482704
-2.40300011634827,7.054294
26.3966999053955,63.477154
-8.10000038146973,-6.14866
-24.9839992523193,-17.326832
8.22599983215332,-28.806538
2.36999988555908,6.096679
137.151000976563,112.20837
80.5199966430664,53.116596
0.0,3.34811
4.55999994277954,15.976004
78.7200012207031,48.378307
6.90000009536743,4.1021285
148.994995117188,80.71152
-3.90400004386902,-10.803321
52.8227996826172,40.237343
-53.25,85.993546
-116.620002746582,-132.59474
-2.67840003967285,-3.3203666
17.7744007110596,18.044952
5.89139986038208,6.2392735
12.2246999740601,10.819989
76.2525024414063,44.637363
41.4000015258789,22.430677
-22.7280006408691,34.480534
7.77279996871948,8.380174
58.3380012512207,22.95322
-3.22399997711182,-10.622509
56.8800010681152,43.470413
1.86000001430511,5.026493
15.5232000350952,13.828671
-7.07100009918213,-10.530533
10.8000001907349,25.197123
6.0,9.982809
-20.5046997070313,-18.513628
41.2799987792969,47.8998
11.1599998474121,9.0399
-98.4240036010742,-78.82058
19.9500007629395,18.077782
109.237998962402,111.56182
3.11999988555908,9.642822
69.1992034912109,64.53236
4.27169990539551,2.8194404
-5.48699998855591,-3.6044886
-64.7748031616211,-2.9763284
0.610199987888336,8.7853775
30.3199996948242,16.199165
6.3600001335144,4.985685
6.55999994277954,42.95731
11.1599998474121,8.043076
-1.96560001373291,-1.953199
3.55049991607666,5.063047
31.9319000244141,33.591785
44.5961990356445,27.076925
33.5999984741211,16.874619
17.6399993896484,15.85149
0.479999989271164,4.264927
0.720000028610229,5.9490023
32.5800018310547,23.554903
21.6599998474121,13.306719
12.3599996566772,22.138447
83.9700012207031,37.962753
4.28000020980835,5.0742745
-36.2924995422363,19.152815
13.6440000534058,19.060698
0.75,3.1427734
118.983001708984,75.84753
3.79200005531311,0.9187618
110.339996337891,61.82115
12.6400003433228,21.15531
141.723007202148,29.638088
-6.97499990463257,-10.766387
14.8752002716064,48.28028
37.8629989624023,54.882687
72.5344009399414,67.842125
15.0,42.350376
83.6999969482422,50.03159
12.7799997329712,17.475847
16.9799995422363,9.563155
23.4720001220703,55.553394
81.3539962768555,67.34525
88.1999969482422,126.95874
0.569999992847443,2.8751068
0.833999991416931,2.0335662
-12.2159996032715,-11.868318
-4.7519998550415,-4.3325973
34.5,21.714737
172.259994506836,97.19683
6.84000015258789,4.076825
34.4231986999512,28.070965
13.486499786377,13.199548
3.48480010032654,3.442395
-37.1124000549316,-36.567448
60.5950012207031,65.28697
103.898002624512,77.35526
15.0299997329712,10.658643
7.40999984741211,4.130676
-2.00160002708435,-2.225209
-28.1040000915527,-36.678276
12.9119997024536,9.806528
59.6399993896484,105.670975
-53.7319984436035,-88.27628
-10.6319999694824,11.195916
137.759994506836,92.8873
65.6039962768555,40.303593
199.699996948242,102.81151
-50.568000793457,-69.02738
-73.1760025024414,-38.600895
30.9120006561279,13.794168
4.1399998664856,8.390427
4.39020013809204,-7.169336
2.22000002861023,3.8327215
1.38399994373322,2.3945224
0.0,45.88209
14.0699996948242,27.145414
103.599998474121,56.637413
6.03999996185303,15.055611
1.20000004768372,4.707299
-1.08000004291534,1.7948369
5.82000017166138,3.469825
3.60179996490479,5.290559
92.879997253418,46.11323
8.79899978637695,12.914195
1.90240001678467,4.706872
139.559997558594,83.85951
50.3832015991211,50.90521
25.9200000762939,15.055611
12.3599996566772,22.090681
4.39039993286133,7.417498
16.5240001678467,74.48046
3.43199992179871,-16.715511
0.449999988079071,5.026493
2.64000010490417,8.034703
34.2599983215332,41.43726
-41.1660003662109,-26.32222
16.8209991455078,8.250318
6.22079992294312,7.5050836
14.3999996185303,11.319238
97.379997253418,66.03526
109.919998168945,52.117435
-48.7839012145996,-54.390293
6.71999979019165,7.384885
13.0094995498657,11.341819
2.14199995994568,3.2172174
1.52999997138977,5.5700684
4.67999982833862,5.9683933
39.5400009155273,20.294554
-13.6319999694824,-5.8190913
-10.2419996261597,-11.388783
5.57999992370605,8.034595
41.9199981689453,30.287092
0.730000019073486,1.587391
-3.82080006599426,-10.527969
6.25500011444092,6.503821
-35.3279991149902,-14.439866
3.72239995002747,-3.659006
4.80000019073486,10.986981
28.8575992584229,26.970545
-247.091995239258,-160.2925
15.3999996185303,22.366041
-28.7964000701904,-37.231537
18.235200881958,20.081348
11.0860004425049,11.349253
9.19999980926514,27.337246
3.16540002822876,6.9201803
4.79400014877319,6.3492603
5.57999992370605,5.9411135
1.20640003681183,5.213296
-68.3280029296875,-42.843197
16.5599994659424,12.061905
25.3199996948242,61.56453
27.5400009155273,23.59972
71.8199996948242,33.051353
36.7173004150391,33.03083
1.61280000209808,4.2292285
2.14019989967346,4.529355
-4.19999980926514,6.9959526
35.2620010375977,22.053696
12.4415998458862,11.873245
62.3699989318848,57.23317
60.8639984130859,3.3042235
-10.2480001449585,-7.2298417
26.7600002288818,14.658908
14.039999961853,23.51943
38.8800010681152,35.067936
13.3176002502441,65.704124
-37.9360008239746,-40.186386
6.68800020217896,7.073968
9.11999988555908,8.542909
13.1400003433228,14.048933
78.1953964233398,54.25458
6.59999990463257,11.336214
29.3400001525879,29.13115
11.5799999237061,23.564869
44.2799987792969,67.75946
10.2399997711182,8.428329
3.80480003356934,5.471587
50.3279991149902,39.84463
5.40000009536743,3.6399617
52.6500015258789,51.079235
30.2777996063232,27.192883
38.5722007751465,-1.3163295
60.2999992370605,30.492516
-21.5249996185303,-8.018121
-21.8880004882813,-21.800955
-14.2290000915527,-13.171582
10.0799999237061,9.104717
51.5999984741211,46.39829
12.7019996643066,2.7518525
35.4000015258789,21.17569
160.623001098633,100.9523
10.7300996780396,10.419516
67.8600006103516,35.359787
15.0984001159668,12.276358
15.4871997833252,12.981932
3.15520000457764,4.575457
-22.7880001068115,-16.866226
5.86040019989014,7.2694006
-5.19680023193359,-4.0136456
9.7608003616333,9.939585
-11.7840003967285,28.872633
-75.1920013427734,-48.769325
14.0859003067017,10.56315
13.5539999008179,5.9919276
10.8000001907349,5.778038
147.251998901367,56.305416
78.0719985961914,67.16169
3.32999992370605,3.8440104
1.79999995231628,3.5732603
-111.499000549316,-119.46124
96.1500015258789,65.62555
1.00080001354218,2.3943045
-8.31599998474121,-6.664414
11.5136003494263,23.807705
9.60000038146973,7.384885
-18.8363990783691,-17.323244
15.3929996490479,24.823015
6.51639986038208,3.62083
81.7020034790039,38.817795
1.81439995765686,4.4717164
0.333600014448166,1.7014599
7.98000001907349,5.3437567
2.64120006561279,5.074561
218.399993896484,121.69947
38.5800018310547,18.997988
14.9399995803833,7.367114
11.7840003967285,10.903588
-5.07000017166138,-6.7224813
-28.1700000762939,-38.072926
23.5200004577637,83.03164
-32.8800010681152,-33.036434
73.4789962768555,25.237503
12.9840002059937,3.7256203
19.3500003814697,13.717959
-60.5849990844727,-103.16305
-12.2849998474121,-7.619947
49.2299995422363,35.328773
-106.680000305176,-98.56091
6.22079992294312,7.9827266
-28.4099998474121,-15.454456
0.470999985933304,5.295239
-18.4624004364014,-19.731913
39.4438018798828,72.76062
4.76999998092651,12.015226
7.02899980545044,0.27820662
6.96000003814697,8.813074
7.80959987640381,7.8935304
-73.2666015625,-46.133106
113.462997436523,46.502037
1.67999994754791,6.979488
32.2322006225586,32.07148
0.0,42.0173
41.5518989562988,96.04054
4.38000011444092,3.7613163
6.32000017166138,10.420062
10.6199998855591,12.17466
20.0,24.842073
8.15999984741211,5.428203
79.1399993896484,96.10993
-75.1679992675781,-112.63073
19.7399997711182,14.51196
31.6399993896484,14.562526
-26.8199996948242,38.46528
10.6199998855591,62.703136
14.5151996612549,12.251922
-3.80399990081787,-8.222144
-534.744018554688,-432.46768
-68.2379989624023,-63.841084
-27.9599990844727,-55.071793
-21.3120002746582,-13.167188
76.5599975585938,45.42411
-57.2820014953613,-56.13071
48.1199989318848,59.247505
4.80000019073486,5.0455837
-8.26200008392334,-6.7025704
3.15700006484985,4.501239
39.0,25.655657
4.32000017166138,19.778183
-17.7719993591309,-37.43269
19.5184001922607,9.458017
35.6399993896484,32.32582
12.960000038147,36.8841
10.4399995803833,9.301282
-26.2019996643066,-25.755188
6.53399991989136,5.636369
15.5989999771118,18.307901
0.0,100.47458
11.8800001144409,16.802586
4.80000019073486,4.881943
21.8700008392334,30.757288
0.744000017642975,-3.7387552
11.7741003036499,27.028362
74.3399963378906,50.830776
34.0800018310547,21.139313
25.5111999511719,22.275463
23.2800006866455,14.026805
75.2399978637695,70.46218
22.2444000244141,22.505424
1.375,3.9709647
0.382200002670288,1.7468979
7.98000001907349,9.415918
77.3610000610352,27.47146
72.6408004760742,64.70013
16.4051990509033,13.573214
0.470600008964539,2.2178297
2.51999998092651,15.873369
60.5527992248535,33.69247
133.970993041992,111.22536
15.7799997329712,16.277388
0.0,33.09769
53.25,34.591457
3.12120008468628,2.3365264
-47.1660003662109,-39.905155
40.1040000915527,19.499443
7.73999977111816,10.895365
32.7599983215332,20.371937
-13.8959999084473,-15.199538
24.6599998474121,24.429205
8.34000015258789,11.954727
-2.52600002288818,6.7740774
27.2700004577637,108.338005
15.8400001525879,8.870167
13.1400003433228,74.88091
20.3999996185303,23.097961
4.48920011520386,6.359803
7.42560005187988,6.53639
21.9689998626709,10.265908
5.69999980926514,5.97846
7.26300001144409,2.7276914
3.32399988174438,5.0147038
69.9000015258789,40.775738
78.4395980834961,115.29313
9.65999984741211,5.846574
-1.51199996471405,-31.956974
158.759994506836,101.52711
19.9799995422363,23.273317
-90.2040023803711,-50.70272
174.996994018555,75.13048
-10.6800003051758,-6.482321
41.2200012207031,24.177288
31.4099998474121,10.145365
8.57999992370605,5.842442
2.64000010490417,7.9998503
46.560001373291,25.924625
218.160003662109,141.74773
6.20160007476807,7.53825
4.14720010757446,5.6190495
1.52999997138977,11.735953
-22.2000007629395,-16.968138
-0.0839999988675117,30.012781
-1.51999998092651,-4.0613413
75.0,47.727844
5.87440013885498,23.852093
0.0,3.6673949
11.5431995391846,11.493759
4.91039991378784,6.022091
30.2315998077393,24.857662
29.3309993743896,-44.694496
12.3479995727539,6.848112
1.5900000333786,8.930165
-38.5620002746582,-25.46922
-8.22399997711182,-6.00766
-13.6979999542236,-10.714936
62.7369995117188,39.26178
-48.1679992675781,-54.06877
1.32000005245209,4.2999525
8.1899995803833,104.63362
7.81920003890991,6.410662
4.32959985733032,5.9840827
9.19540023803711,12.149843
-98.4120025634766,-106.53853
3.09960007667542,4.661434
5.25,57.937145
24.2695999145508,19.72436
2.70000004768372,22.817266
8.67300033569336,10.828701
35.3345985412598,23.812477
45.4869995117188,50.814873
9.60000038146973,11.920144
58.1790008544922,39.571495
10.5,15.50997
10.8000001907349,5.9683933
-13.8030004501343,-10.373407
99.2300033569336,52.218468
83.8679962158203,76.49486
8.27999973297119,35.27717
12.3760004043579,13.715656
-18.4799995422363,-10.630209
-106.416000366211,-86.35618
31.6000003814697,27.294104
6.84000015258789,5.702981
109.040000915527,50.08797
35.8800010681152,23.59972
4.32000017166138,3.363567
23.9400005340576,21.174215
41.6800003051758,24.67448
6.74399995803833,-15.459699
9.10200023651123,8.752799
66.5087966918945,46.040558
9.89999961853027,17.401043
-10.6440000534058,-10.657881
209.789993286133,137.17395
23.2399997711182,99.14535
35.1890983581543,-0.24184547
-11.9280004501343,-17.004154
12.4415998458862,11.918683
20.9207992553711,19.228617
5.88000011444092,5.566047
25.9200000762939,14.539286
-0.293999999761581,2.4759262
57.6990013122559,34.207184
4.19999980926514,4.769253
-5.08199977874756,-11.192309
12.6899995803833,10.288254
4.75600004196167,5.715691
150.621002197266,116.348335
9.47999954223633,26.674856
9.72000026702881,6.1441913
86.25,44.80321
-18.7740001678467,-16.958715
12.1499996185303,7.5989795
13.1639995574951,9.43438
-41.6730003356934,-81.76363
32.0400009155273,52.80073
7.76789999008179,14.96617
11.1599998474121,30.648773
7.32000017166138,50.841686
-4.95599985122681,-14.439866
54.3331985473633,37.31849
11.8800001144409,15.536641
-12.7440004348755,71.55635
-4.88399982452393,-3.8427913
138.960006713867,82.44045
134.820007324219,95.14475
3.89499998092651,-1.8783209
15.0120000839233,12.793181
75.8399963378906,91.35349
-6.53999996185303,-54.203938
26.4599990844727,58.168747
4.11600017547607,6.6241484
48.4199981689453,32.968525
17.5499992370605,73.01898
2.07999992370605,6.0538063
36.5400009155273,26.7077
0.706499993801117,6.8413215
69.786003112793,41.243904
-2.98799991607666,10.698667
-80.3519973754883,-78.60643
5.43319988250732,5.6467485
-175.962005615234,-116.5979
17.4974994659424,21.741583
-9.14400005340576,-25.810888
14.8000001907349,10.092507
2.85599994659424,12.005815
2.70000004768372,15.861823
25.6800003051758,23.087229
19.5599994659424,13.36101
8.01000022888184,4.8365054
-8.66699981689453,19.327015
24.4500007629395,28.72658
-12.6750001907349,-27.328247
-2.15039992332458,-3.5011787
39.9599990844727,21.883295
-9.09440040588379,-11.635167
-3.66269993782043,-4.647333
24.7199993133545,25.195414
3.38459992408752,-1.7124512
47.2589988708496,23.234701
6.87139987945557,6.286645
19.1399993896484,12.6659565
25.0200004577637,41.890453
-0.855000019073486,-8.4300785
17.6399993896484,23.830101
3.1800000667572,4.9758644
59.2200012207031,31.39648
-13.6487998962402,-12.49613
-23.5979995727539,-68.01325
143.550003051758,73.84168
1.55999994277954,4.707299
-20.9249992370605,-18.442928
43.6800003051758,27.74245
106.5,59.89982
17.5447998046875,33.176704
73.0199966430664,42.305798
13.582200050354,1.9534092
8.06400012969971,24.151825
-140.309997558594,-209.36102
-84.056999206543,-48.538692
132.589996337891,97.84293
-4.19999980926514,-6.000611
14.9555997848511,18.641033
6.93839979171753,10.153083
15.960000038147,23.333637
31.6000003814697,36.15382
9.53999996185303,13.84321
41.8499984741211,17.275145
13.7340002059937,8.379376
64.1399993896484,71.690834
4.52400016784668,6.8579416
-11.5799999237061,-8.879354
0.299600005149841,1.8182873
13.4280004501343,12.474721
3.66000008583069,4.2865844
3.11039996147156,6.9796724
30.6599998474121,56.244694
14.7600002288818,10.951049
24.3299999237061,12.566159
-41.4000015258789,-169.77402
3.88220000267029,7.115228
-1.01400005817413,3.1893454
-36.4560012817383,-35.771725
-64.995002746582,-56.36744
8.80440044403076,10.19127
-11.9099998474121,-12.344285
15.5520000457764,16.50632
151.031005859375,94.63839
-3.48659992218018,-25.649742
17.1000003814697,12.589445
-1.86119997501373,10.463907
-11.6099996566772,-7.3792243
-73.8000030517578,-49.50919
3.48000001907349,4.5159707
-88.9560012817383,-45.376537
-14.5656003952026,-12.315316
6.40000009536743,21.10987
-74.4960021972656,-27.568293
-18.5562000274658,-23.026325
-61.4654998779297,25.358286
11.8767995834351,8.314389
0.0,22.632784
4.44000005722046,6.232444
7.1100001335144,9.057888
55.439998626709,50.191887
-13.6140003204346,-57.79002
32.7285003662109,20.801605
0.479999989271164,5.139505
-13.6000003814697,-30.455221
46.5750007629395,42.528763
104.061996459961,29.578655
1.88999998569489,3.3876019
1.35000002384186,15.913951
238.440002441406,126.25115
4.06869983673096,-1.8328829
16.3799991607666,11.9544325
21.4799995422363,15.475765
41.5800018310547,21.225758
-35.568000793457,-19.345676
11.8500003814697,33.76637
44.4000015258789,52.197727
-3.57119989395142,-4.085196
12.6599998474121,23.542717
-16.3799991607666,-15.680246
35.880298614502,23.283245
-213.494995117188,-17.006437
8.64000034332275,6.4346
-3.27600002288818,-6.35466
-36.2560005187988,-25.768486
-13.5719995498657,23.61932
9.35999965667725,25.041868
-14.9840002059937,-18.0459
2.40000009536743,10.454973
35.8199996948242,20.351557
2.95499992370605,17.501799
17.9591999053955,18.86384
9.86699962615967,-78.11885
2.2590000629425,16.544859
40.1399993896484,32.823673
-93.5879974365234,-67.30605
5.40000009536743,50.584347
-131.397994995117,-144.66437
2.59800004959106,3.6427374
5.90399980545044,41.100384
127.100997924805,46.205273
-0.953999996185303,2.3638465
9.92000007629395,19.85429
6.3899998664856,4.1915708
-32.92919921875,-3.8802805
5.01000022888184,3.6236446
1.74000000953674,9.584925
4.43120002746582,4.761445
0.0,11.89306
82.9292984008789,49.636395
-8.0939998626709,-4.6532087
-1.97599995136261,-7.708649
-6.06599998474121,20.285265
11.8500003814697,10.832745
22.5,18.79925
8.10719966888428,27.268848
0.0,31.273659
-1.46399998664856,-6.328008
-151.080001831055,-88.9402
32.7089996337891,5.6012053
9.44999980926514,21.91524
10.0530004501343,5.323245
9.77999973297119,5.3458323
11.8500003814697,16.039478
0.509999990463257,3.307312
26.9699993133545,19.73077
5.51999998092651,6.2154765
9.89999961853027,17.58761
-46.9440002441406,-27.648052
44.6940002441406,26.408108
1.91999995708466,14.026805
18.6450004577637,10.447824
2.47979998588562,-24.988966
2.14000010490417,4.6773496
-3.85500001907349,-3.323472
27.6000003814697,33.242382
60.3899993896484,34.383877
152.669998168945,77.40263
7.55999994277954,6.472307
10.6199998855591,6.5018444
26.9023990631104,21.47107
11.0880002975464,6.760471
57.8880004882813,31.589527
-60.5279998779297,-105.44002
90.7200012207031,25.798262
-2.69099998474121,3.6216524
64.4400024414063,31.273659
19.6800003051758,10.855322
-55.7130012512207,-35.13246
10.8599996566772,32.395252
47.2410011291504,20.091454
15.7430000305176,25.460394
100.480003356934,71.16982
10.5299997329712,6.300918
4.59000015258789,34.97165
18.0,26.113155
-146.850006103516,-90.46679
-2.71600008010864,-5.3121486
66.0419998168945,25.362
39.492000579834,14.377362
91.9953994750977,21.129295
8.90999984741211,9.724203
57.2400016784668,43.033443
6.17999982833862,10.832745
30.7800006866455,25.489532
12.7799997329712,7.429926
6.51000022888184,3.842716
203.039993286133,137.29315
78.4395980834961,112.81827
9.29004001617432,60.491066
-1.48800003528595,-6.328008
56.5662002563477,24.403212
0.600000023841858,7.7250752
48.689998626709,34.97165
-15.1766996383667,-24.396866
69.8130035400391,45.893085
0.0,118.049805
25.6319999694824,63.259468
110.910003662109,68.5517
-4.85879993438721,-30.153053
-16.007999420166,33.378326
8.48999977111816,9.794164
9.71640014648438,16.35362
168.240005493164,110.257576
96.3899993896484,61.743553
23.3999996185303,11.909589
24.4799995422363,29.750029
4.94999980926514,13.032484
2.88000011444092,9.82144
78.7200012207031,47.27416
-6.03240013122559,-3.879775
7.1399998664856,7.6784873
58.6710014343262,20.285265
-70.6559982299805,-85.59401
80.4599990844727,77.329285
-320.239990234375,-368.25797
37.4000015258789,27.256956
153.929992675781,82.57555
6.79500007629395,6.6640162
18.4799995422363,23.106636
0.0,31.89362
32.6332015991211,30.153866
-12.5880002975464,-13.6783495
-6.98999977111816,-11.570772
5.51999998092651,59.51348
-5.46719980239868,-10.113643
5.46000003814697,9.479817
49.80419921875,64.845665
25.8983993530273,32.23085
1.353600025177,4.4138613
15.75,15.649182
9.0,5.725721
111.823997497559,120.09185
55.7400016784668,60.713066
-51.8235015869141,-26.37216
63.8880004882813,23.0456
18.6000003814697,16.143927
-36.0719985961914,-68.42668
-12.496000289917,2.9807675
39.5730018615723,18.095373
215.865005493164,100.355354
-12.2639999389648,-5.568405
-6.78599977493286,-9.382557
48.3771018981934,36.9775
0.912000000476837,5.7841573
-8.98200035095215,-7.0215425
11.8205995559692,14.12695
12.3599996566772,14.584723
0.0,12.547683
3.21000003814697,4.9257207
79.875,32.845932
-20.4360008239746,-44.002525
17.7299995422363,20.271267
4.80000019073486,127.36757
12.6599998474121,23.588156
-36.492000579834,-13.530613
0.720000028610229,6.300918
37.7999992370605,35.46474
13.8900003433228,58.89586
18.8400001525879,27.316126
-6.59999990463257,-5.842723
-149.100006103516,-83.43144
17.8400001525879,14.297757
-6.06400012969971,-8.675413
-4.83599996566772,-3.6190696
-26.1695995330811,-30.152222
121.092002868652,47.768703
7.90000009536743,11.983693
88.6800003051758,50.649704
8.4689998626709,-13.060697
71.4599990844727,84.68798
5.44000005722046,6.691435
27.0,16.42457
16.2000007629395,11.321867
49.6800003051758,30.43706
130.139999389648,78.09901
3.1800000667572,6.032554
17.0268001556396,19.19013
16.3199996948242,13.488389
-27.9312000274658,-32.80867
-50.8703994750977,2.3670514
146.699996948242,73.20422
-6.08900022506714,-16.225254
-18.0881996154785,-53.54872
5.09999990463257,4.509031
29.9699993133545,16.475761
10.5600004196167,16.93587
11.1599998474121,29.026209
44.9580001831055,18.32895
82.3379974365234,39.230335
34.2480010986328,12.828351
6.59999990463257,7.370727
-1.50300002098083,9.411754
183.149993896484,100.47803
174.014999389648,41.617794
101.958000183105,41.416626
-6.48799991607666,-6.144635
3.68549990653992,7.2228746
14.7600002288818,20.046122
9.98999977111816,12.282152
2.75999999046326,5.873308
68.4000015258789,118.51349
30.7199993133545,19.839523
22.9500007629395,23.645159
-3.91499996185303,14.16543
27.5400009155273,21.234373
4.87200021743774,6.1254735
-1.91999995708466,5.617813
-31.5240001678467,71.92298
144.0,99.9858
0.0,7.540554
-55.8400001525879,-69.922035
8.5024995803833,14.883275
-4.1399998664856,19.03525
-12.9720001220703,-36.859554
36.1836013793945,55.554886
116.699996948242,50.339348
-3.55800008773804,-6.760213
-7.73999977111816,-7.499185
13.1999998092651,14.635622
-7.36199998855591,25.642105
9.67119979858398,5.116726
-6.13800001144409,25.124523
17.5139999389648,11.960377
52.3800010681152,71.28583
-76.4800033569336,-68.90636
1.83539998531342,6.176723
-13.5539999008179,-48.476955
5.45039987564087,26.222622
73.8720016479492,49.972473
-23.2600002288818,-55.603157
0.584999978542328,2.2178297
11.6999998092651,6.5808697
5.40000009536743,34.42479
22.2264003753662,19.609333
-2.57489991188049,20.490017
5.44320011138916,5.429332
5.38199996948242,7.701608
-115.430000305176,-110.59806
-8.67599964141846,-4.577399
1.271399974823,4.6816263
-4.80000019073486,-6.6849704
-3.49140000343323,-3.879775
50.3959999084473,55.432037
-40.7685012817383,-83.21134
50.3400001525879,62.295822
-149.255996704102,-132.51465
-14.2080001831055,-17.436356
-1.86600005626678,-6.8714957
96.7799987792969,63.929703
35.6636009216309,31.921032
5.12939977645874,3.6359394
20.7807998657227,18.19517
24.6000003814697,31.025164
7.02180004119873,9.142081
98.879997253418,62.302143
-4.67519998550415,-10.826937
-2.83080005645752,-10.527969
22.8999996185303,16.806227
1.24000000953674,15.741532
25.0200004577637,41.089645
10.4399995803833,104.06026
39.1199989318848,23.864952
1.20379996299744,1.7468979
3.29999995231628,4.065843
3.0,4.065843
1.63999998569489,13.229336
34.9799995422363,42.332886
23.5799999237061,58.448586
9.39599990844727,8.126734
10.5600004196167,6.4277854
218.160003662109,128.19734
33.7799987792969,28.754152
2.22000002861023,4.809071
21.9599990844727,42.13673
11.1943998336792,4.6859007
13.0799999237061,10.104114
3.24000000953674,6.8310404
7.03999996185303,10.543433
19.9200000762939,15.725762
5.11999988555908,10.012671
76.6999969482422,98.24662
-120.513000488281,-116.32375
39.0,102.09698
4.5,29.429161
49.560001373291,31.714146
10.0200004577637,5.759315
-356.727996826172,-297.22464
8.03999996185303,12.541635
36.2400016784668,117.90086
18.8400001525879,10.179461
8.39999961853027,17.901384
24.7800006866455,17.104427
-44.3279991149902,-56.231697
9.0600004196167,4.7811117
8.10000038146973,15.044833
5.36999988555908,4.800449
0.100000001490116,2.8751068
6.71999979019165,4.509031
2.32200002670288,2.3419678
35.2799987792969,24.096834
7.07999992370605,5.842442
-12.4949998855591,-12.894133
-14.7239999771118,9.806528
0.0,-30.909866
25.6800003051758,19.97059
10.6470003128052,14.84654
73.1940002441406,-7.55562
-11.6319999694824,-10.735264
-49.3800010681152,-79.01899
5.82000017166138,4.264927
3.64000010490417,-66.73424
114.360000610352,73.99524
-6.31500005722046,-12.997754
8.47799968719482,8.809396
6.71999979019165,5.97846
4.1399998664856,3.3854458
12.1199998855591,6.5808697
35.4000015258789,21.13025
12.4200000762939,23.542717
51.2400016784668,24.239943
24.2880001068115,17.442244
0.0,60.411633
8.57999992370605,27.774921
2.75999999046326,4.334804
0.959999978542328,7.1267962
24.913200378418,19.251719
4.1100001335144,3.5976768
18.9599990844727,12.436839
2.25,3.1436725
-1.3860000371933,-5.8073516
-5.92799997329712,-8.8035555
78.7799987792969,110.48726
33.4199981689453,23.053413
17.2800006866455,76.300964
51.8400001525879,33.787598
-4.01999998092651,-10.848759
5.03999996185303,12.184726
-22.8799991607666,-14.194867
14.9250001907349,12.802476
-18.2159996032715,31.964113
-149.561996459961,-90.23245
81.0,65.450264
38.5200004577637,99.246414
23.2800006866455,25.704939
11.4029998779297,7.5155854
11.756799697876,8.117604
-24.1380004882813,-26.171185
-3.05100011825562,4.236722
0.0,7.5415907
6.51000022888184,5.713628
-1.16999995708466,-5.728663
82.3199996948242,64.172935
-29.4720001220703,-27.017105
3.59999990463257,4.366874
-28.8320007324219,-24.71276
40.273998260498,41.52925
23.3999996185303,23.272083
6.84000015258789,4.509031
2.51999998092651,31.353949
6.22079992294312,7.9372897
8.99100017547607,9.542716
20.7900009155273,17.582771
-20.7240009307861,-25.671837
-12.539999961853,-26.059189
15.3599996566772,12.773846
-50.8440017700195,-44.926926
25.7999992370605,63.405087
-7.33199977874756,-11.8629
12.6000003814697,15.352103
14.9743995666504,12.08809
13.4963998794556,11.168423
2.25,4.5786934
-203.796005249023,-121.896225
9.33119964599609,10.680331
49.2299995422363,30.739487
7.5991997718811,6.891779
6.32000017166138,11.529694
3.05999994277954,23.106636
21.0,15.340629
42.1800003051758,58.90462
4.5,7.714899
13.8000001907349,13.445704
5.78000020980835,9.254444
-160.434005737305,-145.6077
0.360000014305115,14.260419
-3.70799994468689,7.113844
50.7599983215332,39.78995
9.96000003814697,19.51341
-3.45600008964539,-6.080579
26.3493995666504,30.588293
-0.063000001013279,20.225716
62.685001373291,54.38823
42.2400016784668,28.885094
14.3999996185303,60.906406
-7.39200019836426,-10.694144
6.55380010604858,3.7725046
-320.239990234375,-381.94104
4.52010011672974,5.081727
16.4699993133545,10.2264385
21.2520008087158,16.202143
-123.744003295898,-84.57031
8.69999980926514,14.491261
-9.47999954223633,12.051732
9.3120002746582,9.1808
3.75300002098083,6.147897
-41.2620010375977,-67.54391
47.035099029541,36.11197
9.84239959716797,1.5456201
31.4820003509521,42.23728
5.33920001983643,6.3561993
1.07000005245209,3.9827254
32.1300010681152,18.208418
16.4640007019043,28.362635
17.4720001220703,16.746807
4.52400016784668,6.9382315
52.6500015258789,47.197403
-4.40999984741211,-10.657881
-91.3112030029297,-74.226944
-87.0240020751953,-59.94822
-98.8018035888672,-112.43975
-11.0520000457764,-16.832766
14.2799997329712,48.037014
6.90880012512207,7.537337
-20.7240009307861,-26.935707
6.89079999923706,5.7310743
2.0699999332428,4.251614
96.0232009887695,106.00822
0.629999995231628,4.705618
23.3400001525879,11.071445
79.8450012207031,53.16185
-1.35000002384186,4.3040385
-10.4160003662109,-6.1245236
46.1549987792969,30.930742
9.23999977111816,5.7547193
65.0970001220703,39.969418
41.4000015258789,57.937145
-19.7040004730225,-10.281829
36.060001373291,15.560045
88.2900009155273,50.7707
-9.84630012512207,-5.7715154
104.295997619629,25.010345
85.9039993286133,56.01113
3.22140002250671,2.3069453
9.36900043487549,4.048393
1.53900003433228,1.4108839
17.4827995300293,6.819713
19.8341999053955,21.05642
7.67999982833862,51.462345
1.86899995803833,35.549797
42.2400016784668,29.636234
26.4146995544434,19.66826
87.5502014160156,30.05327
-25.6368007659912,-24.89443
62.7480010986328,39.16208
-3.45000004768372,4.409666
4.48559999465942,7.3692017
19.1511001586914,1.3991797
134.820007324219,108.73194
40.5867004394531,93.974945
47.0376014709473,24.412115
45.7704010009766,51.547504
9.0,35.780422
5.46000003814697,61.58568
1.01999998092651,5.6682158
7.07999992370605,6.198347
15.8375997543335,27.631706
6.92999982833862,7.6520333
-14.543999671936,30.925587
13.6800003051758,8.463366
1.32000005245209,4.7736998
40.7999992370605,88.49289
14.5584001541138,21.345558
2.14000010490417,4.517154
2.9835000038147,5.385021
114.480003356934,111.5885
19.7999992370605,22.473053
-5.74200010299683,-11.192309
0.0,-245.36691
18.3980007171631,81.9967
5.91849994659424,0.8305108
5.53800010681152,6.6156363
8.22000026702881,9.059279
8.27999973297119,6.5969296
1.20000004768372,4.2749214
-221.832000732422,-91.41157
7.50400018692017,3.9062202
8.64360046386719,9.994919
4.49700021743774,2.0225344
-17.9964008331299,18.603048
-7.93800020217896,22.95322
11.2307996749878,9.435552
-87.4469985961914,-83.862015
-37.4490013122559,-33.34399
-2.31419992446899,-2.3685005
-1.93799996376038,12.873789
5.44320011138916,5.589527
8.64000034332275,16.167221
1.70039999485016,4.6319118
-105.174003601074,-81.98442
24.9360008239746,45.45222
16.0319995880127,16.50632
113.305000305176,34.67893
69.8099975585938,56.092834
11.5200004577637,12.442302
6.46500015258789,22.768246
-17.6879997253418,-29.944338
-7.39440011978149,-10.556952
-9.0930004119873,-19.5771
17.6399993896484,32.862415
0.0,-2.529078
22.2000007629395,14.175338
-12.0979995727539,17.883717
20.8530006408691,16.58337
15.5699996948242,94.34866
2.94000005722046,5.1281714
14.2200002670288,64.07935
-1.125,7.664988
-15.5190000534058,-13.786549
7.92000007629395,6.6073327
-77.625,-86.146645
0.862399995326996,1.695103
10.9799995422363,16.378063
21.8400001525879,37.79773
14.8680000305176,22.298231
113.610000610352,88.539474
97.4400024414063,97.53164
67.8000030517578,79.995995
2.70280003547668,4.4248896
32.4683990478516,23.698519
8.29500007629395,10.893522
7.0149998664856,6.943719
0.653999984264374,-5.7540913
15.9840002059937,10.760785
-0.811999976634979,-5.0975595
50.4062995910645,23.426214
92.1900024414063,49.884396
22.5300006866455,10.284118
11.2799997329712,7.011433
16.8090000152588,5.4502234
37.8450012207031,26.408108
52.734001159668,33.036976
26.0459995269775,11.608462
170.511001586914,122.71177
2.78399991989136,-6.389512
-17.6879997253418,-5.3751388
-114.444000244141,-74.25772
-0.653999984264374,2.303494
14.915599822998,12.042517
33.2543983459473,26.930904
-5.84100008010864,9.306763
37.4000015258789,27.302395
178.110000610352,104.66815
20.6399993896484,23.187899
4.82999992370605,2.9532406
-1.31400001049042,18.27204
6.05999994277954,3.7477422
59.1300010681152,29.413113
0.990000009536743,10.676578
26.6399993896484,17.96597
7.55999994277954,6.509489
6.59999990463257,10.183493
19.3199996948242,11.36429
36.6300010681152,22.594145
20.8799991607666,10.183493
9.63000011444092,5.1378984
1.20000004768372,14.446629
-10.1736001968384,-16.864475
-4.88700008392334,13.847243
2.79559993743896,5.167858
78.4800033569336,44.658897
4.8899998664856,18.829409
5.42999982833862,3.3263464
22.3775997161865,20.062422
10.5,21.837856
42.2400016784668,21.457794
53.8440017700195,30.940052
-27.3840007781982,12.282234
11.1000003814697,22.59617
25.9200000762939,14.3350935
19.9799995422363,74.32744
9.27000045776367,7.168162
7.76999998092651,11.945031
96.5999984741211,55.85082
-10.5341997146606,-8.502779
13.2639999389648,5.1150813
4.44000005722046,27.148697
22.2000007629395,29.532274
7.6153998374939,8.647021
9.69569969177246,12.307091
53.0909996032715,26.362669
6.71400022506714,39.570107
5.67840003967285,6.5841107
7.26399993896484,10.155613
-84.2928009033203,-57.767475
-172.557006835938,-255.49599
6.29949998855591,15.772073
22.5,14.215906
81.431999206543,52.831497
6.73999977111816,4.4952993
14.5600004196167,11.921421
0.779999971389771,4.647619
2.33640003204346,3.449442
1.25999999046326,7.5766253
158.751998901367,126.61199
7.3206000328064,8.981886
95.4611968994141,108.07662
0.0,22.552494
-5.70599985122681,10.663815
71.4000015258789,47.47933
15.0,11.8739395
-0.593999981880188,8.424703
4.91400003433228,12.005815
23.8439998626709,11.771173
14.7600002288818,8.998505
1.45200002193451,9.3243475
14.1840000152588,21.582764
27.4855995178223,22.963766
-124.430999755859,-52.509953
149.759994506836,86.53266
-7.61199998855591,-4.8905687
-100.800003051758,-57.0785
142.559997558594,102.56809
-42.3600006103516,-22.49048
-24.6599998474121,-36.746967
0.417199999094009,1.7014599
4.76999998092651,14.193071
-172.274993896484,-157.78455
4.3600001335144,8.107943
6.51000022888184,-46.60533
-4.1399998664856,-4.4646444
-9.82079982757568,-7.9542584
8.30280017852783,3.5594249
29.7689990997314,10.498816
29.8080005645752,17.960573
-9.20400047302246,4.718884
32.939998626709,51.064354
36.8639984130859,33.636883
-21.3600006103516,-6.533578
4.5,16.549316
48.701099395752,27.847313
13.4399995803833,8.543655
39.7999992370605,23.542717
10.8864002227783,10.370746
4.32000017166138,-30.241203
-44.1461982727051,-46.745537
4.07999992370605,3.1875887
9.0,11.099304
5.19999980926514,6.5945797
5.76000022888184,27.228987
6.98999977111816,4.905395
30.0,25.48986
31.996000289917,28.01526
4.55999994277954,5.2912636
4.32000017166138,37.257668
8.76000022888184,6.1529093
144.899993896484,70.771095
2.88000011444092,7.056324
19.4400005340576,20.541525
-20.1599998474121,-13.406094
5.77680015563965,6.2546463
27.0599994659424,20.119198
3.73079991340637,15.046845
67.4400024414063,109.91505
14.6700000762939,10.832745
39.5424003601074,-3.2672112
-2.41199994087219,7.1238422
-106.115997314453,-50.576992
51.4000015258789,36.580563
55.0400009155273,29.364044
31.5,50.059063
1.4442000389099099,4.191118
1.5,16.50071
-488.772003173828,-349.3112
132.330001831055,139.83551
15.8999996185303,27.807568
0.239999994635582,2.6660292
5.07000017166138,3.6236446
7.1399998664856,3.7477422
12.8999996185303,10.713249
2.98889994621277,2.5173385
4.61999988555908,3.4657357
11.0508003234863,6.848112
10.7178001403809,-1.7927412
-44.0460014343262,-31.991388
13.8578996658325,17.891796
13.3199996948242,14.698996
7.09499979019165,9.723592
21.0599994659424,17.479252
38.6100006103516,47.05597
38.310001373291,13.29394
43.3800010681152,23.846691
40.5,43.40551
8.10000038146973,6.724972
10.0530004501343,5.323245
-66.6959991455078,-56.018803
-2.4300000667572,-15.835639
19.8143997192383,16.746494
83.3399963378906,57.937145
2.94000005722046,3.549474
15.0,15.72747
27.7199993133545,58.83951
1.08000004291534,14.77894
2.0,3.9903226
3.48270010948181,5.063047
35.6237983703613,34.288383
-4.80600023269653,-11.3988495
-37.1679992675781,-27.202076
-15.3540000915527,-13.959093
-25.8299999237061,-43.640224
18.8209991455078,19.90273
3.00440001487732,4.832307
3.3503999710083,4.4040117
8.29440021514893,8.97583
-12.4146003723145,9.052635
27.1665992736816,17.968346
21.4799995422363,15.266688
30.996000289917,28.185823
13.3199996948242,9.51036
5.40000009536743,13.229336
1.67999994754791,47.876427
54.8604011535645,43.664158
-3.24060010910034,-3.3203666
-5.88689994812012,-4.6898923
74.0999984741211,51.503876
31.0499992370605,48.745975
74.3399963378906,77.283844
13.7016000747681,19.74594
87.7443008422852,55.513527
-12.7959995269775,-17.3976
31.9500007629395,19.40847
13.5,62.032818
4.98000001907349,43.32584
8.88000011444092,12.990308
-7.98059988021851,-9.726415
19.5858001708984,25.549294
13.8915004730225,7.0514703
-1.50600004196167,-8.107512
18.1499996185303,14.050091
13.2600002288818,62.353123
-244.386001586914,-130.99997
-7.09200000762939,19.349895
11.3400001525879,23.08585
0.107100002467632,2.2213361
9.23999977111816,26.890127
6.72520017623901,8.341587
13.1999998092651,22.817266
13.6800003051758,14.046201
-24.1889991760254,-24.123384
-166.320007324219,-208.03212
19.5,22.817266
57.2700004577637,46.08073
-102.365997314453,-67.04661
4.55999994277954,5.2912636
8.64000034332275,7.168162
138.417007446289,122.73395
18.1800003051758,9.184681
41.25,66.49037
13.3920001983643,54.563416
28.0032005310059,26.25438
22.7999992370605,30.849215
9.81599998474121,30.468716
134.992004394531,140.35168
16.1800003051758,7.7772636
7.8600001335144,10.291547
-10.0500001907349,-6.1276836
185.580001831055,122.197876
7.07999992370605,6.024121
0.959999978542328,9.12975
14.6999998092651,11.531149
56.4300003051758,25.170864
11.7959995269775,-57.311592
90.9000015258789,114.35697
22.6781997680664,23.37572
9.07199954986572,8.126734
28.628999710083,92.78466
0.339899986982346,4.4755588
15.6599998474121,15.864597
7.38399982452393,7.153355
110.639999389648,132.95819
9.38000011444092,-14.976464
2.56500005722046,2.8766818
7.89599990844727,38.750443
-1.20000004768372,-10.715306
107.730003356934,58.099926
-7.36320018768311,5.470339
1.30680000782013,3.3705814
78.6719970703125,66.632034
-14.3520002365112,-23.76502
7.38000011444092,4.9490023
-9.47999954223633,-8.017037
25.0599994659424,16.570662
15.3719997406006,16.917913
50.1875991821289,50.983818
19.4349994659424,17.785353
9.77999973297119,15.649182
-12.7200002670288,-14.976464
-8.60999965667725,-4.185482
-24.3920001983643,23.602997
84.0512008666992,82.88304
-167.100006103516,-150.27382
9.6540002822876,6.294958
-27.7800006866455,-18.87519
44.8895988464355,39.89605
11.8800001144409,7.943908
80.5410003662109,59.98242
-46.1879997253418,-38.134266
3.86549997329712,34.539272
-32.9819984436035,-26.394306
36.470401763916,39.285606
8.9399995803833,9.29339
8.36999988555908,5.778038
2.57999992370605,14.185267
10.8000001907349,10.148043
21.0599994659424,25.661612
30.2399997711182,17.111126
32.6399993896484,23.071785
4.34999990463257,28.177559
-8.08800029754639,3.3458307
0.641700029373169,6.6162333
1.84679996967316,1.6048123
-32.6759986877441,-39.73829
9.88560009002686,8.790801
2.83800005912781,5.576794
19.0344009399414,18.449389
3.89759993553162,5.489203
10.0799999237061,7.0816565
17.8799991607666,10.152458
15.2399997711182,9.144342
0.640799999237061,1.7817498
76.6395034790039,39.03575
39.6889991760254,22.670647
-28.2959995269775,-27.16876
38.4300003051758,23.059872
27.4351997375488,24.436935
-2.69400000572205,-4.7532954
41.2938003540039,41.032303
29.6000003814697,18.6769
1.04999995231628,3.6195102
1.74000000953674,3.35275
41.2799987792969,47.851562
14.039999961853,12.158189
1.01999998092651,5.8554153
28.6800003051758,35.58167
6.03630018234253,-3.4350235
28.7952003479004,23.5206
10.7399997711182,23.071785
-7.03800010681152,-5.718103
-20.6159992218018,-33.546303
-6.26399993896484,-6.7324777
18.0377998352051,17.666637
0.660000026226044,2.1352892
32.1150016784668,34.436626
-104.851997375488,-164.16258
-20.9400005340576,-20.354088
19.2000007629395,16.094574
2.64000010490417,3.1200333
2.75999999046326,12.05662
73.2419967651367,40.782646
37.7999992370605,26.052223
9.35999965667725,17.370138
-52.5480995178223,-57.125053
-18.8020000457764,-16.52427
-26.2320003509521,-8.421225
62.2799987792969,64.14044
10.0500001907349,29.653868
9.35999965667725,11.116805
8.78999996185303,8.3226385
8.10000038146973,8.390427
59.0351982116699,59.062767
64.4400024414063,32.32423
30.8966007232666,28.50564
10.1999998092651,5.53711
130.139999389648,69.525375
22.2000007629395,14.335533
5.69999980926514,13.692533
12.0131998062134,0.056586362
63.060001373291,58.73657
21.9599990844727,23.171413
17.5499992370605,27.726358
14.039999961853,12.970257
112.680000305176,132.97252
-17.2992000579834,12.341341
-29.0699996948242,47.108795
12.1199998855591,16.013931
21.994499206543,56.60665
-5.25600004196167,18.823982
0.558000028133392,8.959666
24.6599998474121,17.175684
28.0191993713379,22.259382
32.8800010681152,21.946535
3.05999994277954,48.425224
19.4400005340576,21.699968
21.75,15.62725
17.3999996185303,14.658908
-1.73099994659424,2.1759007
17.451000213623,18.548206
46.1220016479492,15.183589
-4.35599994659424,-3.4225936
1.13999998569489,3.6659293
41.5349998474121,38.36068
11.4300003051758,8.708953
8.45400047302246,3.4633405
48.75,46.856472
-23.3579998016357,-38.453575
1.2059999704361,1.086718
10.3859996795654,16.306168
31.6259994506836,19.37766
23.9169006347656,25.454733
6.98400020599365,11.5281725
-42.060001373291,-113.992256
2.88000011444092,21.802362
104.832000732422,48.214928
1.25999999046326,17.401043
252.600006103516,116.94187
26.1000003814697,44.84947
-4.04099988937378,10.1861725
1.90499997138977,2.2317302
3.77999997138977,4.4852505
0.0,2.5091558
18.3920001983643,-83.9673
9.33119964599609,10.680331
39.5200004577637,35.657665
12.3900003433228,30.078983
8.57279968261719,9.65611
1.44000005722046,35.14532
107.819999694824,92.91759
5.96999979019165,14.973926
19.3199996948242,19.08121
11.7600002288818,7.4151316
0.0,63.163837
0.870000004768372,5.751285
4.19999980926514,7.340305
2.83139991760254,5.4716134
1.13999998569489,4.855104
15.8400001525879,20.536497
43.439998626709,32.7982
39.4799995422363,21.052868
0.0,24.630531
17.5200004577637,14.256265
-35.2379989624023,37.56028
54.9900016784668,34.539444
21.5823993682861,16.017817
14.4495000839233,12.961385
20.7900009155273,32.077267
3.62879991531372,5.166206
-69.7949981689453,-98.194405
-2.09999990463257,-7.044803
-39.1949996948242,-58.621845
56.7900009155273,32.81698
3.39299988746643,2.457058
-0.839999973773956,-5.7017817
36.4500007629395,52.11472
12.3143997192383,4.5453777
62.2000007629395,37.272297
169.199996948242,77.07682
6.53999996185303,13.333653
0.0,11.966859
-83.1750030517578,-57.217377
2.07999992370605,6.2389674
38.8800010681152,35.27717
63.117000579834,22.378521
50.9207992553711,51.179924
11.8727998733521,12.089081
7.19999980926514,9.018615
39.8400001525879,23.026346
-32.0880012512207,-29.92778
0.810000002384186,3.5157232
8.52000045776367,5.5206094
-5.96999979019165,-82.3328
0.569999992847443,7.530417
6.63000011444092,8.588791
-1.73399996757507,2.0999174
1.33200001716614,16.06227
19.5540008544922,12.396147
3.35999989509583,5.9683933
14.3100004196167,107.96144
-3.34879994392395,-4.060587
-11.7840003967285,-6.533578
23.9400005340576,19.942545
-172.199996948242,-259.3778
6.84000015258789,13.781432
-7.46999979019165,-7.3010974
39.1199989318848,32.626602
2.75999999046326,-9.122774
3.32999992370605,2.864125
-4.59800004959106,-4.060587
18.0900001525879,9.407475
11.3999996185303,15.358171
-1.09599995613098,1.1183403
28.7999992370605,61.15218
10.5503997802734,12.695959
8.99100017547607,9.588154
16.9799995422363,14.539286
8.6899995803833,8.752376
2.51999998092651,17.255947
12.0,57.734234
22.2000007629395,16.806227
-12.4680004119873,-5.849705
-5.71199989318848,-3.6291358
25.4969997406006,23.730572
-6.44399976730347,-5.47858
78.0299987792969,40.798004
-10.0959997177124,6.4466186
-8.5319995880127,-18.270922
252.119995117188,115.63001
129.384002685547,84.09547
5.4443998336792,4.5276814
33.0288009643555,19.195446
1.99899995326996,4.7968874
-23.2800006866455,-22.768684
-9.84000015258789,-5.736837
69.0599975585938,61.15218
-14.6759996414185,-69.65233
55.5,30.257595
13.5900001525879,21.182442
-39.0400009155273,22.041426
-12.8392000198364,-48.60859
5.55660009384155,8.804362
9.0,16.284544
4.23000001907349,5.5253553
73.6920013427734,72.171425
30.2399997711182,18.60899
16.6499996185303,16.666517
-86.4300003051758,-78.90012
43.9199981689453,35.05194
-1.19959998130798,9.062861
16.6000003814697,12.683395
32.7599983215332,17.515892
6.42000007629395,6.5018444
3.35999989509583,9.6057205
2.25600004196167,12.353793
23.9599990844727,17.612215
20.1557998657227,10.9425745
2.28900003433228,1.6048123
16.9799995422363,12.008269
6.23999977111816,15.209392
35.9248008728027,30.95643
25.5,17.38792
26.6490001678467,19.864912
41.4300003051758,17.287518
0.0,53.992157
29.9939994812012,23.453468
4.5588002204895,17.938553
-16.5240001678467,10.873384
5.44000005722046,3.5945237
0.0,14.622764
9.38119983673096,9.597984
12.3599996566772,10.1435995
6.0,5.7521224
-6.61140012741089,-6.2764616
14.2687997817993,11.867277
-20.3850002288818,-8.240546
10.0200004577637,6.446606
122.580001831055,63.754345
42.3624992370605,28.337633
36.8245010375977,25.262903
10.958399772644,65.27987
14.2559995651245,15.247635
19.5240001678467,23.239563
-20.4449996948242,-8.7554
-17.9927997589111,14.353153
-1.06560003757477,-5.8871574
-1.875,-2.091351
-0.0900000035762787,-57.38195
159.839996337891,75.22982
2.40120005607605,5.0849257
-27.5849990844727,-56.46357
7.24499988555908,5.4489727
133.893005371094,42.34577
15.1000003814697,16.06952
13.2239999771118,7.007512
45.8135986328125,27.339643
7.25759983062744,7.1363792
14.5151996612549,12.729564
-2.17499995231628,-10.463216
-25.4771995544434,-24.669846
10.5727996826172,3.283402
48.6319999694824,21.218626
-47.8320007324219,-46.326084
8.2992000579834,7.4119935
24.9804000854492,19.478317
-16.1856002807617,-19.701687
-0.662400007247925,0.72091705
15.5343999862671,9.498105
11.3039999008179,-19.630732
119.592002868652,97.38388
-19.3229999542236,5.603874
-9.10799980163574,9.249856
2.73539996147156,4.323722
16.5599994659424,15.556539
13.0799999237061,14.793004
1.47599995136261,-28.33584
-27.4120006561279,-27.405432
12.7200002670288,13.252972
112.080001831055,109.46157
3.46860003471375,5.0849257
2.95679998397827,4.575457
-19.8799991607666,-17.311039
20.8439998626709,11.10407
-9.14400005340576,-6.898034
4.5,4.8362904
7.77279996871948,8.157314
1.42079997062683,4.5854034
10.6400003433228,9.648005
-19.2900009155273,-16.598454
10.4399995803833,11.537019
6.40000009536743,14.095529
-4.76700019836426,-11.237747
-17.3819999694824,-16.906317
-1.66799998283386,-6.909111
-4.51200008392334,-6.9764276
-46.6319999694824,-38.274006
36.7254981994629,21.521803
9.32999992370605,10.024735
9.5939998626709,16.145966
54.3331985473633,36.886284
20.7299995422363,42.12403
10.6199998855591,6.93405
39.3479995727539,-61.477478
-5.31599998474121,-5.9038315
11.0640001296997,34.45634
2.14199995994568,3.1717794
0.479999989271164,-4.7664366
-45.5519981384277,-83.93935
10.3800001144409,17.14284
8.10000038146973,5.51055
-61.5960006713867,-57.63907
-107.99299621582,-128.93132
-10.0464000701904,-11.093711
-2.94600009918213,4.8418717
0.0,52.252457
4.61929988861084,7.9434524
9.96000003814697,14.341692
4.76999998092651,3.8388422
4.26000022888184,9.53553
81.5999984741211,51.59188
-13.4694004058838,-17.103167
1.12000000476837,2.8751068
-44.5200004577637,15.428883
16.0356006622314,13.803979
232.110000610352,149.94867
12.210000038147,6.8536506
9.98999977111816,6.095389
22.1040000915527,30.791792
35.7299995422363,21.154083
0.0,27.173115
13.8599996566772,35.510178
15.0984001159668,12.754
105.247001647949,76.22863
24.1217994689941,26.71981
3.90000009536743,17.390976
7.76789999008179,14.96617
5.21820020675659,8.444918
13.6800003051758,7.5751944
2.5984001159668,8.328067
45.5400009155273,23.48926
-50.6520004272461,-69.164406
-5.79199981689453,-16.528824
5.01119995117188,7.4496717
-22.1879997253418,31.640963
1.59800004959106,9.68322
25.1860008239746,11.556491
-2.02640008926392,-3.3203666
-70.463996887207,14.759694
13.8267002105713,7.7647257
-20.7161998748779,-8.448497
6.00600004196167,2.5008647
15.960000038147,9.86357
3.62879991531372,4.9257207
2.27239990234375,5.1778045
-17.2479991912842,-15.460642
18.5219993591309,8.721236
6.42059993743896,6.8106837
175.860000610352,69.842
133.244995117188,60.39149
4.66440010070801,6.1254735
3.25799989700317,24.126211
7.84800004959106,31.02119
40.1240997314453,19.385994
37.2360000610352,16.021442
11.8979997634888,10.353608
16.2900009155273,8.615494
-16.3644008636475,10.058603
21.7800006866455,14.126491
185.399993896484,105.19868
20.5849990844727,19.609333
9.84000015258789,6.691435
22.7399997711182,23.70967
21.8880004882813,9.738077
15.9384002685547,17.424694
9.64799976348877,7.172572
-98.6910018920898,-88.02922
8.76000022888184,5.7521224
-0.756600022315979,-6.8145695
20.7600002288818,13.352157
3.2039999961853,-2.5556746
4.77120018005371,0.55491984
0.321599990129471,-5.556618
20.7900009155273,16.796288
-1.45899999141693,3.2093453
0.734799981117249,1.7014599
28.4927997589111,37.908146
164.996994018555,36.276966
-76.0115966796875,-44.38685
4.91400003433228,5.4456196
36.9599990844727,30.43706
5.36899995803833,4.206245
5.42999982833862,3.1172688
22.6529998779297,49.05602
-15.1199998855591,-7.368131
17.1000003814697,19.313574
0.180000007152557,5.9465146
0.280000001192093,3.842716
1.60000002384186,10.045874
-24.0435009002686,-28.775658
-5.40000009536743,-21.56421
5.13500022888184,8.501847
3.1800000667572,5.139505
17.6100006103516,11.188017
-1.48800003528595,-4.454578
-28.9799995422363,-13.0528
-13.1669998168945,-10.826313
-67.6169967651367,-48.57549
-2.54399991035461,-3.3203666
-3.77150011062622,3.077678
23.1168003082275,21.367695
3.45000004768372,6.8278394
-143.639999389648,-119.107056
3.94740009307861,2.7845886
0.959999978542328,5.617813
24.4799995422363,23.171413
-53.7840003967285,-37.06662
41.168399810791,27.285143
-59.3040008544922,-27.522854
-87.1488037109375,-80.295364
-15.8400001525879,-9.741691
-11.0640001296997,-13.346411
8.80200004577637,5.0132656
-2.54719996452332,-10.573407
46.9500007629395,37.229893
6.29790019989014,8.734496
11.3999996185303,28.479158
6.44999980926514,13.699554
21.1977005004883,12.262892
7.44000005722046,6.553513
131.910003662109,68.840576
1.13999998569489,4.6914635
1.64999997615814,3.1436725
-4.96799993515015,-7.162237
-6.67799997329712,-7.0669804
-5.02799987792969,-10.667947
-8.37600040435791,-13.399572
79.0,90.479965
-209.376007080078,-236.85667
-35.513599395752,-28.33726
14.3999996185303,15.613543
33.1599998474121,27.701942
1.6632000207901,1.5800943
8.88000011444092,3.5127914
6.74819993972778,8.492822
14.7200002670288,15.120458
-12.71399974823,-17.278011
2.0699999332428,4.726298
10.4832000732422,8.797715
81.4194030761719,41.626278
15.3599996566772,12.996972
14.6999998092651,30.166801
21.0400009155273,24.801119
35.939998626709,23.273317
15.3360004425049,16.55176
141.257995605469,67.83658
40.7999992370605,27.302395
-179.776000976563,-174.36913
2.22000002861023,7.07801
-1.28799998760223,-2.5296388
2.8296000957489,-2.6260364
148.979995727539,76.8637
5.09999990463257,4.509031
1.99199998378754,-5.777804
3.73760008811951,3.420304
38.4000015258789,25.332151
14.6400003433228,24.312317
37.4949989318848,26.155493
5.21999979019165,62.50532
93.7200012207031,132.88371
9.44999980926514,9.997337
10.9799995422363,19.651085
66.3600006103516,60.183605
32.4599990844727,19.30433
51.0299987792969,166.26097
1.81200003623962,-3.6510148
-46.3199996948242,-33.600243
64.5299987792969,33.215485
1.11000001430511,6.067406
-155.003997802734,-144.20361
-29.6058006286621,23.0569
-5.09999990463257,-13.0528
-24.2639999389648,-14.149886
18.9599990844727,60.230396
14.25,13.896374
0.0900000035762787,3.318129
24.0599994659424,27.367134
2.97000002861023,3.284704
5.48999977111816,23.24993
23.9463005065918,25.028492
46.7999992370605,58.444645
3.49650001525879,7.463167
29.6100006103516,44.658897
42.1800003051758,23.41102
7.1100001335144,5.232948
0.0,44.676804
19.2000007629395,14.536698
-25.2959995269775,-58.51824
0.0,46.585186
14.9399995803833,12.712965
8.76000022888184,23.542717
-14.7840003967285,-11.53592
-52.6319999694824,-49.713707
13.2299995422363,15.327274
-44.4799995422363,-32.593136
-32.1599998474121,-13.285902
19.6200008392334,10.934848
-15.3900003433228,-36.882698
17.7000007629395,12.712965
31.2000007629395,48.132175
20.6100006103516,11.569606
-8.3120002746582,-32.593136
7.92000007629395,5.9871163
17.5799999237061,83.51539
82.8300018310547,57.935863
1.3415999412536599,4.501239
2.55920004844666,5.007663
9.0600004196167,9.019159
45.8400001525879,35.318245
29.6100006103516,43.55475
13.2600002288818,60.988117
16.875,15.001393
14.9925003051758,18.998415
10.407600402832,14.12695
4.24079990386963,3.420304
6.41279983520508,7.745569
-120.051002502441,-88.29172
34.780200958252,29.386263
19.488000869751,18.400547
5.15999984741211,4.5544686
-2.62080001831055,-4.4125023
75.8399963378906,28.774792
104.76000213623,82.38149
3.47760009765625,4.5815287
-190.055999755859,-118.74178
-182.352005004883,-118.915146
-26.3519992828369,-14.753304
-282.071990966797,-313.19928
15.3951997756958,14.907994
-2.7720000743866,22.869219
117.431999206543,66.46158
0.0,16.883568
9.47999954223633,14.726225
107.76000213623,109.27358
0.564000010490417,2.3780255
64.5179977416992,75.016014
27.9456005096436,18.633352
6.30000019073486,8.045147
29.252799987793,23.830389
9.7790002822876,9.258063
-4.42799997329712,-4.060587
82.1880035400391,33.02696
29.2716007232666,19.895819
17.6280002593994,23.61932
93.3300018310547,59.537163
2.29500007629395,-15.540185
3.59940004348755,9.598539
6.15000009536743,16.733143
-16.6140003204346,18.26689
-6.99300003051758,-6.277621
55.0800018310547,41.14066
21.1499996185303,29.931227
5.32800006866455,16.1099
40.5900001525879,25.08602
1.4190000295639,4.5815287
2.57999992370605,5.8059916
0.642000019550323,2.3438196
11.1899995803833,5.081062
48.5999984741211,36.013874
23.0400009155273,20.271267
15.5960998535156,18.370754
-32.3838005065918,22.379791
12.2489995956421,6.379007
1.72479999065399,2.2851465
-6.42320013046265,-6.584124
24.6000003814697,13.579158
94.5899963378906,96.277626
-2.3231999874115,-3.2400768
-13.1879997253418,-9.345392
-395.234985351563,-197.22717
7.51200008392334,13.067052
150.251998901367,69.29671
-8.23200035095215,-17.448202
-2.97000002861023,-1.953199
-4.1399998664856,-6.439292
14.6510000228882,18.97219
8.88000011444092,3.7684367
-202.343994140625,-97.84056
-126.624000549316,-53.964962
11.5200004577637,9.018615
0.899999976158142,14.298937
-43.7291984558105,1.6394205
-306.846008300781,-354.53046
-12.5285997390747,-0.72864455
3.26160001754761,5.0060105
2.64000010490417,8.27814
-6.18800020217896,11.873111
13.2600002288818,61.444576
28.1399993896484,68.36486
19.9680004119873,18.044952
-15.9919996261597,-4.04908
-4.6560001373291,-12.871092
9.47999954223633,24.422329
19.7399997711182,28.39144
4.19999980926514,4.991086
-13.4879999160767,-10.893612
9.96520042419434,8.98147
52.7691993713379,112.62637
16.2688007354736,12.247452
24.8400001525879,17.695961
58.9799995422363,27.689842
50.3520011901855,39.456776
18.8936996459961,26.59616
45.1394996643066,25.339386
4.44000005722046,27.324184
179.820007324219,106.81
71.2295989990234,65.1262
10.8800001144409,7.797683
12.960000038147,19.056671
4.44000005722046,2.7391505
9.82800006866455,8.711058
51.2000007629395,37.39512
63.2999992370605,50.613247
17.7299995422363,10.413981
77.4837036132813,45.24276
0.300000011920929,4.5893207
-20.1408004760742,-17.804703
19.9799995422363,22.664404
-6.23699998855591,-4.5145364
14.4899997711182,32.760574
11.9200000762939,10.039328
27.4400005340576,18.81409
2.53500008583069,1.5193424
-28.8677997589111,-1.7859726
4.92000007629395,11.810183
26.8239994049072,19.885992
-84.447998046875,-57.767475
-51.2960014343262,-59.606243
-12.9167995452881,-13.636864
5.31899976730347,3.7725046
19.5,22.85099
-16.9568004608154,3.970681
3.43099999427795,7.185306
16.2000007629395,33.77514
0.523599982261658,11.39051
7.92999982833862,5.3243785
43.736198425293,42.642258
0.990000009536743,11.653944
0.270000010728836,9.737061
33.5895004272461,-30.324774
10.9799995422363,16.553144
8.64000034332275,12.448688
24.9804000854492,19.523756
36.2700004577637,29.541012
64.2600021362305,53.72545
15.3999996185303,22.366041
-191.759994506836,-276.6086
14.1599998474121,10.045874
9.44999980926514,14.48195
21.4776000976563,22.21003
23.0886001586914,15.497166
22.8689994812012,27.789768
10.4784002304077,20.652132
-85.1159973144531,-40.333134
-8.67199993133545,-5.9145775
3.40919995307922,53.5493
45.5279998779297,46.647564
28.8190002441406,31.488693
5.76240015029907,7.0014706
52.896598815918,-42.2729
-37.018798828125,-19.20527
-5.97119998931885,27.225727
-35.391300201416,-19.724346
-22.6187992095947,-13.248279
-103.21199798584,-47.247955
1.01139998435974,4.5854034
-43.4799995422363,-34.65475
12.2760000228882,7.629192
-17.4689998626709,-18.386868
80.7911987304688,75.24242
-24.6149997711182,22.064054
47.9939994812012,36.95757
6.97410011291504,4.162792
2.46000003814697,58.346886
65.6370010375977,26.650967
82.2906036376953,81.28308
-5.47200012207031,-10.000654
106.860000610352,74.17189
31.691499710083,45.734142
2.60999989509583,3.594912
21.7728004455566,20.083794
14.9040002822876,10.44303
3.59999990463257,10.855412
3.11999988555908,68.795135
23.7600002288818,57.209076
1.00199997425079,1.5261041
-126.648002624512,-134.96004
2.64000010490417,5.7930374
56.4000015258789,33.921062
31.7999992370605,23.784662
3.98399996757507,17.513561
0.180000007152557,5.468871
6.20310020446777,-0.51699793
27.8400001525879,23.59972
13.5,12.209512
1.44000005722046,14.0901785
22.3680000305176,10.783803
11.5830001831055,3.4008586
-193.817993164063,-142.88348
-91.9199981689453,-85.619194
24.2199993133545,26.376762
45.023998260498,30.637096
-3.56100010871887,-11.115242
4.17199993133545,6.147897
-110.718002319336,-106.661026
1.5,4.4228983
17.0699996948242,16.366745
2.50200009346008,2.8396904
-21.6720008850098,-36.779217
13.6800003051758,22.432726
-261.335998535156,-188.31294
15.2988004684448,16.718512
-42.4637985229492,-44.39591
18.4533996582031,16.608522
-31.8840007781982,-31.841755
-23.5480003356934,-19.08855
1.81200003623962,30.940052
-29.1240005493164,-59.10498
-14.6400003433228,-33.456688
78.120002746582,74.927216
-358.992004394531,-327.37894
11.6999998092651,22.38271
11.25,8.782016
30.4200000762939,15.403609
60.6599998474121,72.382164
3.68939995765686,4.1237082
3.26999998092651,3.3975549
47.2799987792969,56.122017
-16.8719997406006,-16.372967
6.22079992294312,8.017581
14.4354000091553,11.815577
4.32000017166138,7.030005
32.9360008239746,29.713074
21.0128002166748,18.193808
9.87839984893799,9.422902
24.3299999237061,12.855527
-7.19999980926514,-6.7719684
5.94000005722046,6.8072586
-65.4599990844727,-37.47308
116.480003356934,71.58031
14.2757997512817,14.108021
-39.5999984741211,-44.810947
1.375,4.484551
3.29999995231628,4.3103647
10.4399995803833,15.396332
-126.407997131348,-180.26833
-85.2480010986328,-156.80505
-4.96799993515015,-9.539179
-5.08199977874756,-11.434221
13.0375003814697,13.191639
4.15199995040894,-6.2851653
55.9360008239746,44.519733
-5.14799976348877,-6.901787
17.0400009155273,17.857883
46.9799995422363,23.6201
28.8575992584229,27.005396
54.1800003051758,36.35071
32.6045989990234,20.802477
35.8199996948242,20.271267
-20.7000007629395,51.04709
3.48000001907349,10.210764
-42.8819999694824,-33.36412
131.22900390625,73.56763
-6.51000022888184,-7.5095663
171.647994995117,83.83847
29.7600002288818,23.542717
3.89400005340576,9.803235
-532.320007324219,-369.95712
-17.6189994812012,18.775515
6.11999988555908,6.93405
-120.744003295898,-88.070244
7.02239990234375,7.2027607
68.9630966186523,59.055607
180.449996948242,98.83954
-4.61999988555908,-6.328008
10.5,46.699543
-3.28800010681152,-10.848759
20.0970001220703,36.403587
-63.7680015563965,-31.663353
39.3600006103516,23.59972
-21.0209999084473,-0.750862
18.4200000762939,23.89213
-25.6000003814697,-17.599237
12.1800003051758,9.1366625
-170.207992553711,-64.913925
-26.2560005187988,-7.8517556
1.12199997901917,4.337328
181.919998168945,103.59684
11.7575998306274,18.924263
6.58559989929199,8.981886
13.8599996566772,23.273317
9.0,8.209359
12.1780004501343,11.749217
5.03359985351563,7.108117
9.18000030517578,16.016094
-81.7679977416992,-45.05971
-36.8279991149902,-13.354519
-40.5120010375977,-18.554234
4.84000015258789,3.8062828
20.8719005584717,15.122595
-18.6599998474121,-29.40228
96.0,57.63482
21.6599998474121,13.306719
10.8809995651245,13.468968
3.02999997138977,3.1859574
40.1040000915527,19.499443
-10.289999961853,-57.49242
-10.3680000305176,-31.650993
18.8729991912842,21.290981
-30.3719997406006,-17.6118
21.6599998474121,21.648178
9.56879997253418,6.6936793
-115.706001281738,-91.00094
-4.64400005340576,-4.7532954
-4.48999977111816,-4.0151496
7.32600021362305,4.0070252
-5.42999982833862,-15.319426
2.22000002861023,7.011433
1.81439995765686,4.0395107
104.295997619629,22.353226
34.8199996948242,24.350607
-19.6200008392334,-15.218185
-3.67499995231628,-5.6014614
-4.97279977798462,-3.8201017
-6.56190013885498,-1.953199
10.5120000839233,10.309574
-16.2000007629395,-15.314236
1.37160003185272,4.386165
-2.97000002861023,3.6317186
16.1567993164063,17.221853
5.94000005722046,4.8174148
2.60999989509583,3.549474
27.6800003051758,28.53568
39.0299987792969,27.711243
19.4099998474121,16.19268
-66.7200012207031,-105.2649
2.00880002975464,3.500594
3.1800000667572,19.77913
107.940002441406,64.99044
-3.28800010681152,-45.753
-62.3791999816895,-48.446995
-4.46099996566772,1.4283687
66.2399978637695,35.14532
27.0,25.040697
-9.93000030517578,-7.9301677
6.74499988555908,3.8815885
0.5,10.021469
-4.32000017166138,-37.889454
5.14079999923706,5.5186133
7.90000009536743,10.986981
19.007999420166,23.858126
58.265998840332,11.480923
-21.9479999542236,-5.611692
44.7000007629395,46.488598
2.40000009536743,14.839501
62.9063987731934,56.129555
22.2000007629395,18.047686
0.959999978542328,-14.070431
40.7999992370605,24.35794
-76.997200012207,-75.36737
26.3279991149902,6.4516387
83.9400024414063,48.5126
69.5400009155273,61.1376
-27.5100002288818,-17.829475
34.560001373291,30.990116
66.7200012207031,42.524323
123.300003051758,61.267086
7.55999994277954,13.694286
117.360000610352,104.24713
2.25180006027222,4.501239
15.75,11.1299925
159.630004882813,109.154686
30.5820007324219,25.215761
56.4000015258789,33.921062
131.669998168945,71.4909
11.1775999069214,12.902406
10.0480003356934,10.676268
0.0,29.13115
3.20639991760254,6.9796724
24.8400001525879,14.729961
-221.904006958008,-85.9123
-21.7080001831055,-41.975838
-36.9900016784668,-25.008533
-69.4721984863281,-60.13198
17.2800006866455,15.847759
-26.4720001220703,-15.77609
3.62879991531372,4.750365
161.820007324219,92.03529
175.5,107.3304
-14.1266002655029,25.49344
-4.99200010299683,-16.0233
27.2399997711182,22.329372
-2.56800007820129,-6.3523116
-17.3880004882813,-5.865933
73.9499969482422,61.408436
29.2409992218018,30.43293
39.9000015258789,13.027597
4.07999992370605,5.6247416
6.0,17.515892
22.5900001525879,18.173162
-6.28599977493286,-6.602731
2.97000002861023,3.08086
69.4499969482422,63.35965
3.11999988555908,35.24368
41.2999992370605,55.38353
73.6800003051758,46.041832
10.7200002670288,13.710333
80.1600036621094,46.66384
48.7200012207031,84.69005
11.1000003814697,23.51943
6.42000007629395,4.9727116
58.2400016784668,35.9792
-9.60000038146973,5.760903
81.0899963378906,62.358543
9.72000026702881,71.130684
-4.2947998046875,-8.02642
3.77999997138977,10.832745
1.37999999523163,5.721827
10.0799999237061,6.472307
5.44320011138916,5.253976
-11.625,-6.806679
59.0040016174316,25.038116
2.84400010108948,-5.442651
-11.6099996566772,44.504967
88.6139984130859,39.630863
38.3959999084473,35.11533
-8.25599956512451,-5.442651
-2.54399991035461,-5.442651
-63.1800003051758,-56.07203
3.19600009918213,18.210054
15.5903997421265,9.324119
160.440002441406,86.554306
16.1837997436523,12.770361
1.35899996757507,21.272552
-29.4368000030518,-4.251976
-3.2720000743866,4.359232
23.9899997711182,16.439997
-29.9039993286133,-16.690115
0.606000006198883,1.6677121
9.0,7.4963355
-4.01999998092651,-10.848759
0.419999986886978,-4.6908946
-74.6640014648438,-178.11389
5.44320011138916,5.4747696
63.0299987792969,39.543747
-202.880004882813,-124.52188
-11.1960000991821,-8.738144
-2.70000004768372,3.2093453
-13.0620002746582,-5.728663
44.7299995422363,30.04004
49.7639999389648,-80.956535
19.3199996948242,13.7541065
38.2229995727539,20.285265
41.3250007629395,32.65891
34.9049987792969,25.757204
40.5,28.266281
35.7599983215332,25.5112
-382.855987548828,-242.97824
3.42000007629395,3.0982344
10.3071002960205,8.73304
-15.6239995956421,-12.598829
0.899999976158142,11.646116
16.3799991607666,10.888516
86.6399993896484,50.920906
56.7299995422363,50.67951
0.216000005602837,-2.449349
26.8397998809814,-4.731591
18.4547996520996,10.0685
-15.6155996322632,-24.607094
-13.8839998245239,23.886986
85.1999969482422,123.75785
79.879997253418,43.691658
-30.9869995117188,64.11337
37.2599983215332,22.920162
-9.89400005340576,-13.889658
12.3999996185303,28.72568
21.0279998779297,-47.93809
21.6599998474121,24.435999
33.3600006103516,33.319374
-22.4489994049072,-30.343029
-2.70000004768372,3.3695407
0.599799990653992,9.028009
40.5,60.360405
-55.2480010986328,-71.407074
1.50080001354218,-4.762008
104.124000549316,49.712944
44.3400001525879,25.08602
6.84000015258789,47.139996
2.55999994277954,4.509031
12.4200000762939,28.799591
15.4200000762939,23.789688
15.1199998855591,11.769235
14.6400003433228,14.118946
20.7719993591309,15.873962
19.5300006866455,9.232686
65.8509979248047,119.46049
7.98000001907349,5.9766574
48.7799987792969,22.867636
11.6999998092651,16.608591
-10.1639995574951,7.5492635
12.3101997375488,81.80441
3.81680011749268,5.507105
34.0200004577637,52.69971
17.6000003814697,13.41865
-14.8599996566772,2.7165053
32.1599998474121,18.799269
65.3000030517578,45.91398
35.6399993896484,33.47992
3.03419995307922,5.6318088
0.407400012016296,3.8877802
-45.0480003356934,10.645653
21.2399997711182,23.814848
45.5699996948242,30.990116
4.96000003814697,15.511101
-52.4160003662109,-57.538082
2.27999997138977,4.1331596
18.4599990844727,23.613508
2.8199999332428,9.843377
8.02700042724609,7.7255573
3.28320002555847,5.507105
21.9120006561279,13.067052
1.59599995613098,8.447087
1.25999999046326,4.501239
7.07999992370605,7.4340954
8.01900005340576,10.026778
9.39060020446777,9.542716
32.3400001525879,19.760382
34.1599998474121,19.330462
-7.58400011062622,-18.323496
12.6468000411987,5.277284
9.3125,8.676206
6.71159982681274,7.6996856
-0.660000026226044,-6.104959
21.0359992980957,18.310379
9.86999988555908,11.849948
0.722800016403198,4.706872
13.8599996566772,20.033148
-26.2350006103516,-46.00216
29.3850002288818,11.858922
-10.8760004043579,-5.2968144
-5.46000003814697,-12.981707
35.9819984436035,24.194801
128.25,103.45199
196.613006591797,144.73247
0.0,22.090681
12.1800003051758,10.755154
11.4899997711182,19.462435
40.7999992370605,47.65701
16.9200000762939,16.842674
12.2639999389648,-31.696434
67.9680023193359,41.312218
-3.21600008010864,-5.920106
-14.543999671936,-12.887915
8.63099956512451,4.2237487
34.9930000305176,26.59616
103.680000305176,93.971344
-3.9300000667572,15.121924
-33.6360015869141,-43.359932
10.8299999237061,6.5808697
-28.967399597168,25.407097
26.9729995727539,18.608385
14.2799997329712,6.979772
92.2799987792969,53.249687
9.54599952697754,28.524145
-14.4784002304077,16.72253
3.05999994277954,10.46997
19.3199996948242,17.987482
59.4599990844727,59.251812
2.22000002861023,11.104815
33.2999992370605,23.92574
14.3100004196167,11.975177
10.3649997711182,1.8313559
22.235200881958,13.5475235
5.91750001907349,3.8606553
-27.8400001525879,-19.690414
31.8400001525879,69.12118
-6.3600001335144,-7.3208137
1.10000002384186,4.4323874
-36.1115989685059,-50.456593
16.6788005828857,21.589836
7.46999979019165,5.3458323
14.1599998474121,10.183493
20.988000869751,26.708961
-22.5450000762939,-8.098857
137.160003662109,65.276085
20.2985992431641,11.604877
-11.039999961853,-7.1546855
-89.1449966430664,-87.09697
-32.3199996948242,-50.645275
27.8819999694824,23.114899
-67.8509979248047,6.154688
21.7199993133545,14.339241
145.800003051758,110.33773
4.53599977493286,62.506218
4.92000007629395,64.47454
11.9099998474121,10.183493
31.7600002288818,32.755054
22.2360000610352,12.07976
21.0300006866455,10.005851
14.6770000457764,8.431397
-5.21500015258789,-3.782509
35.4599990844727,23.087229
1.70239996910095,1.1473203
5.97779989242554,4.162792
28.7639999389648,18.53095
1.57679998874664,1.5356183
23.9687995910645,16.578167
64.6740036010742,20.36248
-15.2449998855591,6.9918
-3.56399989128113,-4.151785
-1.98720002174377,1.6688815
1.90240001678467,4.5466766
4.24079990386963,0.71312845
-197.315994262695,-292.47992
3.44959998130798,2.5583384
-5.57399988174438,-12.317059
62.1375999450684,49.088203
-3.23099994659424,-3.8326678
0.838199973106384,2.6718338
11.2751998901367,10.370746
-112.374000549316,-77.86978
12.7799997329712,6.9977207
4.32000017166138,10.104114
-15.1440000534058,7.9477544
-4.73999977111816,-7.7913356
4.38000011444092,3.1200333
9.96000003814697,72.21993
-33.2999992370605,-38.050438
22.8096008300781,24.122452
-25.8239994049072,-15.629767
-41.2560005187988,-42.774128
8.21560001373291,7.5741925
11.6400003433228,30.530926
28.511999130249,9.806528
2.38800001144409,4.4717164
-2.17799997329712,-6.7978277
-13.7700004577637,-10.657881
-48.470401763916,-27.730724
2.16000008583069,3.5945237
17.2548007965088,39.8633
180.960006713867,123.43118
39.3600006103516,23.564869
-58.4459991455078,-67.06157
-2.32760000228882,-0.95877296
-3.60240006446838,-0.95877296
-22.1280002593994,-13.377164
3.88800001144409,5.001663
-14.6040000915527,-10.735264
45.7200012207031,51.22078
-9.09039974212646,7.700752
2.88000011444092,35.536343
89.9548034667969,37.193146
6.23999977111816,14.800687
12.0,28.209011
27.5799999237061,64.949036
15.75,32.38477
9.4399995803833,-31.789082
50.0519981384277,28.531944
-0.819000005722046,10.663815
6.75780010223389,-2.6079643
17.7000007629395,17.23696
8.44499969482422,11.503085
7.10099983215332,33.26669
95.7389984130859,49.228466
30.6900005340576,21.947464
1.28400003910065,2.3638465
3.07739996910095,7.265596
8.92199993133545,7.5052614
10.1999998092651,9.128697
9.30000019073486,12.005912
2.2260000705719,3.2172174
9.65999984741211,8.626231
4.45499992370605,5.965278
13.8683996200562,9.975894
40.1702003479004,32.898087
-34.3919982910156,-62.1657
3.46860003471375,5.0849257
129.059997558594,62.54475
26.3999996185303,17.724932
34.3800010681152,21.321486
-20.5020008087158,64.28839
8.57219982147217,7.756921
0.582799971103668,4.9318514
12.7746000289917,9.455598
2.46000003814697,3.842716
112.463996887207,32.818687
-15.8280000686646,-14.982059
-25.4519996643066,-13.637816
14.7600002288818,7.6347427
6.23999977111816,8.611913
59.9980010986328,44.72502
10.0080003738403,-18.383251
29.5739994049072,9.158998
3.05579996109009,4.893626
4.23920011520386,18.610289
9.93599987030029,8.224528
6.0479998588562,6.310555
47.7000007629395,36.33047
-2.16000008583069,-6.2477183
-47.5439987182617,-36.54762
-27.6959991455078,71.88621
-10.5600004196167,-30.29198
14.16100025177,13.759503
16.0200004577637,53.6721
13.8800001144409,7.7128353
-7.97399997711182,-13.150449
10.8039999008179,9.28245
11.0279998779297,-19.30283
-12.2639999389648,-5.568405
-10.9200000762939,-7.847466
-69.0899963378906,-42.51003
-10.3500003814697,-29.19886
3.43680000305176,6.8747425
-73.8000030517578,-49.076984
-131.119995117188,-120.09883
19.7600002288818,12.648715
10.5600004196167,6.4277854
1.29999995231628,3.3709962
5.09219980239868,6.3561993
-9.58800029754639,-13.962222
8.98299980163574,83.979065
-6.72300004959106,-10.708783
21.0653991699219,20.676191
31.4916000366211,23.830389
2.14000010490417,4.517154
-1.36080002784729,2.0824556
3.77430009841919,0.7585665
107.599998474121,65.56251
-13.6831998825073,-11.61348
66.1800003051758,29.13115
18.8999996185303,51.22078
-3.26399993896484,-7.708649
13.6499996185303,64.900604
52.6879997253418,38.564686
0.0,29.991446
80.6315994262695,67.2981
15.960000038147,65.48262
5.40000009536743,14.704346
1.91999995708466,48.006462
6.55200004577637,4.00399
8.27999973297119,6.1341248
30.8400001525879,17.86944
4.41739988327026,6.605035
6.59999990463257,16.202469
-2.75519990921021,-2.225209
6.36840009689331,4.173831
3.42000007629395,3.307312
12.9359998703003,37.968025
21.1499996185303,12.399967
4.76000022888184,6.554527
1.55480003356934,4.069033
2.88000011444092,-15.835639
-6.88000011444092,-4.5819063
89.4599990844727,53.162804
16.7360000610352,17.914999
0.839999973773956,25.629694
34.0499992370605,67.463615
108.599998474121,77.87213
-156.257995605469,-66.363144
2.84400010108948,-29.812775
64.6500015258789,48.066753
4.38000011444092,12.712965
3.42000007629395,4.264927
-30.6539993286133,15.220661
-33.3359985351563,-17.37227
5.5991997718811,9.231255
24.4979991912842,14.747721
66.5640029907227,42.34577
0.360000014305115,13.36101
8.77099990844727,7.7255573
-0.921000003814697,-5.812012
6.42000007629395,7.2965746
40.7999992370605,46.91889
19.793399810791,11.621719
-10.0349998474121,-8.204163
2.25119996070862,1.5545498
91.1999969482422,62.224274
14.3951997756958,8.550367
4.05719995498657,6.7796583
17.6399993896484,14.983259
73.6999969482422,104.64837
5.69999980926514,9.908581
3.24000000953674,6.8896503
6.71999979019165,29.78488
19.3199996948242,11.697018
93.4400024414063,55.9433
37.560001373291,28.495441
7.25759983062744,7.3314266
5.91359996795654,5.9949684
12.6000003814697,37.40732
0.0,58.941948
9.19999980926514,5.9058733
38.2799987792969,33.184353
8.16600036621094,3.2165437
8.27820014953613,9.999188
10.0920000076294,5.7387195
88.1100006103516,51.483616
131.354995727539,98.51095
33.9388008117676,27.996347
15.2901000976563,13.938058
3.11039996147156,6.9796724
61.3824005126953,49.95674
-10.3599996566772,-15.57022
7.91879987716675,18.959114
8.9399995803833,5.27644
-5.30399990081787,-12.658774
2.25,9.561706
34.6800003051758,25.821104
5.01599979400635,-41.942204
56.9244995117188,46.71453
6.22440004348755,6.1019964
6.63299989700317,7.8177676
129.119995117188,62.98848
78.4349975585938,39.00208
-7.39964008331299,-45.29788
14.5,16.07631
15.0,13.916456
9.96520042419434,7.9565988
23.1299991607666,21.108644
2.16000008583069,3.1960237
12.3579998016357,13.060096
94.5599975585938,134.20972
-3.50699996948242,25.798391
1.62000000476837,11.485916
19.4687995910645,18.423803
-6.42000007629395,-33.712337
13.9799995422363,6.748814
11.2503995895386,10.560037
4.01999998092651,6.893388
23.2259998321533,18.835876
2.18400001525879,4.6893473
4.33720016479492,12.118977
134.332992553711,111.34874
140.910003662109,94.51441
16.3199996948242,8.572347
5.48999977111816,7.144379
17.1678009033203,19.043888
4.65000009536743,17.988659
7.52839994430542,8.555167
36.8245010375977,25.262903
7.31319999694824,6.943719
15.4751996994019,18.67376
9.48149967193604,10.680331
15.0299997329712,8.541517
3.11039996147156,6.5474663
10.8809995651245,11.714691
8.64000034332275,6.5489187
7.02269983291626,5.4657726
17.3339996337891,18.507616
-71.1360015869141,-42.101566
-17.7600002288818,-17.436356
4.11509990692139,4.734
-35.9039993286133,-88.34574
1.44000005722046,3.1859574
18.7199993133545,12.924251
-5.03700017929077,-4.151785
-7.47599983215332,-10.925323
24.5400009155273,15.7376175
23.9983997344971,18.742434
27.7182006835938,21.27806
6.78000020980835,4.400649
-9.09000015258789,-10.285875
55.6800003051758,46.926975
6.23999977111816,4.2238617
-7.87200021743774,-11.262063
7.25759983062744,7.0909414
-8.99639987945557,5.9450345
23.9200000762939,14.57155
2.19600009918213,-7.742337
-338.940002441406,-100.11924
-161.111999511719,-120.434784
8.48880004882813,1.1725968
2.32200002670288,5.0531006
-10.3920001983643,-17.486597
-23.8740005493164,-17.004154
3.35240006446838,4.271703
30.5400009155273,41.8556
105.300003051758,113.36675
3.66599988937378,3.5594249
23.7119998931885,21.548506
9.0383996963501,8.966559
0.800000011920929,3.9903226
-8.39599990844727,-7.887718
88.0739974975586,57.398098
48.2879981994629,36.83184
-197.574996948242,-207.991
102.185997009277,65.43371
10.0530004501343,5.403535
-240.783996582031,-281.34012
-145.679992675781,-84.743095
-419.652008056641,-278.1996
97.0783996582031,95.689735
129.960006713867,82.239746
106.004997253418,36.874283
63.984001159668,57.365585
18.9899997711182,34.386963
2.27999997138977,5.713628
3.85199999809265,2.0898511
30.6000003814697,60.802433
0.599799990653992,8.647021
12.539999961853,9.902879
13.6440000534058,12.160049
6.22079992294312,7.9827266
33.5887985229492,32.35861
29.9640007019043,23.186132
5.20260000228882,3.4676306
-30.3419990539551,25.262642
0.0,6.0963135
9.02999973297119,10.183493
34.2000007629395,22.862242
21.7514991760254,33.91271
-6.53999996185303,-59.54246
4.30000019073486,17.266014
27.0599994659424,12.071683
36.810001373291,94.088425
36.0,29.276367
8.39999961853027,66.804886
2.93720006942749,3.1018894
-55.6080017089844,-33.23671
-13.3176002502441,-27.730724
8.86200046539307,8.186219
11.7360000610352,30.012781
-13.6440000534058,-31.956974
17.7000007629395,12.574558
6.11999988555908,52.284355
71.25,49.507793
3.42000007629395,3.9353244
14.3999996185303,15.729472
51.984001159668,22.948868
-1.23199999332428,-3.6964526
6.15000009536743,17.165344
20.8500003814697,18.349716
23.3840007781982,19.23147
2.93479990959167,6.8747425
7.50400018692017,0.8117693
45.689998626709,89.11278
-95.822998046875,56.527767
143.302993774414,77.30472
2.04800009727478,5.2170444
10.5600004196167,7.5787745
24.0599994659424,23.106636
70.1999969482422,50.632336
3.11039996147156,6.9796724
6.42000007629395,5.2713556
-75.5640029907227,-57.38544
19.9200000762939,43.8999
-100.919998168945,-98.075676
-86.3664016723633,-1.786272
23.0965003967285,22.257553
-1.49880003929138,11.42724
17.3600006103516,8.902921
-53.7919998168945,-69.26968
14.4096002578735,10.155613
-3.43199992179871,-4.289972
31.2735996246338,24.436935
16.1868000030518,12.307091
-135.936004638672,-98.18645
70.0800018310547,46.78898
-9.17879962921143,-9.196373
10.8864002227783,10.370746
47.9599990844727,23.90747
47.8440017700195,38.4991
8.0600004196167,5.8026357
-59.0570983886719,-67.08233
63.2799987792969,32.59641
-0.0299999993294477,-7.8182235
-48.3919982910156,-61.880173
28.6578006744385,28.50564
18.6093006134033,8.949873
31.3799991607666,28.802137
39.4000015258789,48.06051
58.4962005615234,39.19025
12.0,15.670165
131.100006103516,63.059895
0.688000023365021,-9.867041
8.03999996185303,6.8310404
74.2799987792969,42.877018
7.61999988555908,9.477348
3.74079990386963,4.9257207
41.0400009155273,49.37023
11.9399995803833,10.785063
4.94999980926514,4.3523045
2.33999991416931,3.8870442
16.4699993133545,11.033392
16.8544006347656,19.852613
12.4902000427246,5.817814
1.79999995231628,26.442865
-111.624000549316,-88.89438
31.2831993103027,34.761044
11.7600002288818,10.529969
35.2799987792969,23.869978
8.92080020904541,10.045984
162.839004516602,88.594124
2.21399998664856,4.661434
10.6590003967285,4.8418717
226.800003051758,130.43707
81.0474014282227,66.33022
57.4113006591797,55.174156
-35.5211982727051,-39.24691
73.4100036621094,59.2158
1.77390003204346,4.501239
-93.3262023925781,-65.276146
40.312801361084,49.34641
-44.2350006103516,1.6852852
-7.11899995803833,6.532271
5.59999990463257,3.3255582
2.51999998092651,7.2498293
11.206000328064,14.844436
-44.1749992370605,-4.5996222
7.7039999961853,9.801134
1.47000002861023,24.383184
37.5624008178711,33.862034
217.64599609375,112.61065
132.990005493164,134.37215
1.3400000333786,5.0581245
2.83400011062622,-2.420403
6.55200004577637,7.157323
1.55999994277954,20.294554
-2.95659995079041,4.284933
18.3299999237061,12.118512
0.660000026226044,3.430884
83.6880035400391,38.88388
4.24200010299683,4.418879
2.13000011444092,3.430884
2.24000000953674,7.1236405
3.44000005722046,5.27644
1.5,5.823476
4.59999990463257,15.487815
3.76419997215271,6.13542
45.060001373291,44.084885
6.07999992370605,5.1198745
4.11479997634888,5.353846
3.46199989318848,4.9379215
12.4799995422363,14.729961
38.0800018310547,55.968544
48.3600006103516,45.88463
0.879999995231628,5.27644
46.2249984741211,33.729504
-207.011993408203,-151.94019
37.0,21.201607
-38.0999984741211,-31.40703
18.1599998474121,9.477348
4.14480018615723,0.8733239
6.46799993515015,7.8122287
12.5989999771118,24.85549
2.7260000705719,4.6658936
9.07199954986572,8.683922
6.42000007629395,4.3453903
54.1199989318848,50.75464
-27.3419990539551,-56.552963
-0.828000009059906,-6.48442
21.2999992370605,71.136024
18.6000003814697,14.127474
50.0999984741211,87.89187
-2.69970011711121,11.270369
31.7999992370605,20.294554
3.94740009307861,2.7845886
38.1599998474121,20.294554
-15.0875997543335,-12.607377
204.899993896484,139.02016
-32.226001739502,-17.538824
4.28039979934692,5.7310743
-80.4660034179688,-58.474087
-23.8950004577637,-13.227938
-24.4139995574951,-13.665119
-6.82200002670288,-15.905582
5.86959981918335,8.037991
-8.78400039672852,-6.663024
-356.664001464844,-309.53784
-18.1919994354248,-24.991756
13.4799995422363,12.620519
-9.3120002746582,-30.26406
4.44000005722046,10.457704
-63.5850982666016,-107.67214
9.0600004196167,5.2133174
4.51200008392334,-0.09225437
-15.4160003662109,-14.336616
3.77999997138977,15.044833
27.4855995178223,23.089111
31.0445995330811,71.008255
122.940002441406,61.267086
-46.7970008850098,-66.952194
-14.9736003875732,-12.315316
41.021598815918,37.78892
0.0,-32.7469
11.2229995727539,10.530941
14.1700000762939,7.0981574
22.153600692749,21.843334
-7.82250022888184,-6.4219193
-25.2185001373291,-26.875315
6.25500011444092,10.1861725
17.3148002624512,14.493088
33.3899993896484,28.01931
12.2327995300293,18.244905
12.5459995269775,15.2631445
-20.6963996887207,18.128368
10.3500003814697,16.419573
-79.4879989624023,-102.17056
-14.6879997253418,14.760953
-4.83920001983643,31.26941
18.4200000762939,14.949253
68.7600021362305,65.60305
3.42000007629395,3.329111
9.70380020141602,8.966559
-81.7950973510742,-83.36368
0.300000011920929,4.4953995
2.28600001335144,1.3479539
33.8400001525879,33.488857
-8.67199993133545,-5.8691397
4.32000017166138,32.968525
1.91999995708466,13.594601
2.95679998397827,4.323722
20.8799991607666,20.104296
-9.30000019073486,-5.8878117
20.1207008361816,17.734468
3.59999990463257,15.782763
6.22079992294312,7.9827266
5.75939989089966,-0.436708
7.38719987869263,8.7110615
3.55290007591248,3.083469
45.3488006591797,32.967445
-2.91799998283386,9.5123415
15.3887996673584,12.314526
14.7581996917725,22.52112
4.31759977340698,-3.3404007
31.4699993133545,25.708853
-559.356018066406,-368.1069
28.3094997406006,27.984232
23.6529006958008,18.388952
4.11250019073486,3.4873228
-22.9479999542236,-36.307854
-4.81799983978271,-3.4596817
-4.2480001449585,-5.920106
109.611000061035,102.28423
-14.539999961853,-11.062414
-533.731994628906,-521.6174
-14.5763998031616,-0.6848054
-6.50759983062744,-4.6898923
8.47360038757324,4.8618608
15.6000003814697,10.404242
5.77799987792969,27.06645
9.66320037841797,10.388648
9.96000003814697,4.11602
1.24800002574921,3.2934153
64.0,99.254654
111.774002075195,76.82095
